@id;META_DESCRIPTION;SEO_TITLE
89332;Dámské šaty tunika s krátkým rukávem ze 95% viskózy, velikosti S–L. Pohodlný střih italské módy pro každodenní nošení. Objednejte online.;Dámské šaty tunika krátký rukáv S-L | VMObleceni.cz
89356;Letní dámské šaty ITALSKá MóDA IM617013 v one size z 100% polyesteru. Dostupné v černé, bílé a blědomodré barvě. Lehké a pohodlné na léto.;Dámské letní šaty one size | VMObleceni.cz
91477;Dlouhé letní šaty bez rukávů z viskózy s elastanem, velikosti S–L. Dostupné v černo-bílé a modro-bílé. Pohodlný střih pro léto. Objevte italskou módu.;Dlouhé letní šaty bez rukávů dámské S-L | VMObleceni.cz
91667;Letní dámské šaty z italské módy, polyesterové, velikosti S–L. Lehké a pohodlné na léto. Objednejte nyní.;Letní dámské šaty S–L polyester | VMObleceni.cz
91682;Dámské šaty bez rukávů z italské módy, uni S/M. Polyester, viskoza, elastan. Elegantní střih pro každodenní nošení. Objednejte s rezervou na míru.;Dámské šaty bez rukávů S/M | VMObleceni.cz
91724;Dámská halenka s 3/4 rukávem ze 100% bavlny, velikosti L–3XL. Pohodlný střih pro nadrozměrné postavy. Objevte kvalitní volnočasové oblečení.;Dámská halenka 3/4 rukáv L-3XL | vmobleceni.cz
107855;Dlouhé plesové šaty z 100% polyesteru, velikosti 44–52, v černo-modré nebo černo-stříbrné barvě. Elegantní střih pro společenské příležitosti. Objednejte online.;Plesové šaty nadrozměrné 44-52 | vmobleceni.cz
107860;Plesové šaty s krátkým rukávem v žluté barvě, polyesterové, velikosti S–L. Elegantní střih pro společenské příležitosti. Objednejte online.;Plesové šaty krátký rukáv žluté S-L | vmobleceni.cz
107887;Elegantní plesové šaty dámské z 100% polyesteru, univerzální velikost S–L, červené. Lesklý materiál, propracovaný střih. Objednejte online.;Plesové šaty dámské S–L červené | vmobleceni.cz
107893;Elegantní dámské plesové šaty v červené barvě z 100% polyesteru. Klasický střih vhodný na společenské akce. Najděte svou ideální velikost.;Dámské plesové šaty červené | vmobleceni.cz
107917;Dámské šaty s krátkým rukávem a perličkami, 100% polyester, univerzální velikost S–M. Italský design, elegantní střih. Objednejte online.;Dámské šaty krátký rukáv s perličkami | vmobleceni.cz
107940;Dámské šaty bez rukávů z 100% polyesteru, velikost uni S–L. Dostupné v bílé a tmavě růžové barvě. Lehké a praktické šaty pro léto.;Šaty bez rukávů dámské S–L | vmobleceni.cz
108177;Elegantní dámské plesové šaty z 100% polyesteru, velikosti S–L. Ideální na společenské akce. Objednejte online.;Elegantní plesové šaty dámské S–L | vmobleceni.cz
108179;Dámské šaty bez rukávu z italské módy, polyesterové, velikosti S–L. Elegantní střih vhodný na různé příležitosti. Objednejte si s rezervou na velikost.;Dámské šaty bez rukávu S-L | vmobleceni.cz
108202;Elegantní plesové šaty z 100% polyesteru v univerzální velikosti S/L. Ideální pro dámy na společenské akce. Objednejte si dnes.;Plesové šaty dámské S/L polyester | vmobleceni.cz
109036;Elegantní dámské šaty s flitry z 100% polyesteru, vel. S–L. Lesklý střih pro slavnostní příležitosti. Objevte kolekci ITALSKÁ MODA.;Šaty elegantní dámské s flitry S–L | vmobleceni.cz
109044;Letní krajkové šaty v červené barvě, elegantní střih, polyester, univerzální velikost S/L. Ideální pro dámy, které hledají lehké a rafinované oblečení. Vyberte si své oblečení.;Letní krajkové šaty dámské červené S/L | vmobleceni.cz
112649;Dámská sukně z 100% polyesteru, univerzální velikost S–M. Lehký materiál, praktický střih, snadná péče. Objednejte online.;Dámská sukně polyester S–M | vmobleceni.cz
115124;Dámské tílko halenka z 100% polyesteru, univerzální velikost S/L. Lehké, vzdušné, snadné na údržbu. Ideální na léto či jako vrstva pod bundu.;Dámské tílko halenka S/L polyester | vmobleceni.cz
115668;Dámské bolerko z italské módy, 100% polyester, univerzální střih. Lehké a pružné, ideální vrstva do chladnějších dnů. Najdi svou velikost.;Bolerko dámské italská móda 7044 | vmobleceni.cz
116454;Dámské plátěné kalhoty one size MODA ITALY z 100% polyesteru. Pohodlný střih s rezervou na nošení. Vyberte si větší velikost než jsou vaše míry.;Dámské plátěné kalhoty one size | vmobleceni.cz
116469;Dámské tenké letní kalhoty z 100% polyesteru, velikosti S–L. Lehké, vzdušné, ideální na léto. Objednejte nyní.;Dámské letní kalhoty S–L | vmobleceni.cz
117680;Dámské kalhoty aladinky harémky z 100% polyesteru, univerzální velikost S–L. Pohodlný střih, italská móda. Objednejte si hoje.;Kalhoty aladinky harémky dámské S–L | vmobleceni.cz
118063;Dámské šaty s krátkým rukávem z 100% polyesteru, univerzální velikost S–L. Pohodlný střih, jednoduchá péče. Objednejte online.;Dámské šaty krátký rukáv S-L | vmobleceni.cz
118064;Dámské šaty H.LIESEL z 100% polyesteru, univerzální velikost S/L. Lehké a praktické na každodenní nošení. Objednejte online.;Dámské šaty H.LIESEL S/L | vmobleceni.cz
118786;Dámská košile s proužky, 3/4 rukáv, polyesterová, velikosti M–2XL. Italská móda s volným střihem pro pohodlné nošení. Vyberte si svou velikost.;Dámská košile proužek 3/4 rukáv M–2XL | vmobleceni.cz
122947;Plesové šaty s pružnou gumou na zúžení pása, 100% polyester, univerzální střih. Elegantní dámské šaty na společenské příležitosti. Vyberte si správnou velikost.;Plesové šaty s gumou na pas | vmobleceni.cz
123420;Dlouhý dámský svetr z 100% polyesteru, univerzální střih, měkký a odolný materiál. Vhodný pro každodenní nošení. Zvolte větší velikost pro pohodlný fit.;Dlouhý dámský svetr polyester | vmobleceni.cz
123879;Dámské šaty sifónové s odhalenými ramenami z 100% polyesteru. Univerzální střih pro velikosti XS až S. Elegantní letní model s italským designem.;Dámské šaty sifónové s odhalenými ramenami | vmobleceni.cz
126062;Dámské tílko bez rukávů z polyesteru a elastanu. Lehké, pružné a snadno se stará. Volný střih pro pohodlí. Vyberte si svou velikost.;Dámské tílko bez rukávů polyester | vmobleceni.cz
126244;Dámský overal s krátkým rukávem a dlouhými nohavicemi z viskózy s elastanem, univerzální velikost S/L. Pohodlný střih pro každodenní nošení. Objednejte si ho nyní.;Dámský overal krátký rukáv dlouhé nohavice S/L | vmobleceni.cz
126248;Elegantní dámský overal bez rukávů z polyesteru se strečem, univerzální velikost S/L. Pohodlný střih pro různé příležitosti. Objednejte si nyní.;Dámský overal bez rukávů MODA ITALY | vmobleceni.cz
126588;Dámské šaty na ramienka z černé čipky, 100% polyester. Elegantní střih pro XS-S velikosti. Italská móda s jemným vzorem. Objednejte online.;Dámské šaty na ramienka čipka černé | vmobleceni.cz
126593;Dámské šaty bez rukávů ITALSKÁ MÓDA z 100% polyesteru. Univerzální střih pro klasický vzhled. Vyberte si správnou velikost podle našeho průvodce.;Dámské šaty bez rukávů | vmobleceni.cz
126608;Dámské šaty na ramínka z krajky, 100% polyester, univerzální střih XS–S. Elegantní italský design ITALSKÁ MÓDA pro každodenní nošení i slavnostní chvíle.;Dámské šaty na ramínka krajka | vmobleceni.cz
126609;Elegantní letní šaty se spadnutými rameny, 95% viskóza, jednobarevné, univerzální střih. Pohodlné a vzdušné na léto. Objevte ITALSKOU MÓDU.;Letní šaty spadnutá ramena | vmobleceni.cz
126767;Dámské šaty s krátkým rukávem z 95% bavlny a 5% elastanu. Pohodlný střih pro všechny velikosti. Objevte italský design na vmobleceni.cz.;Dámské šaty krátký rukáv bavlna | vmobleceni.cz
127944;Dlouhý dámský kožíšek z 100% polyesteru, univerzální střih. Elegantní kabátek pro všechny příležitosti. Vyberte si své oblečení teď.;Dámský kožíšek dlouhý rukáv | vmobleceni.cz
127963;Letní dámské šaty s knoflíky z 95% viskózy a 5% elastanu, velikosti XS–3XL. Vzdušný střih vhodný pro teplo, s elastickou tkaninou. Objednejte nyní.;Letní dámské šaty s knoflíky | vmobleceni.cz
137216;Letní dámské šaty s knoflíky z 95% viskózy a 5% elastanu, velikosti XS–3XL. Vzdušný střih vhodný pro teplo, s elastickou tkaninou. Objednejte nyní.;Letní dámské šaty s knoflíky | vmobleceni.cz
129252;Dámské šaty s knoflky AFASHION AF19009, 100% polyester, velikosti S–L. Elegantní střih pro každodenní nošení. Objednejte online.;Dámské šaty s knoflky S–L | vmobleceni.cz
129488;Tenký dámský svetr s dlouhým rukávem z polyesteru, univerzální velikost L-XL. Elegantní střih italské značky vhodný na vrstvu i samostatně. Objevte v červené barvě.;Dámský svetr tenký dlouhý rukáv L-XL | vmobleceni.cz
129493;Dámský úpletový svetr s všitou čipkou z 100% polyesteru. Univerzální střih pro konfekční velikosti XS–S. Elegantní vínová barva. Pohodlný svetr pro každodenní nošení.;Dámský svetr úpletový s čipkou | vmobleceni.cz
129649;Dámské šaty s dlouhým rukávem z 100% polyesteru, velikosti S–XL. Černé šaty na každý den s pohodlným střihem. Objednejte online.;Dámské šaty dlouhý rukáv S–XL | vmobleceni.cz
129653;Plesové šaty dámské AFASHION AF19020 z 100% polyesteru v černé a červené barvě. Elegantní střih pro společenské příležitosti. Najděte svou velikost.;Plesové šaty dámské elegantní | vmobleceni.cz
129657;Sexy mini šaty dámské AFASHION AF18208 v černé barvě. Polyester s bavlnou a elastanem, vel. S. Pohodlný střih pro večerní výstup.;Sexy mini šaty dámské černé S | vmobleceni.cz
130448;Bavlněná dámská košile GLO-STORY v čistě bavlně, velikosti XS–L. Prodyšný střih s přirozeným vzhledem pro každodenní nošení. Objednejte si kvalitní košili online.;Bavlněná dámská košile XS–L | vmobleceni.cz
130812;Dámské šaty s dlouhým rukávem a skládanou sukní z viskózy se strečem. Univerzální střih, délka 100 cm, přes prsa 86 cm. Pohodlné na každodenní nošení i společenské příležitosti.;Dámské šaty dlouhý rukáv sklád sukně | vmobleceni.cz
130908;Dámská košile s 3/4 rukávem z 100% bavlny, univerzální střih, italský design. Pohodlná a vzdušná pro každodenní nošení. Najděte svou velikost.;Dámská košile 3/4 rukáv bavlna | vmobleceni.cz
131710;Tenký dámský svetr s 3/4 rukávy z polyesteru, univerzální velikosti. Lehký střih pro jarní a podzimní nošení. Objednejte online.;Dámský svetr 3/4 rukáv tenký | vmobleceni.cz
132101;Dámské šaty s kapucí AFASHION AF18209 z 100% polyesteru. Pohodlný střih vhodný pro každodenní nošení, černá barva. Objednejte nyní.;Dámské šaty s kapucí černé | vmobleceni.cz
132107;Dámské šaty s dlouhým rukávem z 95% bavlny a 5% elastanu. Pohodlný střih pro všechny velikosti. Italská móda s kvalitou a pohodlím.;Dámské šaty dlouhý rukáv bavlněné | vmobleceni.cz
132131;Dámské košilové šaty s kostkovaným vzorem, 3/4 nebo dlouhý rukáv, 100% polyester. Pohodlný střih pro všechny postury. Objednejte online.;Dámské košilové šaty kostkované | vmobleceni.cz
132136;Dámské kostkované šaty s 3/4 rukávem v černo-bílé barvě. Střih pro každodenní nošení, 100% polyester. Velikosti XS–3XL.;Dámské kostkované šaty 3/4 rukáv | vmobleceni.cz
133419;Elegantní dámské plesové šaty s žabičkami vzadu, polyester s elastanem, univerzální střih. Ideální na ples a slavnostní akce. Objednejte online.;Dámské plesové šaty s žabičkami | vmobleceni.cz
133425;Elegantní krátké dámské šaty s čipkou, polyesterové, velikost S/M. Ideální na večer či slavnostní příležitost. Objednejte si nyní.;Elegantní krátké šaty s čipkou S/M | vmobleceni.cz
134721;Dámský pletený svetr s dlouhým rukávem z 100% polyesteru, velikost S/M. Teplý, snadno udržovatelný svetr pro každodenní nošení. Objednejte online.;Dámský pletený svetr dlouhý rukáv S/M | vmobleceni.cz
134733;Dámské tepláky ITALSKÁ MÓDA z 100% polyesteru, univerzální velikost S/M. Pohodlné, lehké a ľahko se péčují. Objevte kvalitní tepláky pro každodenní nošení.;Dámské tepláky ITALSKÁ MÓDA S/M | vmobleceni.cz
134738;Letní dámské šaty s krátkým rukávem z 100% polyesteru, velikosti S–L. Lehké, prodyšné a pohodlné na nošení. Vyberte si svůj styl.;Dámské letní šaty krátký rukáv S–L | vmobleceni.cz
134825;Letní dámské šaty na ramínka z 100% polyesteru, krémové barvy, velikosti S–XL. Lehké a vzdušné pro teplé dny. Objednejte online.;Letní šaty na ramínka dámské krémové S–XL | vmobleceni.cz
134920;Elegantní dámské šaty s puntíkem, krátký rukáv, polyester s elastanem. Univerzální střih na prsa 41 cm, délka 88 cm. Najděte svou velikost.;Dámské šaty puntík krátký rukáv | vmobleceni.cz
135558;Letní šaty ITALSKÁ MÓDA ze 90% polyesteru a 10% lycry, univerzální velikost S/M. Elastický střih s pohodlnou rezervou. Ideální na teplé dny.;Letní šaty ITALSKÁ MÓDA S/M | vmobleceni.cz
135822;Jednoduché polyesterové šaty ITALSKÁ MÓDA v univerzální velikosti. Pohodlný střih, odolný materiál, ideální na každodenní nošení. Najděte svou velikost.;Šaty dámské polyester ITALSKÁ MÓDA | vmobleceni.cz
136002;Dámská košile s dlouhým rukávem ze 100% tencel, bavlněný vzhled s měkkým spadem. Univerzální střih XS–XXL. Prodyšná a pohodlná na nošení.;Dámská košile dlouhý rukáv tencel | vmobleceni.cz
136023;Dlouhá elegantní dámská vesta bez rukávů z polyesteru s elastanem, univerzální velikost M/L, šírka zad 46,5 cm. Stylová doplňující kus s Black Friday slevou.;Dlouhá dámská vesta bez rukávů M/L | vmobleceni.cz
136528;Letní šaty bez rukávů z viscózy s elastanem, mentolová barva, univerzální velikost. Pohodlný střih pro teplé dny. Objednejte online.;Letní šaty bez rukávů mentolová | vmobleceni.cz
136552;Dlouhé letní dámské šaty z viskózy s elastanem, jednoduché střihu s krátkým rukávem. Vzdušné a pohodlné na léto. Objednejte online.;Dlouhé letní dámské šaty viskóza | vmobleceni.cz
136561;Dámské šaty s krátkým rukávem z 100% polyesteru, univerzální střih. Pohodlné, odolné a praktické pro každodenní nošení. Výběr velikostí od S do 3XL.;Dámské šaty krátký rukáv polyester | vmobleceni.cz
136576;Dámské letní šaty s krátkým rukávem z lehkého polyesteru (95% polyester, 5% elastan), univerzální velikost. Pohodlný střih pro teplé dny. Objevte kolekci;Dámské šaty krátký rukáv letní | vmobleceni.cz
136595;Dlouhé letní šaty bez rukávů s motivem listů, polyester s elastanem, univerzální velikost. Pohodlný střih pro dámy. Objevte kolekci ITALSKÁ MÓDA.;Dlouhé letní šaty bez rukávů listy | vmobleceni.cz
136604;Letní dámské šaty bez rukávů s květinovým vzorem, polyesterové, velikost M/L. Ideální pro teplé dny. Objednejte si své oblíbené letní šaty.;Dámské letní šaty bez rukávů | vmobleceni.cz
136611;Dlouhé letní šaty bez rukávů s pruhy, polyester s elastanem, velikosti S–XL. Pohodlný střih pro letní dny. Italská móda.;Dlouhé letní šaty bez rukávů pruhy S-XL | vmobleceni.cz
136639;Dámské šaty na ramienka z 100% polyesteru, univerzální velikost. Lehké, pohodlné a praktické. Vyberte si svou ideální velikost na vmobleceni.cz.;Dámské šaty na ramienka | vmobleceni.cz
136755;Letní dámské šaty s krátkým rukávem, 100% polyester, univerzální velikost M/L. Pohodlný střih pro teplé dny. Vyberte si online.;Letní dámské šaty krátký rukáv M/L | vmobleceni.cz
136774;Letní dámské šaty s krátkým rukávem, polyester s elastanem, vel. S/M. Pohodlný střih, prodyšný materiál pro teplé dny. Nakupujte na vmobleceni.cz.;Letní šaty dámské krátký rukáv S/M | vmobleceni.cz
136775;Letní dámské šaty bez rukávů z viskózy s elastanem, univerzální velikost S/M. Měkký, prodyšný materiál pro léto. Objednejte online.;Letní dámské šaty bez rukávů S/M | vmobleceni.cz
136780;Dámské šaty 3/4 rukáv ESILLA v růžové barvě, univerzální velikost S/M. Polyesterové s elastanem, pohodlný střih. Objednejte online.;Šaty 3/4 rukáv dámské S/M růžová | vmobleceni.cz
136800;Letní dámské šaty ITALSKÁ MÓDA z 95% bavlny s elastanem, univerzální střih. Pohodlné, prodyšné a vhodné pro všechny příležitosti. Objednejte nyní.;Letní dámské šaty bavlněné | vmobleceni.cz
136889;Dlouhé letní šaty bez rukávů AMBITIONFLY z polyesteru s elastanem, velikosti S–XXL. Vzdušné a pohodlné pro teplé dny. Objevte kolekci.;Dlouhé letní šaty bez rukávů S–XXL | vmobleceni.cz
136891;Dlouhé letní šaty bez rukávů z elastického polyesteru, univerzální velikost. Vzdušné dámské šaty na léto s pohodlným střihem. Objednejte si je nyní.;Dlouhé letní šaty bez rukávů | vmobleceni.cz
136943;Dámská tunika bez rukávů s pruhy, 100% polyester, velikost S-M. Lehká a vzdušná blúzka pro léto. Objednejte online.;Dámská tunika bez rukávů pruh S-M | vmobleceni.cz
137164;Dámské šaty košile s 3/4 rukávem, kostka vzor, 100% viskoza, univerzální velikost S/M. Pohodlný střih pro všechny příležitosti. Objednejte online.;Dámské šaty kostka 3/4 rukáv | vmobleceni.cz
137295;Dámské rifle jeans s vysokým pásom, 100% polyester, velikosti S–XL. Klasický střih pro všechny příležitosti. Vyberte si svou velikost nyní.;Dámské rifle jeans vysoký pas S–XL | vmobleceni.cz
137345;Dlouhé koženkové legíny z italské módy, bavlněná směs (60% bavlna, 35% nylon, 5% spandex), velikosti M–XL. Pohodlný střih s elastickou páskou. Objednejte nyní.;Dlouhé koženkové legíny dámské M–XL | vmobleceni.cz
137642;Dlouhý dámský svetr jako šaty z viskózy, vlny a elastanu. Francouzský střih, pohodlný a elegantní. Skladem v různých velikostech.;Dlouhý dámský svetr jako šaty | vmobleceni.cz
138165;Dámské košeľové šaty s 3/4 rukávem, polyester s elastanem, velikost S/M. Elegantní střih pro každodenní nošení. Objednejte na vmobleceni.cz.;Dámské košeľové šaty 3/4 rukáv S/M | vmobleceni.cz
138170;Elegantní společenské šaty z 100% polyesteru, univerzální střih pro velikosti XS–S. Ideální pro večerní příležitosti, vhodné pro postavu s normální až štíhlejší postavou. Objednejte online.;Elegantní společenské šaty dámské | vmobleceni.cz
138186;Dámské letní šaty s holými rameny z 100% bavlny, univerzální velikost S/M. Italský střih pro štíhlou i kulatější postavu. Ideální na léto.;Dámské letní šaty s holými rameny S/M | vmobleceni.cz
138193;Letní dámské šaty s krátkým rukávem na ramená, velikost S/M. Polyester, viskoza, elastan – měkké, elastické, pohodlné. Najděte svůj styl.;Dámské letní šaty na ramená S/M | vmobleceni.cz
138218;Krajkové krátké šaty dámské z 100% bavlny, univerzální velikost S/M. Elegantní střih pro denní nošení i společenské příležitosti. Objevte na vmobleceni.cz.;Krajkové krátké šaty dámské S/M | vmobleceni.cz
138219;Krajkové krátké šaty z 100% bavlny, univerzální velikost S/M. Italská móda s jemným střihem pro ženy. Pohodlné a vzdušné na léto i společenské příležitosti.;Krajkové krátké šaty dámské S/M | vmobleceni.cz
138225;Letní dámské šaty s krátkým rukávem a odhalenými rameny z 95% bavlny. Univerzální velikost S/M. Pohodlné a vzdušné pro horké dny.;Letní šaty krátký rukáv odhalená ramena S/M | vmobleceni.cz
138238;Letní dámské šaty z čipky, 100% bavlna, univerzální velikost S/M. Vzdušné, elegantní, ideální na teplé dny. Objednejte online na vmobleceni.cz.;Letní šaty čipka dámské S/M | vmobleceni.cz
138250;Letní dámské šaty bez rukávů z bavlny a nylonu, univerzální velikost S/M. Vzdušné a pohodlné pro horké dny. Objevte kolekci značky ITALSKÁ MÓDA.;Letní dámské šaty bez rukávů S/M | vmobleceni.cz
138293;Letní dámské šaty bez rukávů z 100% viskózy, univerzální velikost M/L. Vzdušné a měkké, ideální na horké dny. Objednejte nyní.;Letní dámské šaty bez rukávů M/L | vmobleceni.cz
138496;Dámská košile 3/4 rukáv z 100% viskózy v neónové barvě s páskem. Lehká a vzdušná, ideální na léto. Univerzální velikost S–M. Objevte ji nyní.;Dámská košile 3/4 rukáv neón | vmobleceni.cz
138810;Letní šaty dámské S–M z italské módy, polyester s elastanem, krátký střih. Pohodlné a prodyšné pro teplé dny. Objednejte nyní.;Letní šaty dámské S–M | vmobleceni.cz
138963;Tenká dámská mikina s dlouhým zipem, 100% polyester, prodloužený střih. Univerzální velikost. Pohodlná na nošení i vrstvení.;Mikina dámská s zipem prodloužená | vmobleceni.cz
139993;Dlouhé letní dámské šaty z 100% viskózy, velikosti M–L. Vzdušný střih italské módy pro teplé dny. Objednejte nyní.;Dlouhé letní dámské šaty M/L 100% viskóza | vmobleceni.cz
140052;Elegantní společenské šaty z polyesteru s elastanem, univerzální střih na postavy XS–S. Pohodlné, pružné, ideální na večer a oslavy. Vyberte si své.;Elegantní společenské šaty dámské | vmobleceni.cz
140059;Letní krátké dámské šaty s proužky, materiál polyester-viskóza-elastan, velikost uni S/M. Vzdušné a pružné šaty pro léto. Vyberte si své.;Letní krátké šaty dámské proužek S/M | vmobleceni.cz
140547;Letní dámské šaty s čipkou, 100% polyester, měkký a prodyšný materiál. Ideální na teplé dny. Najděte svou velikost v našem sortimentu.;Letní dámské šaty s čipkou | vmobleceni.cz
141281;Dámské tričko s krátkým rukávem ze 100% viskózy, lehké a vzdušné. Univerzální střih XS–XXL. Italská móda pro každodenní nošení.;Dámské tričko krátký rukáv 100% viskóza | vmobleceni.cz
142219;Letní šaty carmen s odhalenými ramenami, dlouhé, z polyesteru se spandexem. Velikosti S–2XL. Elegantní střih pro dámy s pohodlnou elastickou tkaninou.;Šaty carmen letní dlouhé odhalená ramena S-2XL | vmobleceni.cz
142270;Letní saténové šaty bez rukávů v univerzální velikosti S/M z polyesteru s elastanem. Elegantní střih pro každodenní nošení. Objednejte si své oblíbené šaty online.;Letní saténové šaty bez rukávů S/M | vmobleceni.cz
142324;Dámská tunika s 3/4 rukávem a odhalenými rameny z viskózy, velikost S–M. Italský střih, vzdušný materiál 95 % viskóza. Vhodná pro volný styl.;Dámská tunika s 3/4 rukávem | vmobleceni.cz
154264;Letní dámské šaty s krátkým rukávem, 100% polyester, vel. M/L. Pohodlný střih pro teplé dny. Objednejte nyní.;Letní šaty dámské krátký rukáv M/L | vmobleceni.cz
154282;Dámské šaty s krátkým rukávem, uni velikost M/L, z polyesteru a viskózy. Pohodlný střih italské módy. Vyberte si své ideální šaty.;Dámské šaty krátký rukáv M/L | vmobleceni.cz
154787;Dámské plátěné tříčtvrtáky ITALSKá MóDA, viscosa s elastanem, letní střih unisex S/M. Vzdušné kraťasy na léto do vašeho šatníku.;Dámské tříčtvrtáky plátěné S/M letní | vmobleceni.cz
155325;Letní dlouhé dámské šaty z 100% bavlny, univerzální velikost S/M. Pohodlný střih tureckého designu pro všechny tělesné typy. Objevte kolekci.;Letní dlouhé dámské šaty S/M bavlna | vmobleceni.cz
155327;Dlouhé letní šaty dámské z 100% bavlny, střih uni S/M. Lehké, vzdušné a pohodlné pro teplé dny. Vyberte si svůj styl.;Letní šaty dámské dlouhé | vmobleceni.cz
155330;Letní dámská tunika s 3/4 rukávem, polyesterová, univerzální velikost M/L. Lehký střih pro teplé dny. Objednejte online.;Dámská tunika letní 3/4 rukáv M/L | vmobleceni.cz
156037;Letní dámské šaty s odhalenými rameny a knoflíky, 100% polyester, velikosti S–XL. Vzdušný střih pro teplé dny. Objednejte online.;Letní šaty s odhalenými rameny dámské | vmobleceni.cz
156054;Dlouhé letní šaty na ramínka s knoflíky, 100% polyester, velikosti S–XL. Lehké a vzdušné pro horké dny. Vyberte si svou velikost.;Dlouhé letní šaty na ramínka | vmobleceni.cz
156073;Dlouhé letní šaty na ramínka s perličkami, 100% polyester, velikosti S–L. Ideální pro teplé dny a slavnostní příležitosti. Objednejte si dnes.;Dlouhé letní šaty s perličkami S-L | vmobleceni.cz
156136;Elegantní dlouhé dámské kalhoty se skládaným střihem, polyester s elastanem, univerzální velikost M/L. Klasický střih pro všechny příležitosti.;Elegantní dlouhé kalhoty dámské M/L | vmobleceni.cz
156600;Krátké letní šaty dámské z 100% polyesteru, univerzální střih S–L. Ideální pro letní dny a casual nošení. Koupit nyní.;Šaty krátké letní dámské S–L | vmobleceni.cz
156775;Letní dámské šaty na ramínka z 100% viskózy, velikost uni S/M. Vzdušné, příjemné na kůži, ideální na horké dny. Objednejte online.;Letní šaty dámské na ramínka S/M | vmobleceni.cz
157049;Dámské tepláky 3/4 v univerzální velikosti S/M, 95% bavlna s elastanem. Pohodlný střih pro běžné nošení. Objednejte online.;Dámské tepláky 3/4 S/M bavlněné | vmobleceni.cz
157056;Dámské letní kraťasy 3/4 s květovaným vzorem, bavlněné (95% bavlna, 5% elastan), velikost S/M. Pohodlný střih pro horké dny. Objednejte na vmobleceni.cz.;Dámské kraťasy 3/4 květované letní S/M | vmobleceni.cz
157137;Dámská tunika tričko s odhalenými rameny z 100% viskózy, velikost uni S/M. Vzdušná italská móda na léto. Objevte v našem e-shopu.;Dámská tunika s odhalenými rameny S/M | vmobleceni.cz
157271;Letní dámské šaty bez rukávů, krátký střih, polyester, univerzální velikost S/M. Elegantní italský design pro každý den. Objednejte na vmobleceni.cz;Letní šaty bez rukávů krátké dámské S/M | vmobleceni.cz
157285;Letní dámské šaty na ramínka s proužkem a mašlí. Bavlněné (92% bavlna, 8% elastan), velikost S/M. Ideální pro teplé dny. Objednejte online.;Letní šaty na ramínka proužek mašle S/M | vmobleceni.cz
157451;Dámské tepláky se zipy, bavlna s elastanem, univerzální velikost S/M. Pohodlné, pružné, ideální na sport i volný čas. Objednejte na vmobleceni.cz.;Dámské tepláky se zipy S/M | vmobleceni.cz
157671;Růžové letní šaty s perličkami a krátkým rukávem z polyesteru, velikosti S–L. Elegantní dámské šaty na léto s dekorativními perličkami. Najděte svůj styl.;Letní šaty s perličkami krátký rukáv | vmobleceni.cz
157818;Dámská košile s krátkým rukávem ze 100% viskózy, velikost M/L. Italská móda s měkkým a vzdušným střihem ideální na léto. Objevte komfort a styl.;Dámská košile krátký rukáv viskóza M/L | vmobleceni.cz
158024;Letní dámské šaty na ramínka s krajkou, viscosa s bavlnou, univerzální velikost S–L. Vzdušné a elegantní. Objednejte si své oblíbené letní šaty.;Dámské šaty na ramínka krajka S–L | vmobleceni.cz
158033;Letní dámské šaty na široka ramínka z 100% polyesteru, velikosti XL–3XL. Vzdušné italienské módní kousky pro ženy s výrazitější postavou. Objednejte online.;Letní šaty na široka ramínka XL-3XL | vmobleceni.cz
158201;Krátké letní šaty na ramínka z 100% viskózy, velikost XS/S, s módním střihem za krk. Ideální pro teplé dny. Objednejte nyní.;Krátké letní šaty na ramínka XS/S | vmobleceni.cz
158235;Letní šaty na ramínka z 100% bavlny, krátký střih, univerzální velikost S–M. Ideální pro teplé dny. Objednejte nyní.;Letní šaty na ramínka S–M bavlněné | vmobleceni.cz
158247;Letní dlouhé dámské šaty ITALSKá MóDA z polyesteru s elastanem, velikost uni S/M. Pohodlný střih pro léto. Objednejte online.;Letní dlouhé dámské šaty S/M | vmobleceni.cz
158258;Dlouhé letní dámské šaty na ramínka s puntíky, viskóza s elastanem, univerzální velikost S/M. Volný střih pro pohodlí. Skladem v černé a bílé.;Dlouhé letní šaty dámské na ramínka | vmobleceni.cz
158302;Krátké dámské šaty na ramínka v krémové barvě, velikost S/M. Polyesterové s elastanem pro pohodlný střih. Ideální na léto a společenské příležitosti.;Krátké šaty na ramínka dámské krémová S/M | vmobleceni.cz
158368;Dlouhé letní šaty z 100% viskózy, univerzální velikost S–M. Vzdušný střih italské módy ideální na horké dny. Pohodlné a elegantní.;Dlouhé letní šaty S-M viskóza | vmobleceni.cz
158500;Dlouhé dámské šaty na ramínka z 100% viskózy, univerzální velikost S–L. Elegantní střih italské módy s pohodlným sedením. Objevte ideální šaty na každou příležitost.;Dlouhé šaty na ramínka dámské S-L | vmobleceni.cz
158819;Krátké letní šaty dámské z italské módy, polyesterové, velikosti S–L. Lehké a vzdušné pro letní dny. Vyberte si ideální velikost.;Krátké letní šaty dámské S–L | vmobleceni.cz
158824;Letní dámské šaty na ramínka z viskózy s elastanem, velikost S/M. Vzdušné, příjemné a elegantní. Objevte italskou módu na vmobleceni.cz.;Letní šaty dámské na ramínka S/M | vmobleceni.cz
158825;Letní šifonové šaty na ramínka, velikost uni S/M, bílé, 95% polyester. Lehké a vzdušné pro teplé dny. Vyberte si nyní.;Letní šifonové šaty na ramínka bílé S/M | vmobleceni.cz
158828;Letní dámské šaty s krajkou, rayon-viscosa Mix (61/39), univerzální velikost M/L. Elegantní střih pro štíhlé postavy. Objednejte online.;Letní dámské šaty s krajkou M/L | vmobleceni.cz
159024;Letní šaty z 100% viskózy, univerzální velikost S/M, italský design. Vzdušné a pohodlné na teplé dny. Objevte v našem e-shopu.;Letní šaty dámské S/M viskóza | vmobleceni.cz
159025;Letní dámské šaty na široká ramínka ze 100% polyesteru, velikost S/M. Skládaný střih, vhodné na léto. Koupit online.;Letní šaty na ramínka S/M | vmobleceni.cz
159169;Letní dámské šaty na širokých ramínkách s proužkem, materiál viskóza a polyester, univerzální velikost S/M. Vzdušné a pohodlné pro teplejší dny. Objednejte nyní.;Letní šaty na širokých ramínkách dámské | vmobleceni.cz
159181;Letní dámské šaty v sizes S–L z polyesteru s elastanem. Lehký střih od polské značky CAL19002, vhodné na teplé dny. Najděte svou velikost.;Letní dámské šaty S-L | vmobleceni.cz
159190;Dlouhé letní šaty na ramínka z 100% viskózy, univerzální velikost S/M. Vzdušný střih ideální na teplé dny. Vyberte si v kvalitě ITALSKÁ MÓDA.;Dlouhé letní šaty na ramínka S/M modrá | vmobleceni.cz
159353;Dámské letní šaty s krátkým rukávem, květovaný vzor, bavlna s elastanem, univerzální velikost S/M. Pohodlný střih pro postavu 85-96 cm. Tmavě modrá barva. Objednejte si nyní.;Dámské letní šaty květované S/M | vmobleceni.cz
159408;Dámské letní tílko se šněrováním z bavlny (95%) s elastanem, univerzální vel. S/M. Vzdušné, pohodlné a zajímavě řešené. Objednejte online.;Dámské tílko se šněrováním letní S/M | vmobleceni.cz
159424;Dlouhá dámská sukně s páskem, velikost S-M, 95% polyester s elastanem. Elegantní střih pro každodenní nošení i společenské příležitosti. Objednejte online.;Dlouhá sukně dámská s páskem S-M | vmobleceni.cz
159515;Elegantní letní overal na ramínka z 100% polyesteru, velikost S/M. Dlouhý střih pro dámy, ideální na konference i volný čas. Objednejte si svůj overal nyní.;Elegantní letní overal dámský na ramínka | vmobleceni.cz
159547;Letní dámské šaty s odhalenými rameny, krátké, se šňůrkou, polyesterové, velikost S/M. Lehké a vzdušné na léto. Objednejte online.;Letní šaty s odhalenými rameny S/M | vmobleceni.cz
159611;Dlouhé letní dámské šaty s proužkem z viskózy a elastanu, univerzální velikost S–M. Elegantní střih italské módy pro štíhlou postavu. Objednejte nyní.;Dlouhé letní dámské šaty proužek S–M | vmobleceni.cz
159621;Letní dámské šaty bez rukávů z viskózy s elastanem, velikost S–M. Italská móda s volným střihem pro komfortní nošení v teplém počasí. Objednejte nyní.;Letní dámské šaty bez rukávů S–M | vmobleceni.cz
159635;Dlouhé letní šaty bez rukávů z elastického polyesteru, velikost S/M. Italská móda s klasickým střihem pro ženy. Pohodlné a vzdušné na léto.;Dlouhé letní šaty bez rukávů dámské S/M | vmobleceni.cz
159659;Tenké letní šaty dámské z polyesteru a viskózy, univerzální velikost M/L. Elegantní střih italské módy s jemným materiálem na léto. Pohodlné a vzdušné.;Tenké letní šaty dámské M/L | vmobleceni.cz
159693;Letní krátké šaty z 100% viskózy, rozměr uni S/M, délka 107 cm. Lehký a vzdušný střih pro horké dny. Objevte červené šaty od italské módy.;Letní krátké šaty dámské viskóza S/M | vmobleceni.cz
159694;Elegantní krátké dámské šaty na ramínka z italské módy. Polyesterové s elastanem, univerzální velikost S/M. Ideální na společenské příležitosti. Vyberte si své šaty.;Elegantní krátké šaty dámské na ramínka | vmobleceni.cz
159695;Letní dámské šaty z 100% viskózy, univerzální velikost S/M. Vzdušný střih na denní nošení i volný čas. Objednejte online.;Letní šaty dámské S/M viskóza | vmobleceni.cz
159735;Letní dámské šaty s proužkem a knoflíky, bavlna a len, velikost S–M. Vzdušné, pohodlné a elegantní. Objednejte si nyní na vmobleceni.cz.;Dámské letní šaty proužek knoflíky S–M | vmobleceni.cz
159739;Letní dámské šaty na ramínka, vel. S/M, italská móda. Polyester s elastanem, komfortní a vzdušné. Vhodné pro figure 83-86 cm v bocích.;Letní šaty na ramínka dámské S/M | vmobleceni.cz
159768;Letní krátké dámské šaty z italské módy, polyesterové s elastanem, univerzální velikost XS/S. Pohodlný střih pro léto. Vyberte si teď.;Letní krátké dámské šaty XS/S | vmobleceni.cz
159906;Letní krátké dámské šaty z 100% polyesteru, univerzální velikost S–M. Ideální pro léto, snadná údržba. Vyberte si nyní.;Letní krátké šaty dámské S–M | vmobleceni.cz
159909;Letní dámské šaty s odhalenými rameny, polyesterové, velikost S/M. Lehké, vzdušné a pohodlné. Objednejte si na vmobleceni.cz.;Letní šaty s odhalenými rameny S/M | vmobleceni.cz
159914;Letní dámské šaty na ramínka, polyesterové, velikost S/M. Vzdušný střih pro teplé dny. Objednejte online na vmobleceni.cz.;Letní šaty dámské na ramínka S/M | vmobleceni.cz
159919;Letní dámské šaty na ramínka s květovaným vzorem, vel. S-M, z polyesteru a elastanu. Pohodlný střih pro každodenní nošení. Objevte kolekci na vmobleceni.cz.;Letní šaty na ramínka květované S-M | vmobleceni.cz
159921;Letní dámské šaty na ramínka z viskózy s elastanem, velikost S–M. Lehké, vzdušné a pohodlné pro teplé dny. Objednejte online.;Letní dámské šaty na ramínka S–M | vmobleceni.cz
159923;Letní dámské šaty z elastanu a bavlny, univerzální velikost S/M. Pohodlný střih pro každodenní nošení. Objevte kolekci TURECKÁ MODA na vmobleceni.cz.;Letní dámské šaty S/M elastan | vmobleceni.cz
159924;Dlouhé letní šaty dámské za krk, polyesterové, uni S-M, přes prsa 70 cm, délka 141 cm. Ideální na teplé dny. Vyberte si svůj styl.;Dlouhé letní šaty dámské za krk S-M | vmobleceni.cz
159937;Dlouhé letní šaty dámské z polyesteru s elastanem, velikost S–M, italský střih. Elegantní úplet pro léto. Objednejte online.;Dlouhé letní šaty dámské S-M | vmobleceni.cz
162263;Dámské tílko halenka bez rukávů z 95% viskózy, velikost S/M. Vzdušný střih s elastanem pro pohodlné nošení. Objednejte online.;Dámské tílko halenka bez rukávů S/M | vmobleceni.cz
165805;Dámské krátké šaty na ramínka s knoflíky z 99% viscózy, velikost S/M. Lehký, vzdušný střih italské značky. Objevte jarní kolekci na vmobleceni.cz.;Dámské šaty krátké na ramínka s knoflíky | vmobleceni.cz
165874;Krátký dámský overal z 100% polyesteru, univerzální velikost S/M. Ideální na léto, lehký a praktický kus oblečení s kapsami. Objednejte online.;Overal letní krátký dámský S/M | vmobleceni.cz
169299;Šaty košilové s 3/4 rukávem a šňůrkou v pase z viskózy (95%) a elastanu. Uni velikost S–M. Elegantní střih italské módy pro každodenní nošení i společenské akce.;Šaty košilové 3/4 rukáv se šňůrkou | vmobleceni.cz
171610;Dámské šaty s dlouhým rukávem, červené, velikost S–M. Polyester, viskóza, elastan. Elegantní střih ITALSKÁ MÓDA. Objednejte online.;Dámské šaty dlouhý rukáv červené S–M | vmobleceni.cz
172067;Letní šaty krátké na ramínka z 100% polyesteru, univerzální velikost S/M. Ideální do horka, pohodlný střih. Objevte kolekci dámských šatů.;Letní šaty na ramínka S/M | vmobleceni.cz
172147;Dámský dlouhý kožíšek na zip z 100% polyesteru, univerzální velikost S/M. Teplý, praktický střih pro podzim a zimu. Objednejte si svůj.;Dámský kožíšek na zip dlouhý rukáv S/M | vmobleceni.cz
172210;Dámské pončo s knoflíky z 100% polyesteru, nadýchaný střih na velikosti S–L. Teplé, pohodlné a stylové – najdete v něm teplo i eleganci.;Dámské pončo teplé s knoflíky S-L | vmobleceni.cz
176248;Dámská mikina na zip s kapucí z 100% polyesteru, velikost M/L. Univerzální střih pro pohodlné nošení. Objednejte si kvalitní mikinu s kapucí nyní.;Dámská mikina na zip s kapucí M/L | vmobleceni.cz
176441;Šaty řádkové s dlouhým rukávem a knoflíky z 100% polyesteru, velikost S/M. Elegantní střih pro dámy, snadná péče. Sleva až -50%.;Šaty dlouhý rukáv s knoflíky S/M | vmobleceni.cz
177200;Halenka dlouhý rukáv dámská, 100% polyester, univerzální velikost S–L. Italská moda s elegantním střihem pro každodenní nošení. Objednejte na vmobleceni.cz.;Halenka dlouhý rukáv dámská S-L | vmobleceni.cz
177290;Pohodlné dámské šaty s dlouhým rukávem ze 100% bavlny, velikost S/M. Volnočasový střih s elastanem pro dokonalý fit. Objednejte online.;Dámské šaty dlouhý rukáv S/M | vmobleceni.cz
177941;Dámské flanelové košilové šaty s dlouhým rukávem, bavlna a vlna, velikost S–M. Teplé a pohodlné pro podzim a zimu. Vyberte si nyní.;Dámské flanelové šaty dlouhý rukáv S–M | vmobleceni.cz
178113;Krátké dámské šaty bez rukávů, univerzální velikost S/M, 100% polyester. Italský střih, ideální pro letní dny. Objednejte online.;Krátké šaty bez rukávů dámské S/M | vmobleceni.cz
178139;Elegantní společenské šaty na ramínka z 100% polyesteru, velikost S–M. Ideální na večery a oslavy. Objednejte online na vmobleceni.cz.;Elegantní společenské šaty na ramínka S–M | vmobleceni.cz
178142;Dámská prodloužená mikina s kapucí z 100% polyesteru, univerzální velikosti S–L. Pohodlný střih pro každodenní nošení. Vyberte si nyní.;Dámská mikina s kapucí prodloužená S-L | vmobleceni.cz
178271;Tenká dámská bunda na zip z 100% polyesteru, velikost S/M, italská móda. Lehká, funkční, ideální do přechodného období. Objevte svůj styl.;Tenká dámská bunda na zip S/M šedá | vmobleceni.cz
178477;Dámská mikina s všitou košílí, dlouhý střih, velikost S-M. Polyesterová s elastanem pro pohodlné nošení. Objednejte online na vmobleceni.cz.;Dámská mikina s košílí dlouhá S-M | vmobleceni.cz
178998;Elegantní dámské šaty s 3/4 rukávem v červené barvě, velikost S/M, z polyesteru s elastanem. Ideální na společenské akce a plesy. Objednejte online.;Dámské elegantní šaty 3/4 rukáv červené S/M | vmobleceni.cz
179001;Elegantní červené šaty s dlouhým rukávem, polyester s elastanem, velikost S/M, šíře přes prsa 84 cm. Pohodlný střih pro každodenní nošení. Objevte kolekci na vmobleceni.cz.;Šaty dlouhý rukáv dámská červená S/M | vmobleceni.cz
179009;Krátké dámské šaty na ramínka z viskózy, nylonu a elastanu, velikost S/M. Lehké, breathable a pohodlné na každodenní nošení. Objevte své oblíbené šaty.;Krátké dámské šaty na ramínka S/M | vmobleceni.cz
179075;Dlouhé společenské šaty s perličkami, tmavě modré, polyesterové, velikosti M–XXL. Elegantní plesové šaty s dlouhým rukávem pro dámy všech postav.;Společenské šaty s perličkami dlouhý rukáv | vmobleceni.cz
179087;Dámské šaty z brúšené koženky ITALSKÁ MÓDA. Polyesterové šaty s leskem a měkkým povrchem pro elegantní Look. Pohodlný střih, doporučujeme větší velikost.;Dámské šaty brúšená koženka | vmobleceni.cz
179107;Prodloužené dámské sako z 100% polyesteru, velikost uni S/M, italský design. Praktické na každodenní nošení i do kanceláře. Objednejte nyní na vmobleceni.cz;Dámské sako prodloužené S/M | vmobleceni.cz
181219;Dámská košile s dlouhým rukávem z 100% polyesteru, bílá, velkosti XS–XXL. Praktická a elegantní košile ITALSKÁ MÓDA pro každodenní nošení. Objednejte si nyní.;Dámská košile dlouhý rukáv bílá | vmobleceni.cz
181364;Dlouhé dámské společenské šaty z 100% polyesteru, univerzální velikost S/M, dlouhý rukáv. Elegantní černá barva od ITALSKÉ MÓDY. Objednejte nyní.;Dámské společenské šaty dlouhý rukáv S/M | vmobleceni.cz
181414;Elegantní dámské šaty bez rukávů z broušené koženky, polyamid s elastanem, univerzální velikost S/M. Stylové as sako střih. Sleva až -50%.;Šaty bez rukávů koženka S/M | vmobleceni.cz
181464;Dlouhé plesové šaty dámské v černé barvě, polyesterové, univerzální velikost S/L. Elegantní střih pro večerní příležitosti. Vyberte si svou velikost.;Plesové šaty dlouhé dámské černé S/L | vmobleceni.cz
181466;Růžové dámské šaty s dlouhým rukávem z polyesteru, velikost uni S–M. Lehký materiál, délka 82 cm, přes prsa 52 cm. Vhodné na různé příležitosti.;Dámské šaty dlouhý rukáv S–M růžová | vmobleceni.cz
181471;Dámská bílá košile s dlouhým rukávem, polyesterová s viskózou, velikost S–M. Elegantní střih italské módy pro každodenní nošení. Objevte kolekci nadčasových součástek.;Dámská košile dlouhý rukáv bílá S-M | vmobleceni.cz
182164;Dámská outdoorová mikina WOLF B2543 z polyesteru, velikosti S–XL. Ideální pro podzimní aktivity. Objednejte se slevou.;Mikina outdoorová dámská S–XL WOLF B2543 | vmobleceni.cz
182201;Krátká dámská mikina s kapucí a dlouhým rukávem z 100% polyesteru, velikost S/M. Pohodlný střih ITALSKÉ MÓDY pro každodenní nošení. Objevte ji teď.;Dámská mikina s kapucí krátká S/M | vmobleceni.cz
182554;Dámské šaty-košile s proužky a 3/4 rukávy z italské módy, vel. S–L. Polyester, volný střih. Pohodlné na každý den.;Dámské šaty-košile proužek 3/4 rukáv | vmobleceni.cz
190428;Letní šaty na ramínka z 95% viskózy, krátké, velikost S–M. Vzdušné, elastické, ideální na horké dny. Vyberte si svou velikost nyní.;Letní šaty na ramínka krátké dámské S–M | vmobleceni.cz
190948;Letní dámské šaty bez rukávů s proužkem, velikost S–M. Bavlněné (95% bavlna, 5% elastan) s vzdušným střihem pro leto. Italská móda IMC19769 – objednejte si nyní.;Letní dámské šaty bez rukávů proužek S-M | vmobleceni.cz
191210;Dámská košile s dlouhým rukávem, polyesterová, velikosti M a XL. Pevný materiál, elegantní střih. Objednejte online.;Dámská košile dlouhý rukáv M XL | vmobleceni.cz
191418;Dlouhé společenské šaty dámské s páskem, UNI S/M, elastická směs polyesteru a elastanu. Elegantní střih italské módy pro slavnostní příležitosti. Vyberte si svou velikost.;Dlouhé společenské šaty dámské s páskem | vmobleceni.cz
191422;Dámská košile s dlouhým rukávem z italské módy, polyester s elastanem, velikosti S–L. Pohodlný střih pro každodenní nošení. Vyberte si svou velikost.;Dámská košile dlouhý rukáv S–L | vmobleceni.cz
191569;Dámské šaty dlouhý rukáv s puntíky, 100% polyester, univerzální velikost S/M. Elegantní střih italské módy pro denní nošení. Vyberte si své číslo.;Šaty dlouhý rukáv dámské puntik S/M | vmobleceni.cz
206060;Dámské letní šaty na ramínka z bavlny s elastanem, velikost S/M. Pohodlný střih pro teplé dny. Objednejte od ITALSKÉ MÓDY na vmobleceni.cz.;Dámské letní šaty na ramínka S/M | vmobleceni.cz
206068;Dámské šaty klasik s krátkým rukávem a logem z italské módy. Polyesterové, velikosti XS–M. Pohodlný střih pro každodenní nošení.;Dámské šaty klasik krátký rukáv | vmobleceni.cz
206167;Dámské šaty s krátkým rukávem, bavlněné (75% bavlna), velikosti S–L. Pohodlný střih s elastanem pro движení. Italská móda.;Dámské šaty krátký rukáv S-L | vmobleceni.cz
206243;Dámské košilové šaty s 3/4 rukávem a kostkovaným vzorem, polyester-viskóza, velikosti S–L. Pohodlný střih se strukturou, ideální na léto i přechod. Objednejte nyní.;Dámské košilové šaty 3/4 rukáv | vmobleceni.cz
206266;Tenká jarní mikina dámská z italské módy, bavlna s elastanem, velikosti S–L. Lehká a pohodlná pro jaro. Vyberte si růžovou barvu.;Tenká jarní mikina dámská S–L růžová | vmobleceni.cz
206271;Dámské šaty s krátkým rukávem a šperkem, polyesterové, univerzální velikost S/M. Elegantní střih pro každodenní nošení. Objednejte online.;Dámské šaty krátký rukáv se šperkem S/M | vmobleceni.cz
206273;Dámská sukně s ledvinkou, univerzální velikost S-M, 100% polyester. Italská móda pro各季节 s moderním střihem. Objevte svůj styl.;Sukně s ledvinkou dámská S-M | vmobleceni.cz
206362;Bílá šifonová halenka s dlouhým rukávem pro dámy, velikosti S–L, 100% polyester. Vzdušný střih italské módy. Objednejte na vmobleceni.cz.;Bílá šifonová halenka dlouhý rukáv S-L | vmobleceni.cz
206370;Dámské šaty krátký rukáv, viskózové (95% viskóza, 5% elastan), bílé, velikosti S–L. Pohodlný střih s elastanem. Objednejte teď.;Dámské šaty krátký rukáv bílé S-L | vmobleceni.cz
206401;Elegantní letní šaty s motýlkovým střihem a puntíky, polyester s elastanem, univerzální velikost S/M. Pohodlné a vzdušné dámské šaty na léto.;Letní šaty motýlkové puntík S/M | vmobleceni.cz
206924;Dlouhé dámské teplaky ze 95% bavlny s elastanem, velikost S–M. Pohodlný střih pro každodenní nošení. Vyberte si kvalitní italský design na vmobleceni.cz.;Dámské teplaky dlouhé S–M bavlněné | vmobleceni.cz
206928;Elegantní dámské šaty z polyesteru s koženkovým efektem, krátký rukáv a odnímatelná ledvinka. Univerzální velikost S/M. Stylový kousek italské módy.;Dámské šaty koženka krátký rukáv s ledvinkou | vmobleceni.cz
206929;Dámská tunika s 3/4 rukávem a přívěškem v khaki barvě, 100% polyester, velikost S–M. Pohodlný střih pro každodenní nošení. Koupit nyní.;Tunika 3/4 rukáv s přívěškem khaki S-M | vmobleceni.cz
206930;Krátká koženková sukně dámská v italském stylu, velikosti S–XL, 100% polyester. Elegantní střih pro každodenní i společenské nošení.;Krátká koženková sukně dámská S-XL | vmobleceni.cz
206935;Dámské šaty s 3/4 rukávem v hořčicové barvě, polyesterové, velikosti S–L. Elegantní střih pro každodenní nošení. Objevte kolekci ITALSKÁ MÓDA.;Dámské šaty 3/4 rukáv hořčicová S-L | vmobleceni.cz
207072;Košilové riflové šaty s 3/4 rukávem, 100% polyester, univerzální velikost S/M. Pohodlný střih pro denní nošení. Objednejte online.;Riflové šaty 3/4 rukáv dámské S/M | vmobleceni.cz
207682;Dámské šaty s krátkým rukávem z 100% polyesteru, velikost S/M. Italský střih, ideální na všední dny i společenské příležitosti. Objednejte online.;Dámské šaty krátký rukáv S/M | vmobleceni.cz
207720;Dámské volnočasové šaty s 3/4 rukávem a páskem, 100% bavlna, velikosti S–L. Pohodlný střih pro každodenní nošení. Objednejte si online.;Dámské šaty 3/4 rukáv s páskem S-L | vmobleceni.cz
207822;Dámské šaty s dlouhým rukávem z 100% bavlny, univerzální velikost M–L. Italská móda s klassickým střihem. Vyberte si v zelené barvě.;Dámské šaty dlouhý rukáv M-L zelené | vmobleceni.cz
207858;Dámské šaty s krátkým rukávem ze 95% bavlny, velikosti S–M, italská móda. Pohodlný střih pro maminky. Objednejte si online.;Dámské šaty krátký rukáv S–M | vmobleceni.cz
208649;Prodloužená dámská tunika z 100% polyesteru, velikost uni XL/2XL. Italská móda s přívěškem, ideální volný střih. Objednejte khaki tuniku na vmobleceni.cz.;Šaty tunika prodloužená dámská XL/2XL | vmobleceni.cz
208662;Černé dámské šaty s krátkým rukávem z 100% polyesteru, velikost XL/2XL (přes prsa 118 cm). Elastické, pohodlné, pro zářivý vzhled. Koupit nyní.;Šaty krátký rukáv dámské nadrozměr XL/2XL | vmobleceni.cz
208708;Dámské sako s 3/4 rukávem z 100% polyesteru, bílá barva, velikosti S–XL. Lehké a praktické pro každodenní nošení. Vyberte si nyní.;Dámské sako 3/4 rukáv bílé S–XL | vmobleceni.cz
208818;Černé dámské šaty s krátkým rukávem, nadrozměr L/2XL (prsa 120 cm, boky 120 cm). Polyesterové, délka 95 cm. Pohodlné a elegantní.;Dámské šaty nadrozměr L/2XL černé | vmobleceni.cz
116696;Dámská mikina tunika oversize s tenkým stahovacím materiálem, 100% polyester. Jarní střih s proužky, univerzální velikost S/M/L. Pohodlné a moderní.;Dámská mikina tunika oversize | vmobleceni.cz
208950;Dámská mikina tunika oversize s tenkým stahovacím materiálem, 100% polyester. Jarní střih s proužky, univerzální velikost S/M/L. Pohodlné a moderní.;Dámská mikina tunika oversize | vmobleceni.cz
209200;Bílá dámská košile s dlouhým rukávem z 100% polyesteru, univerzální velikost S–M. Elegantní střih italské módy, vhodná na každodenní nošení i do kanceláře. Objednejte si svou košili nyní.;Dámská košile dlouhý rukáv bílá S-M | vmobleceni.cz
209201;Elegantní dlouhé dámské šaty v černé barvě, polyester s elastanem, velikost S/M. Pevný materiál s pružností pro pohodlné nošení. Objednejte nyní.;Elegantní dlouhé dámské šaty S/M černé | vmobleceni.cz
209746;Dámské pruhované šaty s krátkým rukávem v modro-bílé barvě, vel. S–XL, 100% polyester. Pohodlný střih s pasem i bioky, ideální na léto. Koupit teď.;Dámské šaty pruhované krátký rukáv | vmobleceni.cz
210926;Dlouhé letní dámské šaty s proužkem, 100% polyester, univerzální velikost S–L. Lehké a vzdušné pro teplé dny. Vyberte si svou velikost nyní.;Dlouhé letní dámské šaty proužek S-L | vmobleceni.cz
210928;Dámské letní šaty s proužkem, univerzální velikost S/M, 100% polyester. Tenký střih italské módy vhodný na teplé dny. Objednejte online.;Dámské letní šaty s proužkem S/M | vmobleceni.cz
211272;Dlouhé letní šaty na ramínka z 100% polyesteru, velikost S–M. Lehké italské šaty pro ženy, ideální na teplé dny. Objednejte online.;Dlouhé letní šaty na ramínka S–M | vmobleceni.cz
211531;Letní plátěné šaty z 100% polyesteru, velikost S/M. Lehké, prodyšné a pohodlné dámské šaty pro teplé dny. Objednejte nyní a užijte si pohodlí.;Letní plátěné šaty dámské S/M | vmobleceni.cz
211832;Letní dámské šaty s čipkou z 100% viskózy, velikost S/M. Vzdušný střih pro teplé dny. Objednejte si elegantní šaty s krajkou na vmobleceni.cz.;Letní dámské šaty s čipkou S/M | vmobleceni.cz
215887;Elegantní dámské šaty z polyesteru a viskózy, vhodné na společenské příležitosti. Dostupné v размěrech XS–3XL. Zjistěte, která velikost vám bude sedět nejlépe.;Elegantní dámské šaty | vmobleceni.cz
216126;Elegantní dámské kraťasy z 100% polyesteru, ideální na letní dny. Velikost L s vzdušným střihem. Objednejte nyní | vmobleceni.cz;Dámské kraťasy elegantní letní L | vmobleceni.cz
216140;Dámské kraťasy šortky ITALSKÁ MÓDA, polyester s elastanem, velikosti S–L. Pohodlný střih pro léto. Objednejte online.;Dámské kraťasy šortky S–L | vmobleceni.cz
216276;Dámské tričko s krátkým rukávem z 100% polyesteru, velikost S/M. Italský střih pro štíhlou a normální postavu, ideální na běžné nošení. Objednejte online.;Dámské tričko krátký rukáv S/M | vmobleceni.cz
217142;Letní dámské šaty na ramínka, velikost S–M, ze 95% polyesteru s elastanem. Vzdušný střih pro teplé dny. Vyberte si svou velikost.;Letní šaty dámské na ramínka S-M | vmobleceni.cz
217157;Letní dámské šaty bez rukávů s proužkem, velikost S/M. Viskózové šaty s elastanem pro pohodlný letní styl. Objednejte u VMobleceni.cz.;Letní šaty bez rukávů proužek S/M | vmobleceni.cz
217163;Šifonové dámské šaty elegantní letní s krátkým střihem, 100% polyester, univerzální velikost S/M. Vzdušný materiál pro pohodlí v teple.;Šifonové šaty dámské letní krátké S/M | vmobleceni.cz
217787;Proužkované dámské šaty s kapsami, krátký rukáv, 100% viskoza, velikosti L–XL. Italská móda s letním stylem. Vyberte si své.;Dámské šaty proužkované s kapsami L-XL | vmobleceni.cz
217847;Dámské šaty s krátkým rukávem, viscosové, nadrozměrné L-3XL od POLSKÉ MÓDY. Pohodlný střih pro plnoštíhlé postavy. Vyzkoušejte nyní.;Dámské šaty krátký rukáv nadrozměrné L-3XL | vmobleceni.cz
217934;Letní dámské šaty s širokými ramínky, 100% bavlna, velikost uni XL/XXL. Pohodlný střih pro plnější postavy. Objednejte nyní.;Letní šaty dámské XL/XXL s ramínky | vmobleceni.cz
217964;Letní šaty s širokými ramínky, viskóza s elastanem, velikosti XL–2XL. Pohodlný střih pro větší poprsí. Vyberte si bílé šaty ITALSKÁ MODA.;Letní šaty široká ramínka XL-2XL | vmobleceni.cz
218273;Elegantní letní tílko dámské, uni velikost S-M, 100% polyester. Lehké a vzdušné, ideální na teplé dny. Objevte италску módu na vmobleceni.cz.;Elegantní letní tílko dámské S-M | vmobleceni.cz
218438;Krátká letní dámská sukně s puntíkem, 100% polyester, univerzální velikost S/L. Černá italská móda s klasickým střihem. Vyberte si ideální velikost.;Sukně krátká letní dámská puntík S/L | vmobleceni.cz
218440;Dlouhá letní sukně s leopardím vzorem, 100% polyester, univerzální velikost S/L. Vzdušná a pohodlná dámská sukně pro léto. Objevte kolekci na vmobleceni.cz;Sukně letní dlouhá dámská leopard S/L | vmobleceni.cz
218794;Letní dámské šaty s krátkým rukávem z bavlny a lnu, velikost L/2XL. Khaki barva, italský střih. Pohodlné a vzdušné na léto.;Letní šaty dámské khaki L/2XL | vmobleceni.cz
218795;Letní dámské šaty s krátkým rukávem, bavlna-len, khaki, velikost L/2XL. Pohodlný střih pro postavu 102–112 cm. Najděte svoji velikost.;Letní šaty dámské khaki L/2XL | vmobleceni.cz
218807;Dlouhé letní šaty s puntíkem, polyester-viskóza, vel. S–M, starorůžová. Italská móda pro štíhlou postavu. Objednejte online.;Dlouhé letní šaty puntík S–M | vmobleceni.cz
218856;Elegantní dámské šaty s krátkým rukávem z 100% polyesteru, vel. S/M. Ideální na společenské akce, praktické a snadno udržovatelné. Objevte na vmobleceni.cz.;Dámské šaty krátký rukáv elegantní černé | vmobleceni.cz
218962;Letní šifónové šaty na ramínka, velikost S/M, fialová barva. Strečový materiál (95% polyester, 5% elastan) s vázáním v pase. Pohodlné a vzdušné pro léto.;Letní šaty na ramínka S/M fialové | vmobleceni.cz
218969;Krátké dámské šaty na ramínka z 100% bavlny, velikost S/M, fialové. Lehké letní šaty italské módy pro teplé dny. Vyberte si svůj styl.;Krátké šaty na ramínka dámské S/M | vmobleceni.cz
219038;Dámská souprava s dlouhým rukávem a kraťasy z 95% bavlny, velikost S/L. Pohodlný střih italské značky ITALSKÁ MÓDA pro každodenní nošení. Vyberte si svou velikost.;Dámská souprava mikina a kraťasy S/L | vmobleceni.cz
219054;Dlouhé šifonové šaty s vázáním, univerzální velikost S/L, 95% polyester. Lehké letní šaty pro dámy s flexibilním střihem. Objednejte nyní.;Šifonové šaty dlouhé letní vázací | vmobleceni.cz
219060;Dámské tričko s krátkým rukávem, 95% bavlna, velikost S/M. Italská móda, druhá jakost se sníženou cenou. Pohodlný střih pro denní nošení.;Dámské tričko krátký rukáv S/M bavlna | vmobleceni.cz
219068;Dámské sako s dlouhými rukávy, univerzální velikost S/M, z polyesteru s elastanem. Elegantní střih italské módy pro každodenní i slavnostní chvíle.;Dámské sako dlouhý rukáv S/M | vmobleceni.cz
219087;Elegantní košilové šaty s dlouhým rukávem z polyesteru s elastanem, velikost S/L. Italská móda IMK20399/DR pro každodenní i slavnostní příležitosti. Koupit online.;Elegantní košilové šaty dlouhý rukáv S/L | vmobleceni.cz
219101;Letní dámské šaty na ramínka z italské módy, polyesterové s elastanem, univerzální velikost S/M. Lehké, pohodlné a vzdušné pro letní sezónu.;Letní šaty na ramínka S/M | vmobleceni.cz
219198;Dámská souprava: dlouhé tepláky + mikina s dlouhým rukávem, bavlna elastan, univerzální velikost S/L. Pohodlná pro doma i ven. Objednejte v černé barvě.;Dámská souprava tepláky + mikina | vmobleceni.cz
219215;Dámské šaty oversize s krátkým rukávem, bavlněné (95% bavlna, 5% elastan), velikost UNI L/XL. Pohodlný střih pro všechny postavy. Objednejte nyní.;Dámské šaty oversize krátký rukáv L/XL | vmobleceni.cz
219222;Šifonové letní šaty na ramínka z viskózy s elastanem, velikost S/L. Vzdušné, kousky pro letní Look. Objednejte online.;Šifonové letní šaty na ramínka dámské S/L | vmobleceni.cz
219227;Prodloužená dámská mikina v maskáčovém vzoru, 100% polyester, univerzální velikosti M–2XL. Pohodlný střih s delší délkou. Objevte naši kolekci.;Dámská maskáčová mikina prodloužená M–2XL | vmobleceni.cz
219897;Dlouhé dámské nohavice do pasu z polyesteru s elastanem, velikosti S–M. Italská móda s pružným střihem. Pohodlné kalhoty pro denní nošení.;Dlouhé dámské nohavice do pasu S–M | vmobleceni.cz
219976;Letní dámské šaty s proužky, bavlna-elastan, velikosti S–L. Vzdušné, tenké střihy pro běžné nošení i horké dny. Ověřte si správnou velikost podle našeho průvodce.;Letní šaty dámské proužek S–L | vmobleceni.cz
219987;Letní dámské šaty na ramínka s proužkem, 100% polyester, velikost S/M. Vzdušné a pohodlné pro teplé dny. Objevte kolekci ITALSKÁ MÓDA na vmobleceni.cz.;Letní šaty na ramínka proužek S/M | vmobleceni.cz
220017;Krátké letní šaty na ramínka s proužkem, bavlna 95%, elastan 5%, velikost uni S/M. Vzdušné a pohodlné dámské šaty od italské módy. Objednejte online.;Krátké šaty na ramínka proužek S/M | vmobleceni.cz
220018;Elegantní dámské šaty na ramínka s květovaným vzorem, 100% polyester, velikost S/M. Ideální na společenské příležitosti. Objevte kolekci na vmobleceni.cz.;Dámské šaty elegantní květované S/M | vmobleceni.cz
220019;Krajkové letní šaty dámské z bavlny a viskózy, univerzální velikost M/L, fialové boho stylu. Vzdušné, pohodlné, vhodné pro teplé dny. Objednejte nyní.;Krajkové letní šaty dámské M/L fialové | vmobleceni.cz
220024;Letní dámské šaty s krátkým rukávem, bavlna s elastanem, vel. S/M, délka 92 cm. Pohodlné, prodyšné a pružné. Objednejte si fialové šaty online.;Letní šaty krátký rukáv S/M fialové | vmobleceni.cz
220026;Letní dámské šaty na ramínka s proužkem, viskóza s elastanem, univerzální velikost S/M. Vzdušné a pohodlné pro teplé dny. Vyberte si ideální fit.;Letní šaty dámské na ramínka proužek S/M | vmobleceni.cz
220030;Letní dámské šaty na ramínka s batikou, velikost UNI S/M, 89% polyester. Lehké a pohodlné na léto. Objednejte online.;Letní šaty na ramínka batikované S/M | vmobleceni.cz
220031;Bavlněné letní šaty na ramínka s batikou, materiál 95% bavlna + elastan, univerzální velikost S/L. Pohodlný střih pro teplé dny. Objevte kolekci italské módy.;Letní šaty na ramínka batikované dámské S/L | vmobleceni.cz
220185;Letní dámské šaty s krátkým rukávem a proužky, 100% bavlna, velikost S/M. Lehké, vzdušné, ideální na horké dny. Objednejte online.;Letní šaty dámské proužek S/M bavlna | vmobleceni.cz
220187;Dámské bavlněné tričko s krátkým rukávem v batikovaném designu, velikost S/M. Měkká 100% bavlna, ideální pro léto. Objednejte na vmobleceni.cz.;Dámské batikované tričko krátký rukáv S/M | vmobleceni.cz
220283;Dámské tričko s krátkým rukávem z 100% polyesteru, velikost S-M. Lehké a pohodlné, ideální na každodenní nošení. Vyberte si nyní!;Dámské tričko krátký rukáv S-M | vmobleceni.cz
220285;Dámské tričko s krátkým rukávem Vogue z 100% polyesteru, velikosti S–XL. Italská móda s klasickým střihem. Objednejte si pohodlné tričko online.;Dámské tričko krátký rukáv Vogue S-XL | vmobleceni.cz
220371;Dámské letní šaty s krátkým rukávem, květinovým potiskem a výstřihem do V. Polyesterové, elastické, univerzální velikost S/M, délka 88 cm. Pohodlné a vzdušné na léto.;Šaty krátký rukáv dámské S/M | vmobleceni.cz
220375;Květované šaty na ramínka z polyacryllu s elasthanem, velikost uni S/M. Pohodlný střih pro dámy, vzdušný materiál. Koupit online.;Květované šaty na ramínka S/M | vmobleceni.cz
223620;Elegantní letní šaty s krátkým rukávem z 95% bavlny, vel. S/M. Italský střih od ITALSKÉ MÓDY. Pohodlné a vzdušné na léto. Vyberte si své.;Letní šaty s rukávem S/M bavlněné | vmobleceni.cz
223637;Elegantní saténové šaty na ramínka z 70% polyesteru a 30% viskózy. Krátké letní šaty v béžové barvě, velikost S/M. Italská móda s hebkým saténovým střihem pro letní dny.;Saténové šaty na ramínka krátké S/M béžové | vmobleceni.cz
224514;Letní bavlněné šaty s krátkým rukávem a jemným proužkem, velikost S/M. Italská móda s 95% bavlnou pro pohodlné nošení. Objednejte si dámské šaty nyní.;Letní šaty krátký rukáv proužek S/M | vmobleceni.cz
224516;Letní dámské šaty s krátkým rukávem, bavlna s elastanem, velikost S/M. Pohodlný střih pro každodenní nošení. Objednejte online.;Letní šaty dámské krátký rukáv S/M | vmobleceni.cz
224542;Dámská tunika s krátkým rukávem, uni S/M, italská móda. Směs bavlny a akrylu pro pohodlné nošení. Objevte kvalitní tuniky v našem e-shopu.;Dámská tunika krátký rukáv S/M | vmobleceni.cz
224689;Letní šaty carmen s krajkou, krátký rukáv, bílé, polyester, velikost S/M. Elastický pas, spodinka v balení. Italská móda – pohodlné na léto.;Šaty carmen krajkové letní S/M bílé | vmobleceni.cz
224935;Krajkové bavlněné šaty na široká ramínka, 100% bavlna, velikost S/M. Elegantní fialové šaty s krajkou pro dámy. Objednejte online.;Krajkové bavlněné šaty S/M fialové | vmobleceni.cz
224987;Modré letní šaty na ramínka, krátké, 100% polyester, vel. S/M. Italská móda s příjemným střihem. Objednejte online.;Modré letní šaty na ramínka S/M | vmobleceni.cz
224992;Letní dámská sukně s laclem z 95% tencel, univerzální velikost S/M. Italská móda s elastickým materiálem. Sleva až -50% na vmobleceni.cz.;Letní sukně dámská s laclem S/M | vmobleceni.cz
225992;Šaty košilové s 3/4 rukávem a kapsou z polyesteru, velikosti S–L. Elegantní střih italské módy pro ženy. Objednejte nyní.;Šaty košilové 3/4 rukáv s kapsou S–L | vmobleceni.cz
226110;Dámské tílko bez rukávu z italské módy, polyester s elastanem, univerzální velikost S/M. Lehké, pružné a elastické tílko na léto. Vhodné pro všední nošení i aktivní sport.;Dámské tílko bez rukávu S/M | vmobleceni.cz
226916;Šifonové dámské šaty bez rukávu, krátké, s květovaným vzorem. Materiál viskóza či polyester s elastanem, univerzální velikost S–M. Vzdušné a lehké na léto.;Šifonové šaty bez rukávu květované S-M | vmobleceni.cz
230320;Dámská semišová souprava s mikinou a dlouhým rukávem a tepláky, velikost UNI S/L. Polyester s elastanem. Pohodlný střih pro každodenní nošení.;Dámská semišová souprava mikina a tepláky | vmobleceni.cz
231641;Dámské oversize šaty s 3/4 rukávem z 100% polyesteru, univerzální velikost S–L. Pohodlný střih pro každodenní nošení. Objevte italský design na vmobleceni.cz.;Dámské šaty 3/4 rukáv oversize S–L | vmobleceni.cz
232348;Dámské košilové šaty dlouhý rukáv s kostkou, polyester s elastanem, velikost S/M. Elegantní střih pro střední postavu. Objednejte online.;Dámské košilové šaty dlouhý rukáv kostkované S/M | vmobleceni.cz
233084;Letní bavlněné šaty oversize s krátkým rukávem, velikosti S–L. Pohodlný střih z 95% bavlny pro každodenní nošení. Objednejte nyní.;Letní šaty oversize krátký rukáv S–L | vmobleceni.cz
233130;Elegantní košilové šaty s 3/4 rukávem pro dámy, velikost S/M. Lehký polyester, délka 90 cm. Italská móda pro klasický a nadčasový styl. Objednejte nyní.;Košilové šaty 3/4 rukáv dámské S/M | vmobleceni.cz
233619;Dámské tričko s dlouhým rukávem z 100% polyesteru, jednobarevné, univerzální střih S/L. Pohodlné, prodyšné, vhodné na každodenní nošení. Nakupte online.;Dámské tričko dlouhý rukáv polyester S/L | vmobleceni.cz
234151;Dámské bavlněné kalhoty 3/4 s knoflíky, velikosti S–L. Italská móda pro léto i přechodné období. Pohodlný střih, 100% bavlna.;Dámské kalhoty 3/4 s knoflíky S-L | vmobleceni.cz
234175;Dámské dlouhé tepláky v maskáčovém vzoru, velikost S/M, z bavlny s elastanem. Pohodlný střih pro každodenní nošení. Vyberte si v e-shopu vmobleceni.cz.;Dámské tepláky maskáč S/M | vmobleceni.cz
234372;Dámské sametové tričko s dlouhým rukávem, polyester s elastanem, velikosti S/M/L. Měkké, pružné, pohodlné pro každodenní nošení. Objevte kolekci italské módy.;Dámské sametové tričko dlouhý rukáv | vmobleceni.cz
234416;Společenské šaty s krátkým rukávem Carmen, 100% polyester, velikost S/M. Elegantní střih s odkrytými rameny pro dámy. Pohodlné a vzdušné.;Společenské šaty krátký rukáv Carmen S/M | vmobleceni.cz
234457;Dlouhé elegantní dámské šaty s dlouhým rukávem a páskem, leopardí vzor, polyester s elastanem, vel. S/L. Lehké a vzdušné na různé příležitosti.;Dámské šaty dlouhé elegantní s páskem | vmobleceni.cz
234463;Elegantní dámské šaty s dlouhým rukávem, leopardí vzor, polyester, velikost S/M. Italská móda s moderním střihem. Objevte v našem e-shopu.;Dámské šaty dlouhý rukáv leopard S/M | vmobleceni.cz
234689;Elegantní dámské košilové šaty s dlouhým rukávem z 100% polyesteru, univerzální velikost S/L. Ležérně noblesní střih pro všechny příležitosti. Objednejte si své.;Elegantní dámské košilové šaty dlouhý rukáv | vmobleceni.cz
234690;Elegantní košilové šaty s dlouhým rukávem z 100% polyesteru, univerzální velikost S/L. Italská móda pro dámy. Objednejte online.;Šaty košilové elegantní dlouhý rukáv | vmobleceni.cz
235098;Pánské veselé ponožky s obrázkem traktoru, bavlněné (75%), velikosti 38-41 a 42-46. Slabé, pohodlné doplňky pro každodenní nošení.;Pánské ponožky veselé Traktor 38-46 | vmobleceni.cz
235154;Černé dlouholeté šaty s dlouhým rukávem v oversize střihu z 100% polyesteru. Pohodlný střih UNI S/L pro dámy. Objevte letní kolekci ITALSKÁ MÓDA.;Dámské šaty oversize dlouhý rukáv černá | vmobleceni.cz
235165;Dlouhé dámské šaty s 3/4 rukávem v nadrozměru XL/XXL. Bavlněné oversize, italská móda, černé. Pohodlný střih pro větší velikosti.;Dámské šaty 3/4 rukáv nadrozměr XL/XXL | vmobleceni.cz
235437;Dámské košilové šaty s 3/4 rukávem, tenké z polyesteru s elastanem, velikosti S–L. Pohodlný střih pro štíhlé i kulatější postavu. Objednejte v našem e-shopu.;Dámské košilové šaty 3/4 rukáv S–L | vmobleceni.cz
235506;Vánoční ponožky dámské v dárkové kouli, velikost 36–40, termo materiál 100% polyester. Teplé a veselé na zimu. Objednejte si balení.;Vánoční ponožky dámské termo 36–40 | vmobleceni.cz
235694;Dámské krajkové šaty s krátkým rukávem z 100% polyesteru, velikost S/L. Elegantní střih pro štíhlé postavy, ideální na večer či oslavu. Objednejte online.;Krajkové šaty krátké rukávy dámské S/L | vmobleceni.cz
235714;Dámská košile/tunika s 3/4 rukávem, bavlněná s elastanem, univerzální velikost S–L. Pohodlný střih pro každodenní nošení. Objednejte online.;Dámská košile tunika 3/4 rukáv S-L | vmobleceni.cz
235750;Dlouhé letní šaty na ramínka z viskózy s elastanem, univerzální velikost S/M. Měkký, vzdušný střih pro léto. Objevte elegantní červené šaty.;Dlouhé letní šaty na ramínka dámské | vmobleceni.cz
236008;Elegantní dámské šaty s dlouhým rukávem v červené barvě, velikost S/M. Polyester, viskoza a elastan zajišťují pohodlný střih. Objevte kvalitní italskou módu na vmobleceni.cz.;Dámské šaty dlouhý rukáv elegantní červené | vmobleceni.cz
236584;Pánské veselé golfové ponožky ze 75% bavlny, slabý materiál, velikosti 38–46. Vtipný design pro každodenní nošení. Objednejte online.;Pánské veselé golfové ponožky 38-46 | vmobleceni.cz
236586;Pánské veselé ponožky s kutilským vzorem, bavlněné (75%), velikosti 38-41 a 42-46. Slabší materiál, pohodlné a odolné. Vyberte si správnou velikost.;Pánské veselé ponožky kutilské 38-46 | vmobleceni.cz
236590;Dámské šaty s krátkým rukávem v nadrozměrech XL/2XL–2XL/3XL z 100% polyesteru. Pohodlný střih pro plnoštíhlé postavy. Vyberte si svou velikost.;Dámské šaty krátký rukáv nadrozměr | vmobleceni.cz
237673;Dámská vánoční mikina dlouhý rukáv v červené barvě, 95% bavlna, elastan, velikosti S–M. Pohodlný střih, ideální na chladné dny.;Dámská vánoční mikina červená S-M | vmobleceni.cz
238046;Elegantní dámská košile s dlouhým rukávem z 100% polyesteru, velikost S/M ONE SIZE. Italská móda IMM201172 pro profesionální i casual vzhled. Objednejte online.;Dámská košile elegantní dlouhý rukáv | vmobleceni.cz
238511;Dámská bunda dlouhý rukáv z 100% polyesteru, italský střih ITALSKÁ MODA, velikosti S–L. Lehká, elegantní a univerzální pro každodenní nošení.;Dámská bunda dlouhý rukáv S/L ITALSKÁ MODA | vmobleceni.cz
238514;Dámská bunda dlouhý rukáv ITALSKÁ MODA, 100% polyester, velikosti S–L. Elegantní střih pro každodenní nošení. Vyberte si správnou velikost.;Dámská bunda dlouhý rukáv S/L | vmobleceni.cz
239215;Slabá oversize mikina dámská XL/3XL z 95% bavlny s elastanem. Italská kvalita pro pohodlné nošení. Vhodná pro nadrozměrné velikosti. Objednejte online.;Mikina oversize dámská XL/3XL bavlna | vmobleceni.cz
239681;Dlouhé dámské šaty oversize z italské módy, polyesterové, univerzální střih M–XL. Volný střih pro pohodlí, vhodné na různé příležitosti. Objevte stylové šaty nyní.;Dámské šaty dlouhý rukáv oversize M–XL | vmobleceni.cz
239740;Elegantní dámská košile s dlouhým rukávem ze 100% polyesteru, velikost S/M ONE SIZE. Univerzální střih pro formální i casual vzhled. Objednejte online.;Dámská košile dlouhý rukáv elegantní S/M | vmobleceni.cz
239853;Dámské bavlněné šaty s dlouhým rukávem, italská moda, 100% bavlna, velikost L/XL ONE SIZE. Pohodlné a prodyšné pro každodenní nošení.;Dámské bavlněné šaty dlouhý rukáv L/XL | vmobleceni.cz
239897;Dámské šaty s dlouhým rukávem ze 100% bavlny, velikosti XL–3XL. Italská moda s klasickým střihem pro plnoštíhlé ženy. Pohodlné a kvalitní.;Dámské šaty dlouhý rukáv XL-3XL | vmobleceni.cz
240185;Vánoční nadkolenky s norskými vločkami, dámské, one size, 100% polyester. Veselý design na chladné dny. Objednejte si;Vánoční nadkolenky dámské norské vločky | vmobleceni.cz
240236;Elegantní sametové šaty s dlouhým rukávem v černé barvě, polyesterové, velikosti S/M/L. Stylové dámské šaty italské módy pro klasickou eleganci.;Sametové šaty dlouhý rukáv černé | vmobleceni.cz
240415;Dlouhé letní šaty na ramínka z 100% polyesteru, univerzální velikost S/L. Italská móda pro elegantní letní vzhled. Objednejte si dnes.;Dlouhé letní šaty na ramínka S/L | vmobleceni.cz
240425;Letní dámské top tílko, velikost UNI S/M, 95% polyester, 5% elastan. Lehké a elastické, ideální na teplé dny. Objednejte nyní.;Dámské top tílko letní S/M | vmobleceni.cz
240441;Dlouhé dámské tepláky z 100% polyesteru, velikosti XL–3XL. Teplé, pohodlné, pro nadrozměrné postavy. Objednejte online.;Dámské tepláky dlouhé XL-3XL | vmobleceni.cz
240527;Letní dámské šaty s krátkým rukávem a proužky, bavlněné (95% bavlna, 5% elastan), velikost S–M. Pohodlný klasik od Sweetissima pro teplé dny.;Dámské letní šaty s rukávem proužek S–M | vmobleceni.cz
241049;Elegantní semišové šaty s dlouhým rukávem, velikost S/M. Polyester s elastanem pro pohodlný střih. Italská móda pro dámské oslavu.;Šaty semišové dlouhý rukáv S/M | vmobleceni.cz
241120;Letní šaty na ramínka z 95% bavlny s potiskem baby boy and girl, univerzální velikost S/M. Pohodlný střih pro maminky. Objednejte online.;Letní šaty na ramínka S/M | vmobleceni.cz
241202;Dámská zimní bunda s kapucí, lesklý polyester, velikost S/M, přes prsa 120 cm. Hřejivá a stylová s kšandami. Objednejte si nyní.;Dámská zimní bunda s kapucí lesklá | vmobleceni.cz
241236;Dámské šaty s dlouhým rukávem a kapsami v květovaném vzoru. Bavlněná směs (95% bavlna, 5% elastan), univerzální velikost S/M. Pohodlné a praktické.;Dámské šaty dlouhý rukáv s kapsami | vmobleceni.cz
241305;Dámská souprava top a kalhoty z italské módy, bavlna s elastanem, velikost S/M. Pohodlný střih pro každodenní nošení. Objednejte online.;Dámská souprava top a kalhoty S/M | vmobleceni.cz
241376;Elegantní mini šaty s dlouhým rukávem z imitace broušené koženky, polyester/spandex, velikost S/M. Společenské šaty na ples s italským stylem. Vyberte si správnou velikost.;Mini šaty dlouhý rukáv koženka S/M | vmobleceni.cz
241390;Šifonová sukně středně dlouhá v univerzální velikosti S/L z polyesteru a viskózy. Elegantní střih pro dámy, výrazný střih se zaměřením na komfort a styl. Vyberte si online.;Šifonová sukně dámská S/L | vmobleceni.cz
241393;Letní dámské šaty na ramínka z 100% polyesteru, velikost S/M. Ideální na léto, lehké a pohodlné. Objevte kolekci italské módy.;Letní šaty na ramínka dámské S/M | vmobleceni.cz
241444;Letní dámské šaty s krátkým rukávem, 100% polyester, velikost S/M. Italská móda IMM20621 s příjemným střihem pro teplé dny. Koupit online.;Letní šaty dámské krátký rukáv S/M | vmobleceni.cz
241449;Dámská tunika tričko ITALSKÁ MÓDA, 100% polyester, uni velikost L/2XL. Pohodlný střih pro všechny postavy. Objednejte si nyní.;Tunika tričko dámské L/2XL polyester | vmobleceni.cz
241460;Letní dámské šaty v univerzální velikosti S/M z 94% bavlny a 6% elastanu. Krátký střih pro pohodlné léto. Najděte svůj styl na vmobleceni.cz.;Letní šaty dámské S/M bavlněné | vmobleceni.cz
241478;Dámská tunika dlouhý rukáv, nadrozměrná UNI 2XL/4XL, bavlna s elastanem. Pohodlný střih pro ženy s větší postavou. Objednejte online.;Tunika dlouhý rukáv dámská nadrozměrná | vmobleceni.cz
241734;Dámské šaty s dlouhým rukávem z italské módy, bavlna s elastanem, velikost L/2XL. Pohodlný střih pro všechny příležitosti. Vyberte si své oblečení.;Dámské šaty dlouhý rukáv L/2XL | vmobleceni.cz
241757;Dámská tunika s prodlouženým střihem, krátký rukáv, 95% bavlna, velikosti XL/3XL. Pohodlné a vzdušné oblečení pro každodenní nošení. Objevte kolekci italské módy.;Dámská tunika prodloužená XL/3XL | vmobleceni.cz
241759;Dlouhé dámské tepláky z 100% polyesteru, velikost S/M. Pohodlný střih pro každodenní nošení. Objednejte si oblečení, které se hodí.;Dlouhé dámské tepláky S/M | vmobleceni.cz
241762;Dámské šaty s 3/4 rukávem z 100% bavlny, nadrozměr uni L/2XL. Italská móda se střihem na postavu, délka 101 cm. Pohodlné a vzdušné pro každý den.;Dámské šaty 3/4 rukáv nadrozměr L/2XL | vmobleceni.cz
241767;Bavlněné šaty s dlouhým rukávem, velikosti S/M, 95% bavlna. Pohodlný střih pro běžné nošení. Ihned k dispozici.;Šaty dlouhý rukáv dámské S/M | vmobleceni.cz
241775;Volnočasové dámské šaty s dlouhým rukávem, velikosti L–XXL, z polyesteru a akrylu. Pohodlný střih pro nadrozměrné postavy. Objednejte online.;Dámské šaty dlouhý rukáv L–XXL | vmobleceni.cz
241923;Dámské slabé tepláky z polyesteru, uni velikost S–M. Lehké, pohodlné a rychleschnoucí. Objevte温комфортní fit.;Dámské tepláky slabé S-M | vmobleceni.cz
241958;Dámské dlouhé maskáčové tepláky z 100% polyesteru, velikost S/L. Pohodlný střih pro každodenní nošení. Objednejte online.;Dámské maskáčové tepláky dlouhé S/L | vmobleceni.cz
242036;Letní krátká sukně s květinovým vzorem, 100% polyester, nadrozměrná XL–XXL. Pohodlný střih pro plnoštíhlé postavy. Objednejte online.;Sukně letní krátká s květy nadrozměrná XL-XXL | vmobleceni.cz
242045;Letní krátká dámská sukně z 100% polyesteru, velikosti S–L. Lehká a vzdušná sukně pro teplé dny. Objednejte si nyní.;Sukně letní krátká dámská S-L | vmobleceni.cz
242260;Dámské letní kraťasy 3/4 z polyesteru s květinovým vzorem, univerzální velikost S/L. Pohodlné tepláky pro teplé dny. Koupit nyní na vmobleceni.cz.;Dámské kraťasy 3/4 letní květ S/L | vmobleceni.cz
242261;Dámské 3/4 kraťasy s letním motivem květů, 100% polyester, univerzální velikost S/L. Lehké a pohodlné tepláky na léto. Vyberte si své.;Dámské 3/4 kraťasy letní květ S/L | vmobleceni.cz
242281;Dámské tepláky 3/4 nadrozměrné, uni XL/2XL, 93% bavlna. Pohodlné pro každodenní nošení. Vyberte si své tepláky online.;Dámské tepláky 3/4 nadrozměrné XL/2XL | vmobleceni.cz
242290;Dámské kraťasy 3/4 letní tepláky z 100% polyesteru, nadrozměrné vel. XL–2XL. Lehké, pohodlné, ideální na léto. Objednejte online.;Dámské kraťasy 3/4 nadrozměrné XL–2XL | vmobleceni.cz
242462;Dlouhé mikinové šaty s kapucí a dlouhým rukávem z 95% bavlny. Velikost UNI S/L pro dámy. Pohodlný střih pro každodenní nošení. Objednejte nyní.;Dlouhé mikinové šaty s kapucí dámské | vmobleceni.cz
242509;Dámská tunika s dlouhým rukávem, bavlněná (95% bavlna, 5% elastan), univerzální velikost L/XL. Pohodlný střih pro plnoštíjné postavy. Objednejte online.;Dámská tunika dlouhý rukáv L/XL | vmobleceni.cz
242565;Dlouhé letní šaty s širokými ramínky a proužkovaným vzorem, 100% polyester, velikosti S/M–L/XL. Vzdušné a pohodlné pro léto. Objednejte nyní.;Dlouhé letní šaty s proužky S–XL | vmobleceni.cz
242571;Letní dámské šaty s krátkým rukávem a proužkem, viskóza s elastanem, velikosti S/M až L/XL. Vzdušné a pružné pro pohodlné nošení. Vyberte si správnou velikost.;Letní šaty dámské krátký rukáv proužek | vmobleceni.cz
242577;Dámské mikinové šaty se sametovým povrchem a kapucí, 100% polyester, vel. S/M/L. Pohodlný střih pro každodenní nošení. Vyberte si online.;Dámské mikinové šaty sametové s kapucí | vmobleceni.cz
242601;Elegantní dámské košilové šaty s 3/4 rukávem z 95% bavlny. Pohodlný střih v velikostech S/M/L ONE SIZE. Italská módní kvalita pro každodenní i společenský styl.;Elegantní košilové šaty 3/4 rukáv | vmobleceni.cz
242900;Dámská vesta kožíšek krátká, 100% polyester, černá, univerzální velikost S/L. Teplá a stylová vesta pro podzim a zimu. Objednejte na vmobleceni.cz.;Dámská vesta kožíšek krátká S/L | vmobleceni.cz
243272;Elegantní dámské tričko s dlouhým rukávem z 100% polyesteru, velikost S/M. Jemný střih pro každodenní nošení i slavnostnější příležitosti. Objevte kolekci ITALSKÁ MÓDA.;Dámské tričko dlouhý rukáv S/M | vmobleceni.cz
244738;Dámská koženková sukně skládaná z polyesteru, velikosti S–L. Moderní střih s efektem kože. Objednejte si online – doprava zdarma.;Sukně koženková skládaná dámská S–L | vmobleceni.cz
244852;Dámské volnočasové šaty s dlouhým rukávem, bavlna s elastanem, velikost L/2XL. Pohodlný střih pro každodenní nošení. Objevte kolekci ITALSKÁ MÓDA.;Dámské šaty dlouhý rukáv L/2XL | vmobleceni.cz
244999;Mikinové šaty s kapucí a dlouhým rukávem, bavlna s elastanem, velikost XL/3XL. Pohodlný střih pro nadrozměrné dámy. Objednejte na vmobleceni.cz.;Mikinové šaty s kapucí XL/3XL | vmobleceni.cz
245003;Mikinové šaty s netopíří rukávem a kapucí, 95% bavlna, velikosti L–2XL. Pohodlný střih pro každý den. Sleva až -80%.;Mikinové šaty netopíří rukáv kapuce | vmobleceni.cz
245063;Bavlněné šaty s dlouhým rukávem pro dámy nadrozměru XL/3XL. Pohodlný střih s krajkou, 100% bavlna. Objevte eleganci v běžném i slavnostním stylu.;Šaty dlouhý rukáv dámské nadrozměr XL/3XL | vmobleceni.cz
246289;Dámská mikina se spodničkou a kapucí, dlouhý rukáv, bavlna s elastanem. Pohodlný střih ONE SIZE pro každodenní nošení. Objednejte online.;Dámská mikina se spodničkou a kapucí | vmobleceni.cz
246443;Dámská prodloužená košile dlouhý rukáv z 100% polyesteru, velikost L/2XL. Italská móda IM421248 – praktická a pohodlná. Objednejte nyní.;Dámská košile prodloužená dlouhý rukáv | vmobleceni.cz
246446;Dámské tričko dlouhý rukáv se srdíčkami, 95% polyester, velikost S/M. Elastické, pohodlné, klasický střih pro každodenní nošení. Vyberte si své ideální fit.;Dámské tričko dlouhý rukáv se srdíčky S/M | vmobleceni.cz
246457;Dámské tričko s krátkým rukávem, velikost S/M, ze 95% polyesteru s 5% elastanem. Italská móda s pohodlným střihem. Objednejte online.;Dámské tričko krátký rukáv S/M | vmobleceni.cz
246535;Dámské tričko s dlouhým rukávem, univerzální velikost S/M, z polyesteru s elastanem. Italská móda, pružný materiál, pohodlný střih. Objednejte na vmobleceni.cz.;Dámské tričko dlouhý rukáv S/M | vmobleceni.cz
246537;Dámské tričko dlouhý rukáv z polyesteru s elastanem, vel. S/M. Pružný materiál, pohodlný střih. Objednejte na vmobleceni.cz.;Dámské tričko dlouhý rukáv S/M | vmobleceni.cz
246608;Dámské šaty KLASIK s krátkým rukávem, polyesterové, velikost 58–60 (prsa 120–122 cm). Elegantní střih pro plnější postavy. Objednejte online.;Dámské šaty KLASIK krátký rukáv 58–60 | vmobleceni.cz
247070;Dámská nadrozměrná sukně XL/2XL z italské módy, 100% polyester. Pohodlný střih pro plnoštíhlé ženy. Objednejte online na vmobleceni.cz.;Dámská sukně nadrozměr XL/2XL | vmobleceni.cz
247072;Elegantní dámské šaty s dlouhým rukávem a krajkou, 95% bavlna, velikosti S/M/L ONE SIZE. Pohodlné a jemné pro každodenní nošení. Vyberte si svou velikost.;Dámské šaty dlouhý rukáv krajka S-L | vmobleceni.cz
247224;Elegantní dámské šaty s krátkým rukávem, midi délka, 100% polyester, velikosti S–XL s páskem. Italská móda pro každodenní i formální příležitosti.;Elegantní dámské šaty midi | vmobleceni.cz
247462;Riflová bunda s odepínacím kožíškem, 100% polyester, univerzální střih. Ideální na přechod mezi sezonami. Objednejte online.;Riflová bunda s kožíškem UNI | vmobleceni.cz
247463;Dámská košile dlouhý rukáv z 100% polyesteru, velikosti L–2XL. Italský styl IMWD21237 s pohodlným střihem. Objednejte online.;Dámská košile dlouhý rukáv L-2XL | vmobleceni.cz
247465;Dámská riflová bunda s odepínacím kožíškem, velikost S/M. Polyesterová bunka s délkou 59 cm, vhodná pro podzim i zimu. Objednejte online.;Riflová bunda s kožíškem S/M | vmobleceni.cz
247474;Dámská riflová bunda s odepínacím kožíškem, vel. L. Polyesterová bunda s univerzálním střihem, délka 60 cm, ideální na přechodné období. Objevte stylovou kombinaci.;Dámská riflová bunda s kožíškem L | vmobleceni.cz
247506;Dámská riflová bunda s odepínacím kožíškem, polyesterová, univerzální velikost. Praktická kombináce pro různé příležitosti. Objednejte online.;Dámská riflová bunda s kožíškem | vmobleceni.cz
247869;Dámská riflová bunda s odepínacím kožíškem, 100% bavlna, univerzální střih. Stylová a teplá bunda na přechodné období. Objednejte si svojí velikost nyní.;Dámská riflová bunda s kožíškem | vmobleceni.cz
248092;Elegantní košilové šaty dlouhý rukáv z polyesteru s elastanem, velikost S/M. Italská móda s klassickým střihem. Objednejte online.;Elegantní košilové šaty dlouhý rukáv S/M | vmobleceni.cz
248180;Letní dámské šaty na ramínka s květovaným vzorem, velikost S/M. Polyesterové s elastanem pro pohodlný střih. Vhodné pro teplé dny.;Letní dámské šaty na ramínka květované S/M | vmobleceni.cz
248403;Letní dámská sukně z 100% polyesteru, univerzální velikost S/L. Ideální pro teplé dny díky lehkému materiálu a pohodlnému střihu. Objevte stylovou sukni na vmobleceni.cz.;Sukně krátká letní dámská S/L | vmobleceni.cz
248612;Elegantní dlouhé šaty s dlouhým rukávem, polyester/elastan, velikost S/M. Italský střih pro společenské příležitosti. Objednejte na vmobleceni.cz.;Šaty elegantní dlouhý rukáv dámské S/M | vmobleceni.cz
248663;Elegantní dámské šaty s dlouhým rukávem, italská móda, velikost S/M ONE SIZE. Složení: polyester, viscose, elastan. Pohodlný střih pro denní nošení i společenské příležitosti.;Dámské šaty dlouhý rukáv S/M | vmobleceni.cz
248822;Dlouhé dámské tepláky nadrozměrné (XL/2XL ONE SIZE) z italské módy, 95% bavlna, 5% elastan. Pohodlný střih pro większe postavy. Objednejte si nyní.;Tepláky dlouhé dámské nadrozměrné XL/2XL | vmobleceni.cz
248917;Podzimní dámský kabát z italské módy z polyesteru a vlny, univerzální velikost S/L. Teplý beránek střih pro chladnější dny. Objednejte online.;Dámský podzimní kabát beránek S/L | vmobleceni.cz
248965;Dámská teplá mikina SWEETISSIMA s dlouhým rukávem, 100% polyester, velikosti S–L. Lehká a příjemná na nošení. Objednejte online.;Dámská mikina dlouhý rukáv S–L | vmobleceni.cz
248967;Dámská mikina semišová s kapucí ze 100% polyesteru. Dostupné velikosti S, M, L a ONE SIZE. Měkký semišový materiál, pohodlný střih pro každodenní nošení.;Mikina semišová s kapucí dámská S-L | vmobleceni.cz
249140;Elegantní sametové šaty s dlouhým rukávem, 100% polyester, velikosti S/M/L ONE SIZE. Italská móda pro dámy. Objednejte nyní.;Šaty sametové dlouhý rukáv dámské | vmobleceni.cz
249328;Dámské košilové šaty s 3/4 rukávem ze 100% bavlny, velikosti S–L. Klasický střih, délka 106 cm. Pohodlné a vzdušné na léto i přechod.;Dámské košilové šaty 3/4 rukáv | vmobleceni.cz
249371;Dámská podzimní šusťáková bunda oversized v univerzální velikosti S/XL z 100% polyesteru. Pohodlný střih pro každodenníношení. Objednejte online.;Dámská podzimní šusťáková bunda oversized | vmobleceni.cz
249383;Dlouhé krajkové šaty na ramínka z polyesteru, velikost S/M. Lehké letní šaty pro dámy s elegantním střihem. Objednejte si nyní.;Šaty dlouhé krajkové na ramínka S/M | vmobleceni.cz
249390;Letní dámské tílko z polyesteru s elastanem, univerzální velikost S/M. Lehké, prodyšné, italský střih. Perfektní na horké dny. Objednejte online.;Letní dámské tílko S/M polyester | vmobleceni.cz
249506;Dámské letní kraťasy 3/4 z 95% bavlny s elastanem, univerzální velikost S/M. Pohodlný střih pro teplé dny. Objevte v naší nabídce.;Dámské letní kraťasy 3/4 S/M | vmobleceni.cz
249511;Šifonové letní šaty na ramínka z 100% polyesteru, univerzální velikost S/L. Vzdušné, lehké a pohodlné pro letní dny. Objednejte online.;Šaty šifonové letní dámské S/L | vmobleceni.cz
249660;Dámská kostkovaná košile s dlouhým rukávem od Italské módy, 100% polyester, velikost S/M. Pohodlný střih pro každodenní nošení. Objevte ji v našem e-shopu.;Dámská košile dlouhý rukáv kostkovaná S/M | vmobleceni.cz
249688;Letní dámské šaty oversize z 50% lnu a 50% bavlny, krátký rukáv, velikost UNI S/L. Vzdušné a pohodlné pro teplé dny. Vyzkoušejte italskou módu.;Letní šaty oversize dámské S/L lino | vmobleceni.cz
249798;Dámský teplý kabát dlouhý rukáv, jednobarevný, polyesterový, velikost S–L ONE SIZE. Ideální pro podzim a zimu. Objednejte online.;Dámský teplý kabát dlouhý rukáv | vmobleceni.cz
249799;Dlouhá skládaná sukně dámská z 100% polyesteru, velikost S/M ONE SIZE. Elegantní střih italské módy s praktickou skládanou strukturou. Pohodlná a lehká.;Sukně dlouhá skládaná dámská S/M | vmobleceni.cz
249814;Skládaná dámská sukně středně dlouhá, 75% polyester, 25% elastan, univerzální velikost S/L. Elegantní střih pro každodenní nošení. Objednejte online.;Skládaná sukně dámská S/L | vmobleceni.cz
249830;Letní dámské šaty s krátkým rukávem, bavlna 95% + elastan, univerzální velikost S/L. Pohodlný střih pro letní dny. Objevte italskou módu na vmobleceni.cz.;Letní dámské šaty krátký rukáv S/L | vmobleceni.cz
249891;Dámský dlouhý kabát z italské módy, bavlna-polyester, velikost S/M. Teplý a elegantní, ideální na přechodné období. Vyberte si správnou velikost.;Dámský kabát dlouhý rukáv S/M | vmobleceni.cz
249924;Dámské mikinové šaty s kapucí na zip, 3/4 rukáv, polyesterové, vel. S/M. Pohodlné a teplé pro každodenní nošení. Objednejte nyní.;Dámské mikinové šaty s kapucí na zip | vmobleceni.cz
250173;Dámská souprava mikina a tepláky z 100% polyesteru, velikost S/M. Dostupná v černé, bílé, camel a růžové barvě. Pohodlný set na každý den.;Dámská souprava mikina a tepláky S/M | vmobleceni.cz
250254;Dámské šaty s dlouhým rukávem AFASHION z polyesteru, vel. S–L. Pohodlný střih s rezervou, ideální na každý den. Objednejte online.;Šaty dlouhý rukáv dámské S–L | vmobleceni.cz
250409;Dámské šaty s krátkým rukávem, bavlna-len-elastan, velikosti M–L. Italská móda s přírodním střihem. Objevte pohodlné šaty pro každodenní nošení.;Dámské šaty krátký rukáv M–L | vmobleceni.cz
250428;Letní dámské šaty s dlouhým rukávem, 100% polyester, velikost S/M. Italská móda ITALSKÁ MÓDA s měkkým střihem pro letní nošení. Pohodlné a odolné.;Letní šaty dlouhý rukáv dámské S/M | vmobleceni.cz
250435;Dámské volnočasové šaty s 3/4 rukávem, nadrozměrné UNI 2XL/4XL, bavlna 95%. Pohodlný střih pro každodenní nošení. Najdete je v e-shopu vmobleceni.cz;Dámské šaty nadrozměrné 3/4 rukáv | vmobleceni.cz
250648;Dětské slabé ponožky z polyesteru, vel. 29-37. Jemný materiál pro pohodlí, odolné a snadné na údržbu. Vyberte správnou velikost pro vaše dítě.;Dětské ponožky slabé 29-37 | vmobleceni.cz
250701;Prodloužená dámská košile s vestou, dlouhý rukáv, 100% polyester, vel. S/M. Italská móda s praktickým střihem pro každodenní nošení. Objednejte si nyní.;Dámská košile s vestou dlouhý rukáv S/M | vmobleceni.cz
250724;Dámská souprava: krátká mikina + dlouhé tepláky, 100% polyester, velikost S/M. Italský střih, pohodlná a praktická. Objednejte si nyní.;Dámská souprava mikina tepláky S/M | vmobleceni.cz
251249;Dámské harémky aladinky ze 100% bavlny, italská móda, ONE SIZE S/M/L. Pohodlné kalhoty s volným střihem pro každodenní nošení. Objevte kvalitní oblečení.;Dámské harémky aladinky bavlněné | vmobleceni.cz
251307;Dámská koženková souprava: mikina s dlouhým rukávem a kalhoty, 100% polyester, velikost S/M. Pohodlný letní set tureckého designu.;Dámská koženková souprava mikina kalhoty | vmobleceni.cz
251713;Elegantní dámská halenka s dlouhým rukávem, viscose a elastanem, velikost S/M. Padne na více postav díky elastickému střihu. Objevte italskou módu.;Dámská halenka dlouhý rukáv S/M | vmobleceni.cz
252013;Mikinové šaty s dlouhým rukávem a nášivkou, oversize střih, velikosti S–XL, 100% polyester. Pohodlné každodenní šaty s volumetrickým střihem.;Mikinové šaty dlouhý rukáv oversize dámské | vmobleceni.cz
252335;Dámská mikina slabá z 100% polyesteru, dlouhý rukáv, velikost S/M ONE SIZE. Lehká, pohodlná italská móda. Vyberte si své oblečení online.;Dámská mikina dlouhý rukáv S/M | vmobleceni.cz
252338;Elegantní dlouhé dámské kalhoty z 100% polyesteru, velikost S/M ONE SIZE. Gumená nohavice, pas 60–72 cm, délka 95 cm. Pohodlný střih pro každodenní nošení.;Kalhoty elegantní dlouhé dámské S/M | vmobleceni.cz
252709;Elegantní dámský body s dlouhým rukávem, potisk, zapínání na háček. Polyester s elastanem, velikost S/M. Ideální na vrchní vrstvu.;Elegantní body dlouhý rukáv dámský S/M | vmobleceni.cz
252813;Prodloužená dámská košile s dlouhým rukávem, 100% polyester, velikost L/2XL. Elegantní střih italské módy pro všechny případy. Objednejte nyní.;Dámská košile prodloužená dlouhý rukáv L/2XL | vmobleceni.cz
253033;Elegantní dámské šaty s dlouhým rukávem, italská móda, polyester s elastanem, velikost S/M ONE SIZE. Najděte si své.;Elegantní šaty dlouhý rukáv dámské S/M | vmobleceni.cz
253043;Elegantní dámské košilové šaty s dlouhým rukávem z bavlny s elastanem, černé, velikost S/M. Pohodlný střih italské módy pro každodenní nošení.;Dámské košilové šaty dlouhý rukáv černé | vmobleceni.cz
253097;Dámský body ITALSKÁ MÓDA z viskózy s elastanem, univerzální velikost S/L. Měkký, pružný střih, ideální pod oblečení. Objednejte online.;Dámský body viskóza S/L | vmobleceni.cz
253570;Letní dámské šaty s krátkým rukávem, velikosti S–L, z elastického nylonu. Pohodlný střih pro denní nošení. Objednejte online.;Letní šaty krátký rukáv dámské S–L | vmobleceni.cz
253708;Elegantní košilové šaty s dlouhým rukávem, 100% polyester, velikost S/M ONE SIZE. Italský design na vmobleceni.cz – zjistěte více.;Elegantní košilové šaty dlouhý rukáv | vmobleceni.cz
253716;Dámský body s leopardím vzorem, krátký rukáv, velikost S/M. Polyesterový strech (95% polyester, 5% elastan) s elastickou páskou. Pohodlný střih pro každodenní nošení.;Dámský body leopardí vzor krátký rukáv | vmobleceni.cz
253723;Elegantní dámský body bez rukávů z italské módy. Bavlna s elastanem, velikost S/M ONE SIZE. Hladký střih vhodný pod halenky a svetry.;Dámský body bez rukávů elegantní S/M | vmobleceni.cz
253739;Teplý dlouhý dámský kabát v italské kvalitě, velikost S/M ONE SIZE, polyesterový materiál. Délka 103 cm, vhodný pro podzim a zimu. Vyberte si svůj nový kabát.;Dámský kabát teplý dlouhý rukáv S/M | vmobleceni.cz
253767;Elegantní dámská košile s dlouhým rukávem od ITALSKÉ MÓDY. Polyesterová s elastanem, velikost S/M ONESIZE. Pružný střih pro pohodlné nošení.;Dámská košile dlouhý rukáv elegantní | vmobleceni.cz
253782;Dámské volnočasové šaty s dlouhým rukávem COCO z 95% bavlny s elastanem, velikost S–L. Pohodlný střih pro každodenní nošení. Objevte kolekci ITALSKÁ MÓDA.;Dámské šaty dlouhý rukáv COCO S-L | vmobleceni.cz
253942;Elegantní dámské šaty s dlouhým rukávem od italské značky. Materiál: viscose, polyester, elastan. Velikost S/M ONE SIZE. Najděte svůj styl.;Dámské šaty dlouhý rukáv elegantní | vmobleceni.cz
254090;Dámská halenka-tunika s krátkým rukávem, puntíkovaný vzor, 100% viskoza. Univerzální velikost S/L pro pohodlný střih. Najděte svou halenku online.;Dámská halenka tunika krátký rukáv puntík | vmobleceni.cz
255075;Dlouhé dámské kalhoty s proužky z 100% viskózy, univerzální velikost S/L. Italská móda s elegantním střihem. Objednejte online.;Dámské kalhoty proužkované S/L | vmobleceni.cz
255407;Elegantní dámský body s dlouhým rukávem, velikost S/M ONE SIZE. Polyester se strečem, délka 66 cm. Fit pro boky 84 cm. Objednejte nyní.;Dámský body dlouhý rukáv S/M | vmobleceni.cz
255551;Dámské oversize šaty s krátkým rukávem z 100% polyesteru, velikosti S–L. Pohodlný střih pro všechny postavy. Slevněné italské módní kousky.;Dámské oversize šaty krátký rukáv | vmobleceni.cz
256486;Elegantní dámská košile s prodlouženým střihem a dlouhým rukávem z 100% polyesteru. Velikost S/M ONE SIZE. Italská móda IMWG21003. Objevte nyní.;Dámská košile elegantní prodloužená dlouhý rukáv | vmobleceni.cz
257592;Elegantní dámské šaty s krátkým rukávem z 100% polyesteru, velikost S/M. Ideální na pracovní oblečení i společenské příležitosti. Objevte kolekci ITALSKá MODA.;Elegantní šaty krátký rukáv S/M | vmobleceni.cz
257727;Dámský body krátký rukáv, polyester s elastanem, velikosti S–M. Elastický střih s dobrou tvarováním. Eshop vmobleceni.cz;Dámský body krátký rukáv S–M | vmobleceni.cz
257739;Body s krátkým rukávem pro dámy, velikosti S–M. Polyesterový stretch materiál (93% polyester, 7% elastan) s výbornou elasticitou. Pohodlný střih od italské značky ITALSKÁ MÓDA.;Body krátký rukáv dámské S–M modrá | vmobleceni.cz
257818;Letní dámské šaty bez rukávů s proužkem, bavlna s elastanem, univerzální velikost S–M. Pohodlný střih pro teplé dny. Objednejte nyní.;Letní šaty bez rukávů dámské proužek S-M | vmobleceni.cz
258835;Elegantní košilové šaty s dlouhým rukávem, materiál připomínající len (75% polyester, 25% elastan), vzdušné a lehké. Velikost UNI S/L, v pase stáhnutelné mašlí. Ideální na jarní dny.;Elegantní košilové šaty dlouhý rukáv | vmobleceni.cz
258961;Prodloužená dámská košile s dlouhým rukávem z 95% bavlny, velikost S/M. Italská móda, bílá barva, pružný střih. Objednejte na vmobleceni.cz.;Dámská košile prodloužená dlouhý rukáv bílá | vmobleceni.cz
258970;Dámský krátký kabát s dlouhými rukávy z italské módy. Vlna 60%, polyester 40%, barva růžovošedá, velikost S/M ONE SIZE. Elegantní střih vhodný na přechodné období.;Dámský kabát krátký dlouhý rukáv | vmobleceni.cz
258979;Krátká dámská mikina dlouhý rukáv, černá, bavlna s elastanem, vel. S/M. Pohodlný střih italské značky. Objednejte online.;Dámská mikina krátká dlouhý rukáv černá | vmobleceni.cz
258980;Dámské dlouhé tepláky z italské módy, 95% bavlna, 5% elastan. Pohodlný střih v černé barvě, velikosti S–L. Měkké a elastické.;Dámské tepláky dlouhé černé 95% bavlna | vmobleceni.cz
258986;Dámské baggy tepláky s proužky, 95% bavlna, velikosti S–L. Pohodlné, vzdušné, ideální na denní nošení. Objevte u nás;Dámské baggy tepláky proužkované S–L | vmobleceni.cz
259022;Dámské mikinové šaty s dlouhým rukávem a kapucí, polyesterové, velikost S/M/L. Pohodlný střih pro každodenní nošení. Objednejte online.;Dámské mikinové šaty s kapucí | vmobleceni.cz
259312;Elegantní dámské šaty carmen přes ramena z 100% polyesteru ve fialové barvě, velikost S/M. Italská móda s klasickým střihem. Objednejte online.;Dámské šaty carmen přes ramena fialové | vmobleceni.cz
259426;Dámská mikina bomberka s dlouhým rukávem z 100% polyesteru, vel. S–L. Lehká a pohodlná, ideální na přechodné období. Objednejte online.;Dámská mikina bomberka dlouhý rukáv S–L | vmobleceni.cz
259602;Tunika oversize krátký rukáv dámská XL/2XL z viskózy s elastanem v khaki barvě. Pohodlný střih pro plnější postavu, délka 87 cm. Objednejte online.;Tunika oversize krátký rukáv dámská XL/2XL | vmobleceni.cz
259671;Dlouhý dámský jarní kabát z 100% polyesteru, velikosti S/M/L ONE SIZE. Italská módní značka IMWA s klasickým střihem. Ideální pro přechodné období.;Dlouhý jarní kabát dámský S/M/L | vmobleceni.cz
260550;Dámský flaušový kabát na knoflíčky v béžové barvě, velikost S/M ONE SIZE. Polyesterový kabát střední tloušťky s klasickým střihem, ideální na přechodné období.;Dámský flaušový kabát na knoflíčky béžový | vmobleceni.cz
260579;Letní šaty oversize s krátkým rukávem a nášivkou z italské módy. Bavlna s elastanem, velikosti S–L. Pohodlný střih pro každý den.;Šaty oversize letní krátký rukáv | vmobleceni.cz
260889;Košilové šaty dámské krátký rukáv, khaki barva, velikost S/M ONE SIZE. Polyesterové šaty s klasickým střihem. Objednejte online.;Košilové šaty dámské krátký rukáv khaki | vmobleceni.cz
260956;Dámský body dlouhý rukáv z 100% polyesteru, velikost S/M ONE SIZE. Italská móda IMWY21037 s pohodlným střihem. Objednejte si online.;Body dlouhý rukáv dámské S/M | vmobleceni.cz
261755;Dámské saténové tílko na tenké řetízky, 100% polyester, velikost S/M ONE SIZE. Lehké a elegantní pro letní dny. Objednejte nyní.;Dámské saténové tílko na řetízky | vmobleceni.cz
261772;Dámská koženková bunda s dlouhým rukávem, 100% polyester, velikost S/M. Ideální pro podzim a zimu. Objednejte si svou novou bundu online.;Dámská koženková bunda dlouhý rukáv S/M | vmobleceni.cz
261775;Dámská tunika s krátkým rukávem a odhalenými rameny, batikovaná v růžovo-oranžové. Polyester s elastanem, velikost S/M. Pohodlný střih pro léto.;Tunika krátký rukáv odhalená ramena batik S/M | vmobleceni.cz
261961;Letní dámské šaty bez rukávu, velikost S/M, z polyesteru s elastanem. Vzdušné a pohodlné pro teplé dny. Objednejte online.;Letní šaty bez rukávu dámské S/M | vmobleceni.cz
261985;Letní plátěné šaty dámské, bílé, velikost S/M. Polyesterové, vzdušné a pohodlné pro teplé dny. Objevte stylové letní šaty na vmobleceni.cz.;Letní plátěné šaty dámské S/M | vmobleceni.cz
261986;Dámské kraťasy 3/4 letní v nadrozměru XL–2XL z italské módy. Bavlněné tepláky maskáč s elastanem pro pohodlné nošení. Vhodné na léto.;Kraťasy 3/4 dámské nadrozměr maskáč | vmobleceni.cz
261990;Elegantní dámský top s dlouhým rukávem, velikost S/M, z polyesteru s elasthanem. Italská móda, rafinovaný střih, elastický materiál. Objednejte online.;Dámský top dlouhý rukáv elegantní | vmobleceni.cz
262007;Elegantní dámské tílko košilka s krajkou z viskózy, polyesteru a elastanu, velikost S/M. Jemný střih italské módy pro každodenní nošení. Objednejte si své tílko online.;Tílko košilka s krajkou dámské S/M | vmobleceni.cz
262134;Krátká dámská sukně z 100% polyesteru, velikost S/M one size. Italská móda IMWY21610 s volným střihem. Pohodlné oblečení pro každodenní nošení.;Krátká dámská sukně S/M one size | vmobleceni.cz
262140;Dámské košilové šaty s dlouhým rukávem, velikost S/M, 95% polyester. Elegantní střih pro každodenní nošení i společnost. Objednejte online.;Košilové šaty dámské dlouhý rukáv S/M | vmobleceni.cz
262141;Elegantní dámské šaty Carmen z italské módy, polyesterové, velikost S/M One Size. Pohodlný střih s klasickým designem. Objednejte online.;Elegantní dámské šaty Carmen S/M | vmobleceni.cz
262248;Dámské tepláky 3/4 krátké z italské módy, bavlna s elastanem, velikost S/M ONE SIZE. Pohodlné a prodyšné pro každodenní nošení. Objednejte si nyní.;Dámské tepláky 3/4 krátké S/M | vmobleceni.cz
262252;Elegantní košilové šaty s dlouhým rukávem z polyesteru a elastanu, velikost S/M. Černé dámské šaty ITALSKÁ MÓDA pro každodenní nošení. Objevte kvalitní střih.;Šaty košilové dlouhý rukáv dámské černé | vmobleceni.cz
262544;Dámské tričko s krátkým rukávem z 95% bavlny a 5% elastanu, ONE SIZE. Pohodlný střih italské módy pro každodenní nošení. Objednejte online.;Dámské tričko krátký rukáv bavlněné | vmobleceni.cz
262766;Dlouhé letní šaty na ramínka z 100% polyesteru, velikost uni S/M. Elegantní střih pro dámy, lehký materiál vhodný na léto. Objednejte si své šaty online.;Dlouhé šaty na ramínka letní dámské S/M | vmobleceni.cz
263263;Letní šaty Carmen z 100% lnu, krátký rukáv, riflovací dekorací. Velikost S/M ONE SIZE. Dýchavý materiál pro horké dny. Objevte kolekci italské módy.;Letní šaty Carmen | lněné | vmobleceni.cz
263292;Dámské tričko s krátkým rukávem v maskáčovém designu, 100% bavlna, velikosti S–M. Pohodlný střih pro všední nošení. Objednejte si kvalitní dámské tričko online.;Dámské tričko krátký rukáv maskáč S/M | vmobleceni.cz
263302;Top carmen letní dámský z italské módy, one size (S/M). Polyesterový top s Carmen střihem pro pohodlné léto. Vyberte si větší velikost než jsou vaše míry.;Top carmen letní dámský one size | vmobleceni.cz
263303;Krajkované letní šaty na ramínka z 100% polyesteru, velikost S/M ONE SIZE. Elegantní dámské šaty s jemnou krajkou. Objevte kolekci italské módy.;Krajkované letní šaty na ramínka dámské | vmobleceni.cz
263324;Dlouhé dámské šaty na ramínka z italské módy, bavlna s elastanem, velikosti S–L. Pohodlný střih pro všechny příležitosti. Objednejte si kráslovskou modrou.;Dlouhé dámské šaty na ramínka S–L | vmobleceni.cz
263326;Dlouhé letní šaty s krátkým rukávem, bavlna s elastanem, velikost L/XL ONE SIZE. Pohodlný střih pro dámy. Objednejte online.;Dlouhé letní šaty krátký rukáv L/XL | vmobleceni.cz
263330;Letní dámské šaty s krátkým rukávem z bavlny a elastanu, velikosti S–L. Měkký italský střih se strečem pro pohodlné nošení. Objednejte online.;Letní dámské šaty krátký rukáv bavlna | vmobleceni.cz
263601;Dámská krátká sukně v maskáčovém stylu, 95% bavlna, velikost S/M, pas 90 cm, délka 57 cm. Pohodlný střih pro každodenní nošení. Na skladě.;Sukně krátká maskáč dámská S/M | vmobleceni.cz
263602;Krátká koženková sukně dámská z 100% polyesteru, velikost S/M ONE SIZE. Italská móda s moderním střihem. Objednejte online.;Sukně krátká koženková dámská S/M | vmobleceni.cz
263709;Strečová krátká letní sukně dámská v maskáči, 95% polyester, 5% elastan, velikost S/M ONE SIZE. Pohodlný střih pro léto.;Sukně strečová krátká letní maskáč | vmobleceni.cz
263718;Krátká letní dámská sukně maskáč z 95% bavlny, velikosti S/M/L. Italská móda s elastanem pro pohodlný střih. Objevte letní model IMC21227-1/DR.;Sukně krátká dámská maskáč S/M/L | vmobleceni.cz
263719;Prodloužená dámská tunika s krátkým rukávem z italské módy, bavlna s elastanem, vel. S/M. Pohodlný střih, lehký materiál. Objednejte si nyní.;Dámská tunika prodloužená krátký rukáv | vmobleceni.cz
263732;Dlouhé šifonové šaty na ramínka z italské módy. Polyester s elastanem, velikosti S/M/L ONE SIZE. Elegantní střih pro každodenní i společenské nošení.;Dlouhé šifonové šaty na ramínka | vmobleceni.cz
263735;Tenká dámská mikina z 100% polyesteru v černé barvě. Lehký střih pro každodenní nošení, univerzální velikost. Objednejte online.;Tenká dámská mikina černá 100% polyester | vmobleceni.cz
263739;Dlouhá dámská sukně italské módy ze směsi polyesteru a elastanu. Pružný střih v Size S/M/L. Pohodlné, odolné i pro nadměrné velikosti. Vyberte si svou ideální délku.;Dlouhá sukně dámská elastická S-L | vmobleceni.cz
263740;Dámské volnočasové šaty s dlouhým rukávem z italské módy, bavlna s elastanem, velikost S/M. Pohodlný střih pro každodenní nošení. Objednejte nyní.;Dámské šaty dlouhý rukáv S/M černé | vmobleceni.cz
263812;Elegantní dámské šaty s dlouhým rukávem z 100% polyesteru, velikost S/M ONE SIZE. Italská móda s luxusním střihem. Objednejte nyní.;Elegantní dámské šaty dlouhý rukáv | vmobleceni.cz
263845;Dlouhé letní dámské šaty s krátkým rukávem, modrobílý proužek s kotvou. Bavlna s elastanem, velikost S/M. Příjemný materiál, délka 120 cm.;Dlouhé letní šaty dámské proužek | vmobleceni.cz
263887;Elegantní dámské šaty s dlouhým rukávem od italské značky MÓDA, 100% polyester, velikost S/M. Stylové a pohodlné pro každodenní nošení i společenské příležitosti.;Dámské šaty dlouhý rukáv elegantní | vmobleceni.cz
264202;Dámské šaty s dlouhým rukávem z 95% bavlny a 5% elastanu, velikost L. Pohodlný střih s elastanem pro pohyb. Objednejte na vmobleceni.cz.;Dámské šaty dlouhý rukáv L | vmobleceni.cz
264227;Dlouhý dámský overal bez rukávů z italské módy. Polyesterový střih bez rukávů v velikostech S/M/L. Pohodlný a vzdušný střih pro léto.;Dámský overal dlouhý bez rukávů | vmobleceni.cz
264234;Letní dámská souprava: tričko s krátkým rukávem a kraťasy z 100% polyesteru, velikost S/M ONE SIZE, černá. Italská móda IMWD213358/DR. Pohodlná na nošení.;Dámská letní souprava tričko a kraťasy | vmobleceni.cz
264691;Dámská prodloužená mikina na zip s kapucí, bavlna s elastanem, vel. S/M. Neon oranžová ITALSKÁ MÓDA. Pohodlný střih pro každodenní nošení.;Dámská mikina na zip s kapucí prodloužená | vmobleceni.cz
264709;Dámská souprava: oversize tričko Carmen a dlouhá proužkovaná sukně, bavlna s elastanem, one size S/M. Pohodlný střih pro každodenní nošení.;Souprava tričko oversize Carmen a sukně | vmobleceni.cz
265001;Dlouhé letní šaty dámské v červené barvě, polyester s elastanem, univerzální velikost S/M. Vzdušný střih pro teplé dny. Objednejte online.;Dlouhé letní šaty dámské S/M červené | vmobleceni.cz
265911;Krajkové šaty carmen přes ramena z 100% polyesteru. Dámské šaty ONE SIZE (S/M) v italském stylu. Elegantní střih se slunečnicovým výstřihem a krajkou. Objevte svůj nový favorit.;Krajkové šaty carmen přes ramena dámské | vmobleceni.cz
265961;Dlouhé letní šifonové šaty na ramínkách z 100% polyesteru, velikost S/M ONE SIZE. Vzdušné italské šaty s elegantním střihem. Vhodné pro léto a slavnostní příležitosti.;Šaty letní dlouhé šifonové na ramínkách | vmobleceni.cz
266135;Dámské letní šaty na ramínka z viskózy, velikost S/M, růžová barva. Nastavitelná ramínka, knoflíčky a mašle. Ideální pro léto.;Dámské šaty na ramínka S/M růžová | vmobleceni.cz
266136;Dámské šaty na ramínka z italské módy, bavlna s elastanem, velikosti S–L. Pohodlný střih pro léto a volný čas. Objevte kvalitní oblečení ve vmobleceni.cz.;Dámské šaty na ramínka modré | vmobleceni.cz
266229;Košilové šaty s 3/4 rukávem v starorůžové barvě, 100% polyester, vel. S/M. Elegantní střih vhodný na každodenní nošení a společenské příležitosti.;Košilové šaty 3/4 rukáv dámské | vmobleceni.cz
266665;Dlouhé letní šaty na ramínka ze 100% polyesteru, vázání kolem krku a pasu, šířka přes prsa 45–50 cm, barva světle růžová. Ideální na letní večery.;Dlouhé letní šaty na ramínka světle růžová | vmobleceni.cz
266666;Dlouhé letní šifonové šaty na ramínkách v bílé-růžové barvě, velikost S/M. Lehký polyester, skládaná sukně, gumičky na zádech a v pase. Ideální na léto.;Dlouhé šifonové šaty letní dámské S/M | vmobleceni.cz
267071;Dámská halenka 3/4 rukáv ze 100% bavlny, univerzální velikost L–2XL, volné rukávy a zavazovací pásek na zádech. Pohodlný střih pro každodenní nošení.;Halenka 3/4 rukáv dámská L-2XL bavlna | vmobleceni.cz
267384;Dámské 3/4 tepláky ITALSKÁ MÓDA z polyesteru, velikost S/M ONE SIZE. Pohodlné krátké tepláky pro každodenní nošení. Objednejte nyní.;Dámské 3/4 tepláky S/M | vmobleceni.cz
267465;Dlouhá dámská sukně s květinovým vzorem, polyester s elastanem, pružná guma v pase, délka 97 cm, ONE SIZE S/M. Pohodlná letní sukně s příjemným materiálem.;Dlouhá dámská sukně s květiny | vmobleceni.cz
267477;Dámské kraťasy maskáč, velikost S/M, viskóza se strečem. Pohodlný střih s gumou v pase, délka 57 cm. Objednejte si nyní.;Kraťasy dámské maskáč S/M | vmobleceni.cz
267478;Dámské kraťasy maskáč uni S/M z polyesteru, viskózy a elastanu. Pohodlný střih na gumě pro každodenní nošení. Objevte módní střih od ITALSKÉ MÓDY.;Dámské kraťasy maskáč S/M | vmobleceni.cz
267479;Dámské kraťasy maskáč ITALSKÁ MÓDA uni S/M: polyester s viskózou a elastanem, gumový pas 35 cm, délka 57 cm. Pohodlný střih pro každodenní nošení.;Kraťasy dámské maskáč S/M | vmobleceni.cz
267575;Dlouhé dámské tepláky ITALSKÁ MODA, ONE SIZE (pas 68-80 cm), 100% polyester. Pohodlné a lehké tepláky pro každodenní nošení. Objednejte online.;Dlouhé dámské tepláky ONE SIZE | vmobleceni.cz
268481;Letní krátká dámská sukně z italské módy, bavlna s polyesterem, univerzální velikost S/M. Pohodlný střih pro horké dny. Nakupte nyní.;Letní krátká sukně dámská S/M | vmobleceni.cz
269415;Dlouhé letní dámské šaty s proužky, bavlna 95%, rozpar, velikosti S–L. Pohodlné a vzdušné pro teplé dny. Objednejte si v našem e-shopu.;Dlouhé dámské šaty proužkované S–L | vmobleceni.cz
270394;Saténové letní šaty na ramínka s leopardím vzorem, 100% polyester, délka 130cm, velikost S/M. Chladivý materiál ideální na léto. Objednejte nyní.;Saténové šaty letní leopard na ramínka | vmobleceni.cz
270428;Dlouhé letní šaty na ramínka z 95% bavlny s elastanem, velikost S/M. Vzdušný střih ideální na horké dny. Objevte kolekci italské módy.;Dlouhé letní šaty na ramínka dámské | vmobleceni.cz
270470;Dámský saténový cardigan s leopardím vzorem, dlouhý rukáv, polyesterový, velikost S/M ONE SIZE. Lehký a elegantní na léto.;Dámský saténový cardigan leopard | vmobleceni.cz
271554;Elegantní dlouhé dámské šaty s dlouhým rukávem, hadím vzorem a páskem. Lehký polyester s elastanem, univerzální velikost S/L. Vhodné na různé příležitosti.;Dámské šaty dlouhé s páskem hadí vzor | vmobleceni.cz
271556;Elegantní dlouhé dámské šaty s dlouhým rukávem a páskem, leopardí vzor, polyester s elastanem, velikost S/L. Lehký materiál na různé příležitosti.;Dámské šaty dlouhé elegantní s páskem | vmobleceni.cz
272013;Dlouhá letní sukně dámská z 100% polyesteru, velikost S/M ONE SIZE. Lehká a vzdušná sukně pro léto. Objednejte si online.;Dlouhá letní sukně dámská S/M | vmobleceni.cz
272044;Šifonové šaty bez rukávů, 100% polyester, velikost S/M ONE SIZE. Lehké a vzdušné, vhodné na léto i společenské příležitosti. Objednejte si na vmobleceni.cz.;Šifonové šaty bez rukávů S/M | vmobleceni.cz
272054;Dámské tričko s 3/4 rukávem a květinovým potiskem, bavlněné (94% bavlna, 6% elastan), univerzální velikost L/XL. Pohodlný střih italské módní značky. Objednejte online.;Dámské tričko 3/4 rukáv květiny L/XL | vmobleceni.cz
272082;Dlouhé letní šaty Carmen s žabičkami, elastický polyester s elastanem, velikost S/M ONE SIZE. Pohodlné a vzdušné pro horké dny. Objevte více.;Dlouhé šaty Carmen letní žabičkované S/M | vmobleceni.cz
272084;Dlouhé letní šaty carmen s žabičkami, velikost S/M, z elastického polyesteru s cool efektem. Ideální na horké dny. Objednejte z kolekce italské módy.;Dlouhé letní šaty carmen žabičkované S/M | vmobleceni.cz
272092;Letní dámské šaty na široká ramínka, velikost S/M, 95% polyester. Pohodlný střih pro běžné nošení. Objevte kolekci italské módy.;Letní šaty dámské na ramínka S/M | vmobleceni.cz
272518;Letní dámská sukně s kapsami, bavlna s elastanem, barva bílá se šedými listy, pas 68-88 cm, boky 92-112 cm. Pohodlná one size sukně pro léto. Objednejte na vmobleceni.cz;Letní dámská sukně s kapsami bílá | vmobleceni.cz
272558;Letní šaty na ramínka dámské oversize XXL, 95% polyester, délka 90 cm. Pohodlný střih pro každodenní nošení. Vyberte si svou velikost.;Šaty letní krátké dámské oversize XXL | vmobleceni.cz
273444;Dámská sukně středně dlouhá s leopardím vzorem, polyester s elastanem, velikost S/L. Pohodlný střih pro každodenní nošení. Objednejte nyní.;Dámská sukně leopard S/L | vmobleceni.cz
274092;Dlouhé letní šaty carmen s elastickým dekkoltem, 100% viskoza, délka 126 cm, velikost S/M. Vzdušné a pohodlné pro léto. Koupit online.;Šaty carmen dlouhé letní přes ramena dámské | vmobleceni.cz
274787;Letní košilové šaty z 100% viskózy, krátký rukáv, uni velikost S/M. Příjemný měkký materiál, délka 98 cm. Objednejte si nyní.;Letní košilové šaty dámské S/M viskóza | vmobleceni.cz
276107;Dámská pletená tunika s leopardím vzorem, dlouhý rukáv, velikost S/M. Materiál: 62% polyester, 33% viskoza, 5% elastan. Pohodlný střih pro každodenní nošení.;Tunika dlouhý rukáv leopard dámská S/M | vmobleceni.cz
290561;Dámské bavlněné legíny dlouhé, 95% bavlna s elastanem, velikosti S/M až XXL. Pohodlný střih pro každodenní nošení. Objednejte online.;Dámské bavlněné legíny dlouhé S-XXL | vmobleceni.cz
292792;Prodloužená dámská košile s 3/4 rukávem, nadrozměrná velikost 2XL/3XL, polyester s elastanem, kapsy, délka 120 cm. Pohodlná a lehká.;Dámská košile prodloužená 3/4 rukáv nadrozměrná | vmobleceni.cz
293686;Košilové šaty oversize z 100% viskózy s dlouhým rukávem a zavazováním v pase. Nadrozměr XL/2XL, přes prsa 120 cm, délka 96 cm. Italská móda pro ženy.;Košilové šaty oversize dlouhý rukáv nadrozměr | vmobleceni.cz
293687;Košilové šaty oversize z 100% viskózy s dlouhým rukávem a vázáním v pase. Nadrozměr XL/2XL, přes prsa 120cm, délka 96cm. Pohodlný střih pro plnoštíhlé postavy.;Košilové šaty oversize nadrozměr | vmobleceni.cz
295952;Pánské veselé ponožky slabé z 100% polyesteru, velikosti 38-41 a 42-46. Polská móda s obrázkovou výzdobou pro každodenní nošení. Objednejte si nyní.;Pánské veselé ponožky slabé 38-46 | vmobleceni.cz
295956;Pánské veselé ponožky slabé z 100% polyesteru, velikosti 38–41 a 42–46. Polská móda s originálním designem na každý den.;Pánské veselé ponožky slabé 38-46 | vmobleceni.cz
296720;Veselé pánské ponožky s barevnými obr­ázky, 100% polyester, velikosti 42–46. Pohodlné a stylové doplnění do každodenního garderobu. Objednejte si je nyní.;Veselé pánské ponožky 42-46 | vmobleceni.cz
299226;Dámská souprava mikina a tepláky v maskáči, bavlna s elastanem, velikost L/XL. Pohodlný střih pro každodenní nošení. Objednejte nyní.;Dámská souprava mikina tepláky maskáč L/XL | vmobleceni.cz
301123;Dámské veselé ponožky s motivem koaly, velikosti 37–41, bavlněné s elastanem. Tenké, pohodlné a stylové. Objednejte na vmobleceni.cz;Dámské ponožky veselé koala 37-41 | vmobleceni.cz
301363;Pánské veselé ponožky s hokejovým motivem, bavlněné, velikosti 42–46. Pohodlné s elastanem pro celý den. Objevte kolekci na vmobleceni.cz;Pánské veselé ponožky hokej 42-46 | vmobleceni.cz
301380;Dámské veselé ponožky s motivem psů, velikosti 37–41, tenké polyesterové. Pohodlné vláknité ponožky pro každodenní nošení. Objednejte si své oblíbené.;Dámské ponožky veselé psi 37-41 | vmobleceni.cz
303184;Dámské veselé ponožky s motivem koně, bavlněné (75%), slabé, velikosti 35–40. Pohodlné a elastické. Objednejte si nyní.;Dámské ponožky s motivem koně 35–40 | vmobleceni.cz
305183;Veselé vánoční ponožky z 100% polyesteru pro dámy i pány, velikosti 35–46. Pohodlný střih s festivalním designem. Objednejte si sadu na vmobleceni.cz.;Vánoční ponožky dámské pánské 35-46 | vmobleceni.cz
305658;Dámský zimní kabát parka s kožíškem, polyesterový, velikosti XS–L, béžová barva. Ideální na zimu s příjemným střihem. Vyberte si svou velikost.;Dámský zimní kabát parka s kožíškem XS-L | vmobleceni.cz
306649;Veselé pánské ponožky 42–46 s barevnými obrázky, 100% polyester. Originální doplněk do každodenního šatníku. Objednejte si nyní.;Veselé pánské ponožky 42-46 | vmobleceni.cz
306650;Veselé pánské ponožky s obrázky, polyesterové, velikosti 42-46. Barevné designy pro muže, které si připadají originálně. Objednejte si stylové ponožky online.;Veselé pánské ponožky 42-46 | vmobleceni.cz
306691;Pánské vánoční ponožky Milena, velikosti 42–46, 100% polyester. Veselé obrázkové ponožky s vánočním motivem od polské značky. Objednejte si svůj vánoční комфорт.;Pánské vánoční ponožky 42-46 | vmobleceni.cz
306862;Dámské ponožky s motivem koček, velikosti 37–41, tenké, veselé. Polyesterové ponožky s barevným potiskem. Objednejte si zábavné doplňky do šatníku.;Dámské ponožky koček 37-41 | vmobleceni.cz
308484;Dámské ponožky s veselým potiskem koček, velikosti 37–41, ze 100% polyesteru. Lehké a pohodlné na nošení. Objednejte si své oblíbené ponožky ještě dnes.;Dámské ponožky veselé kočky 37-41 | vmobleceni.cz
308486;Slabé dámské veselé ponožky s motivem mývala, polyesterové, velikosti 37–41. Pohodlné a vtipné doplnění do šatníku.;Dámské ponožky veselé mýval 37-41 | vmobleceni.cz
308487;Dámské ponožky slabé s leopardím vzorem, velikosti 37–41, 100% polyester. Veselé obrázkové ponožky pro každodenní nošení. Objednejte nyní.;Dámské ponožky leopard 37-41 | vmobleceni.cz
308489;Dámské veselé ponožky v barvě vína, velikosti 37–41, ze 100% polyesteru. Slabé obrázkové ponožky s vtipným designem. Objednejte si pohodlné ponožky na vmobleceni.cz.;Dámské veselé ponožky vína 37-41 | vmobleceni.cz
309596;Dámské mikinové šaty s kapucí a dlouhým rukávem z 95% bavlny. Velikost M/L ONE SIZE, přiléhavý střih na prsa 120 cm. Pohodlné a teplé na každý den.;Dámské mikinové šaty s kapucí | vmobleceni.cz
309598;Bavlněné oversize šaty s dlouhým rukávem pro dámy, 95% bavlna, velikost L/XL ONE SIZE. Pohodlný střih, délka 100cm. Objednejte online.;Oversize bavlněné šaty dlouhý rukáv | vmobleceni.cz
310132;Dlouhé dámské tepláky z italské módy, bavlna s elastanem, vel. XL/2XL ONE SIZE. Pohodlné, prodyšné a univerzální pro každodenní nošení.;Dámské tepláky dlouhé XL/2XL | vmobleceni.cz
311459;Dámské vánoční ponožky s termo funkcí, velikosti 36–40, 100% polyester. Teplé a pohodlné na zimu. Objednejte si své vánočně motivované ponožky.;Dámské vánoční ponožky termo 36-40 | vmobleceni.cz
312681;Slabé veselé ponožky na Valentýna pro děti, dospělé ženy i muže. Polyesterové ponožky v sizes 27–46. Originální dárek nebo oblíbený doplněk.;Ponožky slabé veselé valentýn | vmobleceni.cz
312686;Slabé polyesterové ponožky s valentýnským motivem pro pány, dámy i děti. Velikosti 35–46. Veselý design, pohodlná kvalita. Vyberte si svou velikost.;Ponožky slabé valentýn pánské dámské dětské | vmobleceni.cz
313551;Dámská košilová tunika dlouhý rukáv, polyester s elastanem, velikost S/M ONE SIZE. Pohodlný střih pro každodenní nošení. Objednejte nyní.;Dámská košilová tunika dlouhý rukáv S/M | vmobleceni.cz
313557;Elegantní dámská halenka s dlouhým rukávem, italská móda. Materiál: 92% polyamid, 8% spandex. Velikost S/M. Pohodlný střih, ideální na práci i volný čas.;Dámská halenka dlouhý rukáv elegantní | vmobleceni.cz
313602;Pánské veselé ponožky s motivem peněz, velikost 40-43, 100% polyester. Originální design pro muže, který je zaručeně potěší. Koupit online.;Pánské veselé ponožky peníze 40-43 | vmobleceni.cz
313647;Dámské šaty s dlouhým rukávem, jednSize (S/M), italská móda. Elegantní střih pro každodenní nošení. Objednejte online na vmobleceni.cz.;Šaty dlouhý rukáv dámské S/M | vmobleceni.cz
313649;Elegantní dámské šaty s dlouhým rukávem od italské značky ITALSKÁ MÓDA. Poliester s elastanem, velikost S/M ONE SIZE. Střih pro klasickou femininu.;Elegantní šaty dlouhý rukáv dámské | vmobleceni.cz
313650;Dámské košilové šaty s dlouhým rukávem od ITALSKÉ MÓDY. Polyesterové s elastanem, velikost S/M. Pohodlný střih pro každodenní nošení.;Dámské košilové šaty dlouhý rukáv | vmobleceni.cz
313656;Elegantní dámské šaty ze sametu s dlouhým rukávem, vel. S/M. Polyesterové s elastanem, měkké a lesklé. Italská móda, dokonalé na večer i slavnostní chvíli.;Elegantní sametové šaty dlouhý rukáv | vmobleceni.cz
313872;Krátká dámská sukně z italské módy v mixu bavlny a elastanu. Velikost S/M ONE SIZE s pohodlným střihem. Oblékněte si nyní.;Sukně krátká dámská S/M ONE SIZE | vmobleceni.cz
313874;Elegantní dlouhá skládaná sukně pro dámy, 100% polyester, ONE SIZE (S/M). Univerzální střih s plisé efektem. Objednejte online.;Sukně dlouhá skládaná dámská ONE SIZE | vmobleceni.cz
313875;Elegantní dámské šaty ze sametu s dlouhým rukávem, velikost S/M, 95% polyester. Italská móda s elastanem pro pohodlný fit. Objevte luxusní střih.;Šaty elegantní samet dlouhý rukáv dámská | vmobleceni.cz
313876;Elegantní dámské šaty s dlouhým rukávem od italské módy. Polyesterové se strečem, velikost S/M. Dokonalé pro formální příležitosti. Objevte elegant.;Šaty elegantní dlouhý rukáv dámské | vmobleceni.cz
314023;Pánské ponožky slabé s veselým motivem Valentýn, velikosti 38–41, 100% polyester. Lehké a pohodlné na každý den.;Pánské ponožky veselé Valentýn 38-41 | vmobleceni.cz
314663;Dámské tričko s krátkým rukávem z 100% polyesteru, vel. S/M ONE SIZE. Italská móda IMM21414/D/P8 s pohodlným střihem. Objednejte online.;Dámské tričko krátký rukáv S/M | vmobleceni.cz
314666;Dámské tričko s krátkým rukávem z 100% polyesteru, velikost S/M ONE SIZE. Pohodlný střih pro každodenní nošení. Objevte kolekci italské módy.;Dámské tričko krátký rukáv S/M | vmobleceni.cz
315466;Dámské mikinové šaty s kapucí a dlouhým rukávem z 100% bavlny, velikost M/L. Pohodlný střih na prsa 120 cm, délka 84 cm. Objevte stylové mikinové šaty.;Dámské mikinové šaty s kapucí | vmobleceni.cz
316240;Dámská prošívaná vesta s kapucí z 100% polyesteru, velikost L/XL One Size. Šusťák, délka 74–88 cm, prsou 112 cm. Ideální na jarní a podzimní nosení.;Dámská vesta šusťáková prošívaná s kapucí | vmobleceni.cz
316304;Pánské slabé veselé ponožky v polyesteru, velikosti 38–46. Barevný vzor, pohodlný střih. Objednejte si oblíbené ponožky se vzorem.;Pánské veselé ponožky 38–46 | vmobleceni.cz
318235;Slabé unisex ponožky s veselými obrázkky, vel. 38–46. Pohodlné na každý den pro muže i ženy. Objednejte na vmobleceni.cz.;Ponožky slabé unisex 38-46 | vmobleceni.cz
319587;Dětské chlapecké ponožky slabé v polyesteru, velikosti 29–37. Lehké, prodyšné ponožky pro všední nošení. Objednejte nyní.;Dětské ponožky slabé chlapecké 29-37 | vmobleceni.cz
319761;Džiny push-up s středně vysokým pasem, černé, vel. 38–46. Formující střih zvýrazňuje postavu. Najděte svou velikost a užijte si pohodlné nošení.;Džiny push-up středně vysoký pas 38-46 | vmobleceni.cz
320950;Dámské veselé ponožky slabé, vel. 35-40, POLSKÁ MÓDA. Barevné obrázkové ponožky pro ženy. Objednejte si nyní.;Dámské veselé ponožky 35-40 | vmobleceni.cz
322809;Veselé dámské a pánské ponožky s obrázky, velikosti 36–46. Tenké ponožky od Polské módy s barevným vzorem. Pohodlné a stylové.;Veselé ponožky dámské pánské 36-46 | vmobleceni.cz
322810;Pánské veselé ponožky Crazysocks, velikosti 44–47, tenké z polyesteru. Barevné a originální design pro každodenní nošení. Objednejte online.;Pánské veselé ponožky Crazysocks 44-47 | vmobleceni.cz
322873;Krátký vlněný dámský kabát ITALSKÁ MÓDA na jaro s dlouhým rukávem, ONE SIZE oversize (S/L). Polyester s elastanem, délka 68 cm. Pohodlný střih pro všechny postavy.;Krátký vlněný kabát dámský oversize | vmobleceni.cz
324624;Dámské tričko s 3/4 rukávem a proužky, 95% bavlna, velikosti S–L. Pohodlný střih pro každodenní nošení. Zjistěte více.;Dámské tričko 3/4 rukáv proužek S–L | vmobleceni.cz
324943;Pánské veselé ponožky s barevnými motivy, polyesterové, velikosti 41-43 a 44-46. Komfortní doplněk pro každodenní nošení. Objednejte si u nás.;Pánské veselé ponožky 41-46 | vmobleceni.cz
325456;Letní dámské šaty volnočasové s krátkým rukávem, bavlněné (95% bavlna, 5% elastan), nadrozměr ONE SIZE 3XL/4XL. Pohodlný střih pro všechny velikosti. Objednejte online.;Letní šaty dámské nadrozměr bavlněné | vmobleceni.cz
325463;Dámská tunika se zavazováním, krátký rukáv, nadrozměr 2XL/3XL. Bavlna s elastanem, pohodlný střih pro plnoštíhlé postavy. Objevte tunika, kteráседí.;Tunika krátký rukáv dámská nadrozměr 2XL/3XL | vmobleceni.cz
328491;Dámské šaty klasik s krátkým rukávem, batika vzor, polyester, velikost M/L ONE SIZE. Pohodlný střih pro všechny příležitosti. Objednejte nyní.;Dámské šaty klasik batika krátký rukáv | vmobleceni.cz
329795;Dámské šaty s krátkým rukávem z italské módy, 100% viskoza, velikost L/XL. Vzdušné a příjemné na nošení. Objednejte online.;Dámské šaty s krátkým rukávem L/XL | vmobleceni.cz
330021;Polyesterové šaty s motýlkovým střihem a páskem, one size pro S–2XL. Oversize střih, délka 81–90 cm. Italská móda.;Šaty motýlkové oversize s páskem | vmobleceni.cz
330548;Dlouhé letní šaty na ramínka z bavlny a polyesteru, velikost S/M. Pohodlný střih na prsa 84-92 cm, délka 137 cm. Италská móda pro letní dny.;Dlouhé letní šaty na ramínka dámské S/M | vmobleceni.cz
330549;Dlouhé letní šaty na ramínka z 50% bavlny a 50% polyesteru, velikost S/M ONE SIZE. Pohodlný střih pro dámy, délka 137 cm, prsní šířka 84–92 cm. Kvalitní italská móda.;Dlouhé letní šaty dámské na ramínka S/M | vmobleceni.cz
330550;Dlouhé letní šaty na ramínka z bavlny a polyesteru, velikost S/M. Italská móda s délkou 137 cm a průměrem na prsou 84–92 cm. Pohodlný střih pro letní sezónu.;Dlouhé letní šaty na ramínka S/M | vmobleceni.cz
330680;Dámský batoh TESSRA – polyesterový batoh 32×14 cm s funkčním střihem. Ideální do města i na vycházky. Objednejte na vmobleceni.cz.;Dámský batoh TESSRA 32×14 cm | vmobleceni.cz
330687;Dámský batoh TESSRA 32×14 cm z polyesteru. Praktický a odolný batoh na denní nošení s kompaktními rozměry. Vyberte si online.;Dámský batoh TESSRA 32×14 cm | vmobleceni.cz
330692;Dámský batoh TESSRA KABELKY 11×29 cm z 100% polyesteru. Praktický a odolný batoh pro každodenní nošení. Vyberte si online.;Batoh dámský TESSRA KABELKY 11x29 | vmobleceni.cz
330694;Dámský batoh TESSRA 12×29 cm z polyesteru. Stylový doplněk pro každodenní nošení. Objednejte online na vmobleceni.cz.;Batoh dámský TESSRA 12×29 | vmobleceni.cz
330986;Dlouhé letní šaty bez rukávu s materiálem icecool (95% polyester, 5% elastan), velikosti S až L. Chladivý efekt, pružný střih. Objednejte nyní.;Dlouhé šaty bez rukávu icecool dámské | vmobleceni.cz
330987;Dlouhé letní šaty bez rukávu s materiálem icecool (95% polyester, 5% elastan), velikosti S až L. Chladivý efekt, pružný střih. Objednejte nyní.;Dlouhé šaty bez rukávu icecool dámské | vmobleceni.cz
331178;Elegantní dámské šaty s rolákem a dlouhým rukávem z polyesteru s elastanem, vel. S/M ONE SIZE. Štíhlý střih pro klasický look. Objednejte online.;Šaty rolák elegantní dámské dlouhý rukáv | vmobleceni.cz
331187;Letní šifonové šaty na ramínka pro dámy, vel. S/M, s elastickou gumou v pase. Prodyšný polyester nebo viskoza s elastanem. Ideální pro teplé dny.;Letní šaty na ramínka dámské S/M | vmobleceni.cz
331698;Dámské plátěné kalhoty 3/4 v univerzální velikosti S/L od ITALSKÉ MÓDY. Pohodlný střih z 77% viskózy s elastanem. Objevte klasický kousek pro léto.;Dámské kalhoty 3/4 plátěné S/L | vmobleceni.cz
331975;Bavlněná tunika s krajkou a 3/4 rukávem pro ženy, 100% bavlna, univerzální velikost S/L. Pohodlný střih, vzdušný materiál. Objednejte online.;Tunika bavlněná krajková 3/4 rukáv | vmobleceni.cz
331999;Letní krajkové šaty na ramínka z 100% bavlny, velikost S/M ONE SIZE. Vzdušné bavlněné šaty s krajkou pro ženy, prsa 80–90 cm, délka 95 cm. Vhodné i pro nadrozměr.;Letní krajkové šaty na ramínka dámské | vmobleceni.cz
332161;Dlouhé letní šaty na ramínka z italské módy, polyesterové s elastanem, univerzální velikost S/M. Ideální pro teplé dny. Objednejte online.;Dlouhé letní šaty na ramínka dámské | vmobleceni.cz
332359;Dlouhé letní šaty bez rukávu s chladivým efektem icecool, polyester s elastanem, velikosti S–L. Vzdušné a pruženého střihu. Objednejte nyní.;Letní šaty bez rukávu icecool dámské S–L | vmobleceni.cz
333461;Dlouhé letní šaty na ramínka z 100% viskózy, velikost S/M ONE SIZE. Vzdušné, pohodlné na každodenní nošení. Objevte kolekci ITALSKÁ MÓDA.;Dlouhé letní šaty na ramínka dámské | vmobleceni.cz
333562;Dlouhé letní šaty na ramínka z 100% viskózy, velikost S/M ONE SIZE. Vzdušné, pohodlné na každodenní nošení. Objevte kolekci ITALSKÁ MÓDA.;Dlouhé letní šaty na ramínka dámské | vmobleceni.cz
333589;Dlouhé letní šaty na ramínka z 100% viskózy, velikost S/M one size. Elastický pas 65–80 cm, délka 152 cm. Italská móda pro komfortní léto.;Dlouhé letní šaty na ramínka dámské | vmobleceni.cz
334440;Dlouhá saténová dámská maxi sukně s gumou v pase 68–90 cm, délka 96 cm. Polyester s elastanem pro pohodlné nošení do práce i volného času. Jedná se o jeden univerzální střih.;Sukně maxi saténová dámská dlouhá | vmobleceni.cz
334441;Dlouhá saténová dámská maxi sukně s gumou v pase 68–90 cm, délka 96 cm. Polyester s elastanem pro pohodlné nošení do práce i volného času. Jedná se o jeden univerzální střih.;Sukně maxi saténová dámská dlouhá | vmobleceni.cz
334442;Dlouhá saténová dámská maxi sukně s gumou v pase 68–90 cm, délka 96 cm. Polyester s elastanem pro pohodlné nošení do práce i volného času. Jedná se o jeden univerzální střih.;Sukně maxi saténová dámská dlouhá | vmobleceni.cz
334443;Dlouhá saténová dámská maxi sukně s gumou v pase 68–90 cm, délka 96 cm. Polyester s elastanem pro pohodlné nošení do práce i volného času. Jedná se o jeden univerzální střih.;Sukně maxi saténová dámská dlouhá | vmobleceni.cz
334747;Dámské šaty s motýlkovým vzorem, krátký rukáv, materiál chladí v létě. Polyester s elastanem, velikost S/M ONE SIZE. Ideální na dovolenou i každodenní nošení.;Dámské šaty motýlkové icecool | vmobleceni.cz
334748;Dámské šaty s motýlkovým vzorem, krátký rukáv, materiál chladí v létě. Polyester s elastanem, velikost S/M ONE SIZE. Ideální na dovolenou i každodenní nošení.;Dámské šaty motýlkové icecool | vmobleceni.cz
334749;Dámské šaty s motýlkovým vzorem, krátký rukáv, materiál chladí v létě. Polyester s elastanem, velikost S/M ONE SIZE. Ideální na dovolenou i každodenní nošení.;Dámské šaty motýlkové icecool | vmobleceni.cz
336938;Dámské šaty s motýlkovým vzorem, krátký rukáv, materiál chladí v létě. Polyester s elastanem, velikost S/M ONE SIZE. Ideální na dovolenou i každodenní nošení.;Dámské šaty motýlkové icecool | vmobleceni.cz
335236;Dlouhé letní šaty na ramínka z 100% bavlny, velikost S/M. Italská móda s příjemným střihem pro horké dny. Objevte komfortní letní šaty.;Letní šaty na ramínka dámské S/M bavlna | vmobleceni.cz
335891;Letní šaty bez rukávu z polyesteru a elastanu, ideální na léto. Volný střih, velikosti S/M/L ONE SIZE. Pohodlné a vzdušné.;Šaty krátké letní bez rukávu dámské | vmobleceni.cz
335892;Dlouhé letní šaty bez rukávu s chladivým materiálem icecool, zavazování za krk, vycpávka na prsou. Polyester s elastanem, velikost S/M/L. Pohodlné pro teplé dny.;Šaty dlouhé bez rukávu letní icecool | vmobleceni.cz
335893;Dlouhé letní šaty bez rukávu s chladivým materiálem icecool, vycpávanými prsy a zavazováním za krk. Polyester s elastanem, ONE SIZE. Ideální na horké dny.;Dlouhé letní šaty icecool bez rukávu | vmobleceni.cz
335992;Letní riflové šaty bez rukávů z 100% lnu, přes prsa 94cm, ideální na každodenní nošení. Pohodlné a vzdušné šaty v jedné velikosti. Objednejte online.;Šaty letní riflové dámské lněné | vmobleceni.cz
336017;Letní dámské šaty bez rukávů s volánky v leopardím vzoru. Chladivý materiál (95% polyester), volný střih, velikost S/L ONE SIZE. Ideální na horké dny.;Dámské šaty letní bez rukávů leopard | vmobleceni.cz
336238;Dámské dlouhé tepláky v maskáčovém vzoru, 100% polyester, velikosti S/M/L ONE SIZE. Pohodlné a stylové tepláky italské módy s volným střihem. Objednejte si online.;Dámské tepláky maskáč dlouhé | vmobleceni.cz
336318;Elegantní krátké saténové šaty na ramínka, polyester s elastanem, vycpávaná prsa, nastavitelná ramínka. Ideální na ples a večery. Objednejte nyní.;Šaty elegantní saténové krátké na ramínka | vmobleceni.cz
336939;Volnočasové dámské šaty bez rukávu z 100% viskózy, velikost XL/2XL. Pohodlný střih přes prsa 114cm pro plnoštíhlé postavy. Objevte italskou módu.;Dámské šaty bez rukávu XL/2XL | vmobleceni.cz
336942;Šifonové dlouhé letní šaty na ramínka s květovaným potiskem, velikost S/M. Polyester, viskóza, elasten. Pohodlný střih přes prsa 78–100 cm, délka 155 cm. Najděte svou velikost.;Šifonové letní šaty dlouhé květované | vmobleceni.cz
337265;Letní dámské šaty bez rukávu s leopardím vzorem a páskem. Polyester a viskóza, velikost S/M ONE SIZE. Délka 137 cm, pas 70-80 cm. Objevte Italian Fashion.;Letní šaty bez rukávu leopard dámské | vmobleceni.cz
337477;Elegantní dámské šaty s dlouhým rukávem z 100% polyesteru, univerzální velikost S/L. Ideální na společenské akce i do práce. Objednejte si v široké nabídce.;Dámské šaty dlouhý rukáv S/L | vmobleceni.cz
338427;Pánské veselé ponožky s motivem kamionu, polyesterové, vel. 41-43 a 44-46. Originální doplněk s nápaditým designem pro muže. Objednejte nyní na vmobleceni.cz.;Pánské veselé ponožky kamion | vmobleceni.cz
338677;Letní šaty bez rukávu z polyesteru s elastanem, velikosti S–L. Lehké, vzdušné icecool šaty italské módy pro horké dny. Objednejte online.;Letní šaty bez rukávu dámské | vmobleceni.cz
338680;Letní šaty bez rukávu z polyesteru s elastanem, velikosti S–L. Lehké, vzdušné icecool šaty italské módy pro horké dny. Objednejte online.;Letní šaty bez rukávu dámské | vmobleceni.cz
338681;Letní šaty bez rukávu z polyesteru s elastanem, velikosti S–L. Lehké, vzdušné icecool šaty italské módy pro horké dny. Objednejte online.;Letní šaty bez rukávu dámské | vmobleceni.cz
338678;Letní krátké šaty bez rukávů z chladivého icecool materiálu (95% polyester, 5% elastan). Univerzální velikost S/M/L, délka 94 cm. Ideální na horké dny.;Letní šaty icecool bez rukávů dámské | vmobleceni.cz
338679;Letní krátké šaty bez rukávů z chladivého icecool materiálu (95% polyester, 5% elastan). Univerzální velikost S/M/L, délka 94 cm. Ideální na horké dny.;Letní šaty icecool bez rukávů dámské | vmobleceni.cz
338685;Dlouhé saténové šaty na ramínka, 100% polyester, délka 141 cm. Elegantní letní střih pro dámy vel. S/M. Vhodné na večer i mezi lidi.;Dlouhé saténové šaty na ramínka dámské | vmobleceni.cz
338688;Dlouhé letní šaty z bavlny s elastanem, krátký rukáv, volný střih vhodný pro velikosti S–4XL. Pohodlné nadrozměrné šaty pro každodenní nošení. Objevte ITALSKOU MÓDU.;Letní dlouhé šaty nadrozměr bavlněné | vmobleceni.cz
339392;Dámské šaty s dlouhým rukávem a kapsami z lehkého polyesteru (95% PES, 5% elastan). Volný střih, velikosti S–XL. Objevte italskou módu na vmobleceni.cz.;Dámské šaty dlouhý rukáv kapsy | vmobleceni.cz
339393;Elegantní dámské šaty s dlouhým rukávem a páskem, polyester s elastanem, velikosti S–XL. Padnoucí střih s gumou v pase a překříženým výstřihem. Objednejte si.;Dámské elegantní šaty s dlouhým rukávem | vmobleceni.cz
339400;Dlouhá dámská sukně italské značky s elastanem, pas 70–82 cm, délka 77 cm. Pohodlný střih pro postavu S/M. Objednejte na vmobleceni.cz.;Dlouhá dámská sukně S/M italská móda | vmobleceni.cz
339401;Dlouhá dámská sukně italské značky s elastanem, pas 70–82 cm, délka 77 cm. Pohodlný střih pro postavu S/M. Objednejte na vmobleceni.cz.;Dlouhá dámská sukně S/M italská móda | vmobleceni.cz
340194;Dámské šaty dlouhý rukáv z polyesteru s elastanem, velikosti S/M/L ONE SIZE. Volný střih vhodný na každodenní nošení i společenské příležitosti. Objednejte online.;Dámské šaty dlouhý rukáv S/M/L | vmobleceni.cz
341281;Dámský krátký flaušový kabát nad kolena, one size, z 95% polyesteru s elastanem. Elegantní střih pro pohodlné nošení. Objednejte si svůj.;Dámský flaušový kabát krátký | vmobleceni.cz
342232;Letní dámské šaty z 95% bavlny s elastanem, krátký rukáv, velikost S/M ONE SIZE. Pohodlný střih pro každodenní nošení. Objednejte nyní.;Letní bavlněné šaty dámské krátký rukáv | vmobleceni.cz
342871;Elegantní dámské šaty s dlouhým rukávem z polyesteru, šifonové se spodničkou. Velikost S/M ONE SIZE, pružný pas 70–80 cm, délka 91 cm. Italská móda pro každodenní i společenské příležitosti.;Dámské šaty dlouhý rukáv S/M | vmobleceni.cz
342874;Elegantní dámské šaty s dlouhým rukávem, polyesterové, s gumou v pase. Velikost S/M, délka 91 cm. Objevte italskou módu.;Elegantní šaty dlouhý rukáv dámské S/M | vmobleceni.cz
342876;Elegantní dámské šaty s dlouhým rukávem, šifonové se spodničkou, polyesterové. Velikost S/M ONE SIZE, pás v gumě 70–80 cm. Objevte italskou módu.;Elegantní dámské šaty dlouhý rukáv | vmobleceni.cz
343000;Crossbody kabelka přes rameno od Italské módy, 30×22 cm, polyesterová s nastavitelným řemenem. Praktická do běžného nošení i práce.;Crossbody kabelka přes rameno Italská móda | vmobleceni.cz
343571;Elegantní černé šifonové šaty s dlouhým rukávem, gumou v pase a páskem. Polyester s elastanem, velikost S/M. Pohodlný střih pro dámy.;Elegantní šifonové šaty dlouhý rukáv černé | vmobleceni.cz
343573;Elegantní černé šifonové šaty s dlouhým rukávem, v pase na gumě s páskem. Polyester s elastanem, velikost S/M ONE SIZE. Ideální pro dámskou garderobu.;Šaty elegantní šifonové černé dlouhý rukáv | vmobleceni.cz
343574;Elegantní šifonové šaty s dlouhým rukávem, velikost S/M, guma v pase, rozepínání na knoflíky. Polyester s elastanem. Kupte online.;Elegantní šifonové šaty dlouhý rukáv S/M | vmobleceni.cz
344029;Dámská kabelka LAURA BIAGGI z 100% polyesteru, One Size, praktická na každodenní nošení. Odolná a stylová. Vyberte si svou oblíbenou.;Dámská kabelka LAURA BIAGGI One Size | vmobleceni.cz
344035;Dámská kabelka LAURA BIAGGI ONE SIZE z 100% polyesteru. Praktický doplněk pro každodenní nošení. Objednejte si kabelku, která vydrží.;Dámská kabelka LAURA BIAGGI | vmobleceni.cz
344578;Elegantní dámské sako s dlouhým rukávem, zapínání na knoflík, polyester s elastanem, velikost M/L. Bez vycpávek, ideální na práci i do společnosti.;Dámské sako elegantní dlouhý rukáv | vmobleceni.cz
344607;Elegantní plesové šaty bez rukávů v XXL od Italské módy. Skládaný střih, pružný pas, polyester s elastanem. Délka 122 cm pro dámy s prsy 114 cm.;Plesové šaty XXL bez rukávů skládané | vmobleceni.cz
344608;Elegantní plesové šaty bez rukávů s vrstvami, polyester s elastanem, velikost M (prsa 80–88 cm). Skladný střih, délka 122 cm. Objednejte online.;Šaty plesové bez rukávů M | vmobleceni.cz
348213;Dlouhé plesové šaty s třpytivým efektem na tenkých ramínkách, velikost S/M ONE SIZE. Elegantní střih pro společenské akce. Objednejte online.;Plesové šaty dlouhé třpytivé na ramínka | vmobleceni.cz
348253;Dámské nadkolenky s vánočním motivem vloček a mašlí, vel. one size, z bavlny s polyamidem. Teplé a pohodlné pro svátky.;Nadkolenky Vánoční vločky s mašlí dámské | vmobleceni.cz
348263;Dámské nadkolenky s vánočním vzorem norských vloček, one size. Bavlněné ponožky (75% bavlna, 20% polyamid, 5% elastan) pro pohodlné nošení.;Nadkolenky vánoční norské vločky dámské | vmobleceni.cz
348264;Nadkolenky s norskými vločkami, bavlněné (75%), one size. Veselé vánoční ponožky pro dámy s elastanem pro pohodlný střih. Zjistěte, proč jsou ideální na zimu.;Nadkolenky vánoční norské vločky dámské | vmobleceni.cz
348265;Vánoční nadkolenky s norskými vločkami, bavlněné ponožky one size pro dámy. Pohodlné s elastanem, teplé a veselé na nohy.;Ponožky Vánoční nadkolenky norské vločky | vmobleceni.cz
348266;Dámské nadkolenky ONE SIZE z 75% bavlny s polyamidem a elastanem. Pohodlný střih pro celodenní nošení. Objednejte online.;Nadkolenky dámské ONE SIZE | vmobleceni.cz
348267;Dámské nadkolenky vel. 36-40 z 80% bavlny s elastanem. Příjemné, dlouhodobě nositelné, s optimálním podpěrným účinkem. Objevte kolekci POLSKÁ MODA.;Nadkolenky dámské 36-40 POLSKÁ MODA | vmobleceni.cz
349467;Společenské šaty s flitry, 3/4 rukáv, polyester, nadrozměr XL–2XL. Elegantní třpytivé šaty na ples. Objednejte online.;Společenské šaty s flitry 3/4 rukáv XL | vmobleceni.cz
349491;Dlouhé elegantní plesové šaty s flitry na ramínka, polyester, velikost S/M ONE SIZE. Třpytivé dámské šaty italské módy pro společenské příležitosti.;Plesové šaty dlouhé flitrové na ramínka | vmobleceni.cz
349517;Dámské harémky dlouhé z 100% viskózy, volný střih s gumou v pase, velikost ONE SIZE (S/M). Pohodlné tepláky pro každodenní nošení. Objednejte online.;Dámské harémky dlouhé viskóza ONE SIZE | vmobleceni.cz
349758;Elegantní dlouhé společenské šaty na ramínka, velikost S/M. Italská móda s charakteristickým střihem pro slavnostní příležitosti. Objevte v našem sortimentu.;Šaty společenské dlouhé na ramínka S/M | vmobleceni.cz
353695;Vánoční ponožky 3 ks v balení, velikost 39–43, polyesterové, veselý design pro dámy i pány. Slabé klasické ponožky na vánoční období.;Vánoční ponožky 3 ks 39-43 | vmobleceni.cz
353711;Vánoční ponožky 3 ks v balení, velikost 39–43, polyesterové, veselý design pro dámy i pány. Slabé klasické ponožky na vánoční období.;Vánoční ponožky 3 ks 39-43 | vmobleceni.cz
354699;Bavlněné dámské šaty s krátkým rukávem a kapsami, 95% bavlna, velikosti S–XL. Pohodlný střih pro každodenní nošení. Objevte klasický styl.;Bavlněné dámské šaty krátký rukáv | vmobleceni.cz
354700;Bavlněné dámské šaty s krátkým rukávem a kapsami, 95% bavlna, velikosti S–XL. Pohodlný střih pro každodenní nošení. Objevte klasický styl.;Bavlněné dámské šaty krátký rukáv | vmobleceni.cz
354701;Bavlněné dámské šaty s krátkým rukávem a kapsami, 95% bavlna, velikosti S–XL. Pohodlný střih pro každodenní nošení. Objevte klasický styl.;Bavlněné dámské šaty krátký rukáv | vmobleceni.cz
354702;Bavlněné dámské šaty s krátkým rukávem a kapsami, 95% bavlna, velikosti S–XL. Pohodlný střih pro každodenní nošení. Objevte klasický styl.;Bavlněné dámské šaty krátký rukáv | vmobleceni.cz
354703;Bavlněné dámské šaty s krátkým rukávem a kapsami, 95% bavlna, velikosti S–XL. Pohodlný střih pro každodenní nošení. Objevte klasický styl.;Bavlněné dámské šaty krátký rukáv | vmobleceni.cz
86214;Dětská osuška pončo Frozen z 100% bavlny. Měkký bavlněný materiál, praktický střih ponča pro snadné oblékání. Univerzální velikost pro dívky.;Dětská osuška pončo Frozen bavlněná | vmobleceni.cz
130828;Dětská osuška pončo Frozen od SUN CITY, 100% polyester, univerzální velikost. Pohodlná a rychleschnoucí pro děti po koupeli.;Osuška pončo Frozen dětská | vmobleceni.cz
262506;Dlouhá dámská sukně z 100% polyesteru, velikosti S–L, italské módy. Elegantní střih pro každodenní i společenské occasion. Objednejte online.;Dlouhá dámská sukně polyester S–L | vmobleceni.cz
354931;Černá dámská crossbody kabelka přes rameno (35×19 cm) z polyesteru. Italský design, praktická velikost pro každodenní nošení. Objednejte si kvalitní doplněk.;Crossbody kabelka dámská černá 35x19cm | vmobleceni.cz
213561;Volnočasové bavlněné šaty s krátkým rukávem pro ženy, nadrozměr M–XL ONE SIZE. 95% bavlna, elastan, přes prsa 110 cm, délka 90 cm. Pohodlný střih italské módy.;Volnočasové šaty bavlněné krátký rukáv nadrozměr | vmobleceni.cz
325310;Elegantní dlouhé kalhoty dámské, velikost S/M/L, pas 70–80 cm, polyester s elastanem. Italská móda s univerzálním střihem pro různé styly nošení.;Elegantní dlouhé kalhoty dámské S/M/L | vmobleceni.cz
329331;Dámská tunika halenka Carmen od italské značky. One size pro M/L/XL, materiál polyester a viskóza, délka 70 cm. Pohodlný střih pro každodenní nošení.;Tunika halenka Carmen dámská M/L/XL | vmobleceni.cz
359509;Dlouhé dámské šaty nadrozměrné XL/2XL z viskózy s elastanem. Italská móda na společenské příležitosti, pružný střih pro objem prsou 120 cm. Objevte v eshopu.;Dámské šaty dlouhý rukáv nadrozměrné XL | vmobleceni.cz
361327;Dámské vánoční ponožky Santa s termo izolací, bavlněné s elastanem, velikosti 36–40. Teplé a pohodlné pro zimní dny. Objednejte si teď.;Dámské vánoční ponožky Santa termo 36–40 | vmobleceni.cz
361328;Dámské vánoční ponožky se santou, teplé termo materiál, bavlna s elastanem, velikosti 36–40. Pohodlné a teplé na nohy. Objednejte si nyní.;Dámské vánoční ponožky santa termo 36-40 | vmobleceni.cz
361384;Teplé vánoční ponožky Santa pro dámy, velikosti 36–40, z bavlny a polyamidu s termo funkcí. Pohodlné a teplé na zimu.;Vánoční ponožky Santa termo dámské 36-40 | vmobleceni.cz
361385;Teplé vánoční ponožky pro dámy, velikosti 36-40. Termo materiál 78% bavlna s elastanem zajišťuje pohodlí a dlouhodobou nositelnost. Perfektní volba na chladné dny.;Vánoční termo ponožky dámské 36-40 | vmobleceni.cz
361386;Dámské vánoční ponožky z termoaktivní bavlny (78%) pro velikosti 36–40. Teplé, protažitelné s elastanem. Ideální na chladné dny.;Dámské vánoční ponožky termo 36-40 | vmobleceni.cz
308506;Dámské vánoční ponožky v teplém termomaximu z bavlny. Velikosti 36–40, pevná elastická páska. Pohodlné na nohy i v zimě.;Dámské vánoční ponožky termo 36-40 | vmobleceni.cz
361387;Dámské vánoční ponožky v teplém termomaximu z bavlny. Velikosti 36–40, pevná elastická páska. Pohodlné na nohy i v zimě.;Dámské vánoční ponožky termo 36-40 | vmobleceni.cz
217913;Dámské tričko s krátkým rukávem z 100% polyesteru, univerzální velikosti S/L. Praktické tričko od Italské módy s pohodlným střihem. Vyberte si svou velikost.;Dámské tričko krátký rukáv S/L | vmobleceni.cz
364166;Vánoční ponožky pro muže vel. 43-46, bavlněné s elastanem. Teplé a pohodlné ponožky na zimu. Objednejte si nyní.;Vánoční ponožky 43-46 | vmobleceni.cz
364170;Teplé zdravotní ponožky dámské s veselým vánočním vzorem, 90% králičího chlupů, velikosti 35–42. Příjemné a měkké pro studené dny.;Dámské teplé ponožky vánoční 35-42 | vmobleceni.cz
364171;Zdravotní vánoční ponožky pro dámy, velikost 35–38, z 90% králičích chlupů. Teplé, měkké a veselé. Ideální pro zimu a jako dárek.;Zdravotní vánoční ponožky dámské 35–38 | vmobleceni.cz
364172;Teplé dámské zdravotní ponožky s veselým vánočním motivem, 90% králičího chlupů, velikosti 38–42. Měkké a pohodlné pro chladné dny.;Ponožky teplé zdravotní vánoční dámské 38–42 | vmobleceni.cz
126070;Dámské top tielko z 95% bavlny s elastanem, univerzální střih na ramena. Pohodlné, prodyšné, velikosti XS–3XL. Italská móda s kvalitou.;Dámské top tielko bavlněné | vmobleceni.cz
225814;Dlouhé koženkové legíny z viskozy pro dámy, velikosti XS–XL s páskem na knoflík. Pohodlný střih, pružný materiál. Vyberte svou velikost.;Dlouhé koženkové legíny dámské XS-XL | vmobleceni.cz
264189;Sportovní dámské šaty s proužkem, krátký rukáv, viskóza se strečem. ONE SIZE na XL. Ideální na léto – pohodlné a prodyšné.;Dámské šaty sportovní proužek krátký rukáv | vmobleceni.cz
264194;Elegantní dámské šaty s dlouhým rukávem a krajkou, polyester s elastanem, velikost S. Vhodné na společenské příležitosti. Objednejte nyní.;Šaty elegantní dlouhý rukáv krajka S | vmobleceni.cz
264206;Dámské šaty s dlouhým rukávem z italské módy, vel. L, materiál 70% polyester + 30% viskóza. Elegantní střih s pohodlnou silhouetou. Objednejte si online.;Šaty dlouhý rukáv dámské L | vmobleceni.cz
264226;Dámské šaty dlouhý rukáv z italské módy, 95% viskóza s elastanem, velikost L. Elegantní střih s pohodlnou tkaninou. Objevte komfortní šaty online.;Dámské šaty dlouhý rukáv L ITALSKÁ MÓDA | vmobleceni.cz
264244;Dámské šaty s 3/4 rukávem z italské módy. Bavlna s elastanem, klasický střih, velikosti S–L. Pohodlné a prodyšné.;Dámské šaty 3/4 rukáv klasik S-L | vmobleceni.cz
264271;Elegantní dámské šaty s dlouhým rukávem a krajkou, carmen střih s páskem. Polyesterové, vel. S–L. Koupit elegantní šaty pro společenské příležitosti.;Šaty elegantní dlouhý rukáv krajka S/L | vmobleceni.cz
264284;Dámské šaty klasik s 3/4 rukávem z 90% bavlny a 10% elastanu, univerzální velikosti S–L. Pohodlný střih, italská móda Sweetisima. Objednejte online.;Dámské šaty klasik 3/4 rukáv S–L | vmobleceni.cz
156581;Koženková dámská sukně z 100% polyesteru, velikosti S–L. Elegantní střih italské módy s hladkým materiálem. Objednejte si svou velikost nyní.;Koženková sukně dámská S–L | vmobleceni.cz
63364;Dětské sluneční brýle Minions s 100% UV ochranou a pestrobarevným designem. Splňují normu DIN EN 1836, vhodné pro silné sluneční záření. Uni velikost pro chlapce.;Dětské sluneční brýle Minions UV | vmobleceni.cz
84378;Dětské sluneční brýle Trolls s 100% UV ochranou a pestrobarevným designem. Splňují normu DIN EN 1836, vhodné i při silném slunečním záření. Koupit teď.;Dětské sluneční brýle Trolls | vmobleceni.cz
157048;Dámské letní kraťasy s knoflíky z 75% viscózy, velikost S/M. Vzdušné a pohodlné šortky ideální na léto. Objednejte nyní.;Dámské letní kraťasy s knoflíky S/M | vmobleceni.cz
157058;Dámské letní kraťasy se vzorem květů, viscózový střih, velikost S/M. Vzdušné, pohodlné šortky z italské módy na teplé dny.;Dámské kraťasy šortky letní květy S/M | vmobleceni.cz
158013;Dámské letní tílko z italské módy v kombinaci hedvábí a viskózy, univerzální velikost S/M. Vzdušné a elegantní na léto. Objevte na vmobleceni.cz.;Dámské letní tílko S/M hedvábí viskóza | vmobleceni.cz
169192;Elegantní dlouhé dámské šaty bez rukávů z elastického polyesteru. Velikosti S–XXL. Ideální pro společenské příležitosti. Objednejte si nyní.;Elegantní dlouhé dámské šaty bez rukávů S–XXL | vmobleceni.cz
169200;Elegantní dlouhé dámské šaty bez rukávů z polyesteru se spandexem, velikosti S–XXL. Pohodlný střih s elastanem pro perfektní padnutí. Objednejte si online.;Elegantní dlouhé šaty dámské bez rukávů S-XXL | vmobleceni.cz
207702;Dámské tričko s 3/4 rukávem z bavlny s elastanem, velikost S/M. Pohodlný střih pro každodenní nošení. Objednejte teď na vmobleceni.cz.;Dámské tričko 3/4 rukáv S/M | vmobleceni.cz
217187;Letní dámské šaty s krátkým rukávem a pruhy, bavlněné (95% bavlna, 5% elastan), velikost S–L. Pohodlný střih pro teplé dny. Objevte kolekci na vmobleceni.cz.;Letní dámské šaty krátký rukáv proužek S–L | vmobleceni.cz
217197;Dámské tílko s krajkou, bavlněné (95% bavlna), velikost S/M. Italská móda s jemným zápletem. Pohodlné na léto. Vyberte si správnou velikost.;Dámské tílko krajka S/M bavlněné | vmobleceni.cz
250711;Dámské tričko tunika s krátkým rukávem z italské módy, bavlna s elastanem, velikost XL/XXL. Pohodlný střih pro plnoštíhlé postavy. Objednejte si nyní.;Dámské tričko tunika krátký rukáv XL/XXL | vmobleceni.cz
255466;Volné dámské letní tílko z 100% viskózy, velikosti S–M. Vzdušné, pohodlné a ideální na horké dny. Objednejte si svůj typ.;Volné dámské tílko letní viskóza S–M | vmobleceni.cz
263662;Dlouhé letní bavlněné šaty dámské, černé, univerzální velikost S/M. Pohodlný střih turecké módy. Objednejte si kvalitní letní oblečení.;Dlouhé letní šaty dámské bavlnění černé | vmobleceni.cz
267613;Elegantní dámské šaty s dlouhým rukávem a krajkou, polyesterové, velikosti S–L. Carmen střih s páskem a krajkovými detaily. Objednejte na vmobleceni.cz.;Dámské šaty s krajkou dlouhý rukáv S–L | vmobleceni.cz
320131;Dámské tričko s krátkým rukávem a puntíky z italské módy. Bavlněné (95% bavlna, 5% elastan), velikosti S–L. Pohodlný střih pro každodenní nošení.;Dámské tričko s krátkým rukávem puntik S-L | vmobleceni.cz
60260;Dětská deka Frozen 100×150 cm z 100% polyesteru. Teplá přikrývka pro děti s oblíbeným motivem. Vhodná na postel i do kočárku.;Deka dětská Frozen 100×150 cm | vmobleceni.cz
71103;Plážová taška Frozen pro dívky z polyesteru. Ideální na pláž, bazén a letní výlety. Odolná, praktická a s oblíbeným motivem.;Plážová taška Frozen dívčí | vmobleceni.cz
71208;Magický dětský ručník Frozen 30×30 cm ze 100% bavlny. Měkký, absorpční bavlněný ručník pro dívky s oblíbeným motivem. Objednejte online.;Dětský ručník Frozen 30×30 cm bavlněný | vmobleceni.cz
77530;Dětský deštník Mimoni pro chlapce, 100% polyester, ochrana před deštěm. Praktický doplněk pro každý den. Vyberte správnou velikost.;Dětský deštník Mimoni chlapecký | vmobleceni.cz
81085;Jídelní set Mimoni pro chlapce, 3 díly z polyesteru. Oblíbená hračka pro děti k hraní na kuchyni. Koupit online.;Jídelní set Mimoni chlapecký 3 díly | vmobleceni.cz
81088;Svačinová sada Frozen pro děti – box s lahví od SUN city. Polyesterová dívčí souprava na svačiny. Objednejte online.;Svačinová sada Frozen dívčí | vmobleceni.cz
88253;Dětská zástěra a čepice pro chlapce 3-8 let od SUN city. Polyesterová sada s motivem mimoni, vhodná na koupání i vaření. Pohodlný střih s elastickým páskem.;Dětská zástěra a čepice chlapecká 3-8 let | vmobleceni.cz
256862;Dětský polštář Frozen 36x6 cm z 100% polyesteru. Měkký polštářek pro dívky s motivem oblíbeného filmu. Ideální do dětské postele.;Dětský polštář Frozen 36x6 cm | vmobleceni.cz
374975;Dámská riflová bunda z 97% bavlny s elastanem, velikosti S–2XL. Klasický střih s průměrem přes prsa 80–104 cm. Oblíbený denim na jaře i podzim.;Dámská riflová bunda S-2XL | vmobleceni.cz
374963;Dámská letní souprava s croptopem a kraťasy, velikosti S/M–M/L, italská móda. Ideální na léto. Objednejte online.;Dámská letní souprava croptop kraťasy | vmobleceni.cz
375289;Dlouhá saténová sukně s květinovým vzorem, guma v pase, polyester s elastanem. Velikost S/M (pas 62 cm, délka 102 cm). Pohodlný střih pro každodenní nošení.;Sukně dlouhá saténová dámská S/M | vmobleceni.cz
375295;Dlouhá saténová sukně s květinovým vzorem, pružný pas, 95% polyester. Velikost S/M, pas 62cm, boky 85cm, délka 102cm. Elegantní střih italské módy za skvělou cenu.;Dlouhá saténová sukně dámská S/M | vmobleceni.cz
375552;Šifonové šaty s květinovým vzorem, krátký rukáv, nadrozměr XL/2XL. Polyester nebo viskóza s elastanem. Vhodné na každodenní nošení i slavnostní příležitosti.;Šifonové šaty nadrozměr květované XL/2XL | vmobleceni.cz
375554;Šifonové šaty s květinovým vzorem, krátký rukáv, nadrozměr XL/2XL ONE SIZE. Polyester nebo viskoza s elastanem. Ideální na každodenní nošení i společenské příležitosti.;Šaty šifonové nadrozměr květované XL/2XL | vmobleceni.cz
375694;Šifonové letní šaty s květovaným motivem, krátký rukáv, nadrozměr XL/2XL ONE SIZE. Polyester a viskoza. Vhodné na každodenní nošení i slavnostní příležitosti.;Šifonové šaty květované nadrozměr XL/2XL | vmobleceni.cz
375695;Šifonové letní šaty s květovaným vzorem, krátký rukáv, velikost XL/2XL. Pohodlné nadrozměrné šaty z polyesteru a viskózy na každodenní nošení. Objednejte online.;Šifonové šaty nadrozměr květované XL/2XL | vmobleceni.cz
375696;Šifonové dámské šaty s květovaným vzorem, krátký rukáv, nadrozměr XL–2XL ONE SIZE. Polyester a viskoza, vhodné na léto i běžný den. Pohodlný střih přes prsa 100–120 cm.;Šaty šifonové dámské nadrozměr květované | vmobleceni.cz
376189;Dětský dívčí klobouk ONE SIZE z 95% bavlny se zvedacími uši. Letní ochrana proti slunci pro holčičky od 1 roku. Pružný spandex zajišťuje pohodlné nošení.;Dětský klobouk dívčí ONE SIZE SUNFLOWER | vmobleceni.cz
376634;Dámské košilové šaty z 100% bavlny, velikost 2XL/3XL pro nadrozměr. Volnočasový střih na každodenní nošení i méně formální příležitosti. Objevte pohodlné šaty od italské módy.;Dámské košilové šaty nadrozměr 2XL/3XL | vmobleceni.cz
336421;Dámská košile 3/4 rukáv s proužkem, bavlna 95%, velikost S/M ONE SIZE. Pohodlný střih pro každodenní nošení s délkou 94 cm. Objednejte si kvalitní italskou módu.;Dámská košile 3/4 rukáv proužek S/M | vmobleceni.cz
350313;Dámský pásek s velkou sponou zdobenou kamínky a gumou, velikosti 78–101 cm. Polyesterový pásek italské módy pro různé příležitosti. Objednejte si elegantní doplněk.;Pásek dámský velká spona kamínky 78-101 cm | vmobleceni.cz
332597;Dlouhé maxi šaty s krátkým rukávem, bavlněné se zajímavým vzorem a kapsami. Velikosti 2XL–4XL. Pohodlný střih pro nadrozměrné dámy. Objevte italskou módu.;Maxi šaty dámské nadrozměr 2XL-4XL | vmobleceni.cz
381209;Dlouhé letní šaty dámské s krátkým rukávem a proužkem, bavlna s elastanem, vel. S/M. Pohodlné na každodenní nošení, přes prsa 100–110 cm. Objevte oblečení vmobleceni.cz.;Dlouhé letní šaty dámské proužek S/M | vmobleceni.cz
224933;Sportovní letní šaty dámské s krátkým rukávem, fialové, velikost S/M, 100% polyester. Lehké a pohodlné pro aktivní dny. Vyberte si svůj styl.;Sportovní šaty dámské krátký rukáv fialové S/M | vmobleceni.cz
375513;Elegantní dámské šaty s dvojitým rukávem, polyester s elastanem, vhodné pro 2XL velikost. Italský styl pro chvíle, kdy chcete vypadat výjimečně.;Dámské šaty elegantní dvojitý rukáv 2XL | vmobleceni.cz
376637;Krátké košilové šaty z 100% bavlny s 3/4 rukávem pro dámy, nadrozměrné velikosti M–2XL. Pohodlný střih, italská móda. Objednejte online.;Dámské košilové šaty bavlněné 3/4 rukáv | vmobleceni.cz
349809;Vánoční nadkolenky pro dámské nohavice s veselým motivem vloček a mašlí. One size z polyesteru. Ideální dárek na zimní období.;Vánoční nadkolenky dámské vločky | vmobleceni.cz
349814;Dámské vánoční nadkolenky s vločkami a mašlí, polyesterové, one size. Veselý vánoční doplněk pro každou příležitost. Objednejte si své.;Vánoční nadkolenky dámské vločky | vmobleceni.cz
349815;Nadkolenky s vánočními vločkami a mašlí pro dámy, polyesterové, velikosti 37–41. Perfektní do zimy i k svátkům. Objevte kolekci.;Nadkolenky vánoční vločky s mašlí dámské | vmobleceni.cz
349817;Dámské nadkolenky s vánočním vzorem vloček a mašlí, 100% polyester, velikosti 37–41. Teplé a stylové na zimní dny.;Nadkolenky vánoční vločky dámské 37-41 | vmobleceni.cz
349820;Dámské nadkolenky se vánočními vločkami a mašlí, 100% polyester, velikosti 37–41. Teplé a festivalní volba na zimní období. Objevte v naší kolekci.;Nadkolenky vánoční vločky mašle dámské | vmobleceni.cz
268992;Elegantní společenské šaty s dlouhým rukávem, polyester-viskóza, velikost uni S/M (přes prsa 48 cm). Ideální na večery a slavnostní příležitosti.;Elegantní šaty dlouhý rukáv S/M | vmobleceni.cz
353915;Elegantní společenské šaty s korzetovým střihem na ramínka, velikosti S–L. Francouzská móda FMPEL23KARIN pro dokonalý vzhled. Objednejte online.;Elegantní společenské šaty korzetové | vmobleceni.cz
305661;Dámská zimní parka s kožíškem v barvě béžová, velikosti XS–L. Teplý kabát s kapucí a kožešinovým límcem pro zimu. Pohodlný střih s doporučením na větší velikost.;Dámská zimní parka s kožíškem béžová | vmobleceni.cz
389315;Ložní souprava 1+1 ze 100% polyesteru, rozměry 140×200 cm a 70×90 cm. Odolné povlečení pro pohodlný spánek. Objednejte si nyní.;Ložní souprava 1+1 140×200 cm | vmobleceni.cz
389320;Ložní souprava 1+1 s povlečením 140×200 cm a polštářem 70×90 cm z 100% polyesteru. Odolné, snadno se peří a dlouhotrvající. Objednejte teď.;Ložní souprava 1+1 140×200 cm | vmobleceni.cz
390950;Povlečení 1+1 z 100% polyesteru, rozměry 140×200 cm a 70×90 cm. Odolné, snadno se péče. Vhodné pro manželské postele.;Povlečení 1+1 140×200 cm | vmobleceni.cz
390951;Povlečení 1+1 z 100% polyesteru, rozměry 140×200 cm a 70×90 cm. Odolné, snadno se pere a rychle schne. Ideální pro každodenní použití.;Povlečení 1+1 140×200 cm | vmobleceni.cz
80643;Úložný box Frozen pro dívky od SUN city. Polyesterový box na hračky a věci do dětského pokoje. Praktické skladování oblíbených věcí.;Úložný box Frozen dívčí | vmobleceni.cz
81093;Svačinová sada Spider-Man pro chlapce: box a lahev od Sun City. Ideální do školy a na výlety. Polyesterové, odolné a s oblíbeným motivem.;Svačinová sada Spider-Man box lahev chlapecká | vmobleceni.cz
122276;Dětské světlo CARS SUN city z 100% polyesteru. Ideální do dětského pokoje, lehké a odolné. Vyberte si správnou velikost s naší velikostní tabulkou.;Dětské světlo CARS SUN city | vmobleceni.cz
391535;Dlouhé dámské punčochové legíny 160 DEN z 60,5% bambusu se zateplením kožíškem. Ideální na zimu k šatům i sukni, velikost S/M. Pohodlné a teplé.;Dámské punčochové legíny bambusové 160 DEN | vmobleceni.cz
391537;Bambusové punčochové legíny 300 DEN s kožíškem pro zimu. Dámské legíny (S/M) s vysokým obsahem bambusu a bavlny, ideální k šatům i sukním. Objednej nyní.;Punčochové legíny bambusové 300 DEN | vmobleceni.cz
123013;Dámská vlněná baretka TONAK GAR18817 v univerzální velikosti. Teplá flaušová čepice ze 100% vlny pro zimní dny. Pohodlný střih pro všechny.;Dámská baretka vlněná TONAK | vmobleceni.cz
123015;Dámská vlněná baretka univerzální GAR18818 na zimu. 100% vlna, teplá a měkká, univerzální velikost. Chrání uši před chladem.;Dámská baretka vlněná zimní | vmobleceni.cz
392661;Dámský dlouhý kabát v nadrozměrech 50–56. Střih pro větší postavy, délka 88–92 cm, přes prsa 126–142 cm. Turecká móda.;Dámský kabát nadrozměr 50-56 | vmobleceni.cz
393527;Dětské prstové lyžařské rukavice TAT FASHION v černé barvě, polyesterové, vel. S–M (22–24 cm). Ideální pro zimní lyžování. Vyberte si správnou velikost.;Dětské lyžařské rukavice prstové S-M | vmobleceni.cz
392073;Dámské veselé ponožky Doktorka, velikosti 35–40, 100% polyester. Originální obrázkový design pro každodenní nošení. Objednejte na vmobleceni.cz.;Dámské ponožky veselé Doktorka 35-40 | vmobleceni.cz
395126;Dámské síťované punčocháče CLASSIC s malým očkem, polyamidové, velikosti 158–180 cm. Elegantní spodní prádlo s pružným střihem. Najděte svou velikost v tabulce.;Punčocháče dámské CLASSIC 158-180 | vmobleceni.cz
219398;Dámské šaty 3/4 rukáv oversize z 95% bavlny, univerzální vel. S/L. Pohodlný střih pro každodenní nošení. Sleva až -80% na Black Friday.;Dámské šaty 3/4 rukáv oversize S/L | vmobleceni.cz
241692;Dámská tunika dlouhý rukáv z bavlny s elastanem, velikosti L–XXL. Teplá tunika v nadrozměru od italské módy. Objednejte online.;Dámská tunika dlouhý rukáv L–XXL | vmobleceni.cz
242506;Dámské bavlněné šaty dlouhý rukáv, italská móda, velikosti S–L. Pohodlný střih z 100% bavlny pro každodenní nošení. Objednejte si své nyní.;Dámské šaty dlouhý rukáv S–L | vmobleceni.cz
392582;Dámská tunika oversize s květovaným vzorem, krátký rukáv, 100% polyester, vel. M/L. Pohodlný střih pro všechny postavy. Vyzkoušejte raději větší velikost.;Dámská tunika oversize květovaná | vmobleceni.cz
403794;Dámské velikonoční ponožky slabé, velikosti 37–41, 100% polyester. Klasický střih pro každodenní nošení. Objevte kolekci Polské módy.;Dámské ponožky velikonoční slabé 37-41 | vmobleceni.cz
405385;Dámský batoh GESSACI z 100% polyesteru, univerzální velikost ONE SIZE. Praktický střih pro každodenní nošení. Nakupte online.;Batoh dámský GESSACI ONE SIZE | vmobleceni.cz
218241;Dámská mikina na zip s kapucí v nadrozměru (48–52), bavlna s elastanem. Volná, s kapsami, ideální na každodenní nošení. Objednejte nyní.;Dámská mikina na zip nadrozměr 48-52 | vmobleceni.cz
272480;Dámská mikina s prodlouženými zády, kapucí na zip a kapsami. Bavlna s elastanem, velikost XL/2XL ONE SIZE. Pohodlný střih pro každý den – objednejte online.;Dámská mikina prodloužená s kapucí na zip | vmobleceni.cz
305660;Dámský zimní kabát parka s kožíškem, velikosti XS–L, v béžové barvě. Hřejivý střih s kapucí na zimu. Objednejte na vmobleceni.cz.;Dámský kabát parka zimní s kožíškem | vmobleceni.cz
274379;Dámské tenké dlouhé kalhoty one size (M/L) z italské módy. Polyesterové, pas 80-110 cm, boky 96 cm. Pohodlný střih pro různé velikosti.;Dámské kalhoty tenké dlouhé one size | vmobleceni.cz
360562;Dlouhé strečové kalhoty dámské na gumě, bavlna nylon elastan, velikosti L/XL/2XL. Pohodlné na každodenní nošení i do práce. Objednejte online.;Kalhoty strečové dlouhé dámské L/XL/2XL | vmobleceni.cz
382418;Elegantní dámské tepláky oversize z 95% bavlny, dlouhé, pas 80–110 cm, ONE SIZE. Pohodlné pro každý den. Vyberte si nyní.;Dámské tepláky elegantní oversize | vmobleceni.cz
409424;Dlouhé dámské kalhoty s páskem z viskózy, nylonu a elastanu, velikosti S–2XL. Pohodlný střih s flexibilním páskem. Objednejte na vmobleceni.cz.;Dámské kalhoty dlouhé s páskem S-2XL | vmobleceni.cz
410608;Letní dámské kalhoty italské módní značky, velikost M/L ONE SIZE. Pas 70–84 cm, délka 107 cm. Pohodlný střih pro teplé dny. Najděte svou velikost na vmobleceni.cz.;Letní dámské kalhoty M/L ONE SIZE | vmobleceni.cz
335924;Dámská tunika oversize s krátkým rukávem v černé barvě, italská móda, One Size (S–XL). Pohodlný střih pro všechny velikosti. Koupit online.;Tunika oversize dámská krátký rukáv černá | vmobleceni.cz
219867;Dámské letní maskáčové kraťasy z 100% polyesteru, velikost S/M. Pohodlné šortky v trendy maskáčovém vzoru. Objednejte nyní na vmobleceni.cz.;Kraťasy dámské maskáčové S/M | vmobleceni.cz
262249;Dámské šaty s krátkým rukávem, nadrozměrné 3XL/4XL, černé. Viskózové (95%) s elastanem, pohodlný střih pro plnější postavu. Najděte si své.;Dámské šaty krátký rukáv 3XL/4XL | vmobleceni.cz
322867;Prodloužená dámská mikina s kapucí na zip, dlouhý rukáv, bavlna s elastanem, velikost L/XL. Pohodlný střih italské módy pro každodenní nošení.;Dámská mikina prodloužená s kapucí na zip | vmobleceni.cz
358918;Dámská souprava se sakem a kalhoty, viskóza s elastanem, pas na gumu 68-96 cm. Elegantní italský střih pro všechny postavy. Objednejte nyní.;Dámská souprava sako a kalhoty | vmobleceni.cz
370909;Elegantní letní souprava se sakem a kraťasy, italský design. Polyester s elastanem, vycpávaná ramena, velikost S/M. Perfektní na léto.;Souprava sako a kraťasy dámská S/M | vmobleceni.cz
421175;Letní dlouhé šaty s dlouhým rukávem pro dámy nadrozměr (50/52). Polyester a viskoza, pas 88–100 cm, délka 130 cm. Pohodlný střih pro každý den.;Šaty dlouhé letní dlouhý rukáv nadrozměr | vmobleceni.cz
421567;Letní dlouhé kalhoty z 100% viskózy pro dámy v nadrozměru 50/52. Lehký vzdušný střih, pas 80–100 cm, délka 112 cm. Pohodlné a prodyšné na léto.;Letní kalhoty dámské nadrozměr 50/52 viskóza | vmobleceni.cz
336016;Dlouhé saténové šaty bez rukávu s leopardím vzorem, 100% polyester, volný střih, zavazování na rameni. Ideální na letní večery. Objednejte nyní.;Šaty dlouhé saténové leopard bez rukávu | vmobleceni.cz
342873;Elegantní dámské šaty s dlouhým rukávem, polyesterové šifon se spodničkou. Velikost S/M ONE SIZE, pás v gumě 70–80 cm, délka 91 cm. Najděte svůj ideální střih.;Elegantní dámské šaty dlouhý rukáv | vmobleceni.cz
419805;Dámské košilové šaty letní s krátkým rukávem, bavlněný materiál (polyester, viskoza, elastan), velikost S/M ONE SIZE, guma v pase. Vhodné na každodenní nošení i společenské události. Najděte si své.;Dámské košilové šaty letní S/M | vmobleceni.cz
419806;Dámské košilové šaty letní s krátkým rukávem, bavlněný materiál (polyester, viskoza, elastan), velikost S/M ONE SIZE, guma v pase. Vhodné na každodenní nošení i společenské události. Najděte si své.;Dámské košilové šaty letní S/M | vmobleceni.cz
419807;Dámské košilové šaty letní s krátkým rukávem, bavlněný materiál (polyester, viskoza, elastan), velikost S/M ONE SIZE, guma v pase. Vhodné na každodenní nošení i společenské události. Najděte si své.;Dámské košilové šaty letní S/M | vmobleceni.cz
419808;Dámské košilové šaty letní s krátkým rukávem, bavlněný materiál (polyester, viskoza, elastan), velikost S/M ONE SIZE, guma v pase. Vhodné na každodenní nošení i společenské události. Najděte si své.;Dámské košilové šaty letní S/M | vmobleceni.cz
419809;Dámské košilové šaty letní s krátkým rukávem, bavlněný materiál (polyester, viskoza, elastan), velikost S/M ONE SIZE, guma v pase. Vhodné na každodenní nošení i společenské události. Najděte si své.;Dámské košilové šaty letní S/M | vmobleceni.cz
421907;Elegantní dámské šaty s krátkým rukávem z 100% viskózy, velikost S/M ONE SIZE. Vycpávky na ramenou, délka 80 cm. Ideální na akce i do práce. Objevte kvalitní italskou módu.;Elegantní šaty krátký rukáv dámské S/M | vmobleceni.cz
411268;Dlouhé letní šaty s dlouhým rukávem pro dámy nadrozměr (50/52). Polyester a viskoza, pas 88–100 cm, boky 140 cm, délka 130 cm. Objednejte teď.;Šaty dlouhé letní dlouhý rukáv nadrozměr | vmobleceni.cz
419327;Dlouhý dámský overal na ramínka z 100% polyesteru, velikost XS/S. Elegantní střih vhodný na různé příležitosti. Objednejte si na vmobleceni.cz.;Dámský overal dlouhý na ramínka | vmobleceni.cz
419369;Elegantní dámské šaty bez rukávu, velikost XS/S ONE SIZE. Polská móda IMLAZ24HP6987. Najděte svůj styl v naší kolekci.;Elegantní dámské šaty bez rukávu | vmobleceni.cz
419411;Elegantní dlouhý dámský overal bez rukávu, velikost XS/S ONE SIZE. Polská móda s moderním střihem. Objednejte online.;Dámský overal dlouhý bez rukávu | vmobleceni.cz
419412;Dámský dlouhý elegantní overal s krátkým rukávem, velikost XS/S ONE SIZE. Polská móda IMLAZ242380781. Pohodlný střih pro každodenní nošení.;Dámský overal dlouhý elegantní | vmobleceni.cz
419413;Elegantní krátké dámské šaty s dlouhým rukávem, velikost XS/S ONE SIZE. Polská móda IMLAZ242604. Objevte stylový kousek do vaší šatníku.;Krátké elegantní dámské šaty dlouhý rukáv | vmobleceni.cz
419414;Dlouhý dámský overal s páskem, krátký rukáv, elegantní střih. Velikost XS/S ONE SIZE. Oblečení pro každodenní nošení i společenské příležitosti. Objednejte nyní.;Dámský overal dlouhý s páskem | vmobleceni.cz
419415;Dámský dlouhý overal s páskem a krátkým rukávem v elegantním střihu. Velikost XS/S ONE SIZE. Pohodlný střih pro všechny příležitosti. Objednejte nyní.;Dámský overal dlouhý s páskem | vmobleceni.cz
419505;Elegantní krátké dámské šaty s krátkým rukávem, velikosti S/M–M/L. Polská móda IMLAZ24YS2035 pro každodenní i společenské chvíle. Objevte klasický střih s pohodlnou passivací.;Dámské šaty krátké elegantní krátký rukáv | vmobleceni.cz
419530;Letní dámská souprava se košilí, topem a kalhotami, ONE SIZE (XS/S). Polská móda s pohodlným střihem. Kompletní outfit na léto – vyberte si nyní.;Letní souprava dámská - košile, top, kalhoty | vmobleceni.cz
419536;Elegantní dámská souprava s crop top a kalhotami z polyesteru, velikost S/M. Ideální na plesy, svatby a večírky. Objednejte si nyní.;Dámská souprava crop top a kalhoty S/M | vmobleceni.cz
419537;Elegantní dámská souprava: top na ramínka a kalhoty, velikost XS/S. Jednoduchý střih pro každodenní nošení. Objednejte online.;Dámská souprava top a kalhoty XS/S | vmobleceni.cz
419540;Dlouhé elegantní dámské šaty na tenká ramínka, ONE SIZE (XS/S). Polská móda s jemným střihem. Vyber si větší velikost než máš.;Dlouhé elegantní šaty dámské na ramínka | vmobleceni.cz
419542;Dlouhý elegantní overal s 3/4 rukávem pro dámy, velikost XS/S ONE SIZE. Polská móda s kvalitním střihem. Objevte stylový kousek do vaší šatníku.;Overal dlouhý elegantní 3/4 rukáv dámský | vmobleceni.cz
419545;Elegantní dámské šaty s krátkým rukávem, velikost XS/S ONE SIZE. Polská móda IMLAZ24842. Objevte klasický střih pro každodenní nošení.;Dámské šaty krátké elegantní krátký rukáv | vmobleceni.cz
419546;Elegantní dámské šaty s krátkým rukávem na plesy, svatby a večírky. Polyester s elastanem, délka 89 cm, velikost S/M. Objednejte na vmobleceni.cz;Elegantní šaty krátký rukáv dámské S/M | vmobleceni.cz
421924;Dámský elegantní overal bez rukávu na zip, polyester-viskóza, velikost S/M ONE SIZE. Krátký střih ideální do práce i na akce. Najděte svůj oblíbený kus.;Dámský overal bez rukávu S/M | vmobleceni.cz
310147;Dámské rifle jeans M.SARA s vysokým podílem bavlny, pas 80–98 cm, dostupné v číslech 29–38. Klasický střih, pohodlný materiál. Vyberte správnou velikost.;Dámské rifle jeans dlouhé 29-38 | vmobleceni.cz
364098;Dámské teplákové kraťasy maskáč, polyester, velikost S/M. Pohodlné sportovní kraťasy s maskáčovým vzorem pro volný čas. Vyberte si správnou velikost.;Dámské teplákové kraťasy maskáč S/M | vmobleceni.cz
426279;Plážová kabelka Versoli 50×35 cm z 100% bavlny. Spacious летní doplněk pro dámy na pláž a cestování. Objednejte online.;Plážová kabelka Versoli 50×35 cm | vmobleceni.cz
426285;Plisované šifonové dlouhé šaty s výstřihem, dlouhými rukávy a páskem v zelených listech. Velikosti S/M/L ONE SIZE. Elegantní polská móda na každý den.;Plisované šifonové šaty s páskem zelené | vmobleceni.cz
413622;Dámská ledvinka BRUNO ROSSI, onesize, 100% polyester. Italská móda na pás či přes rameno. Praktická taška na peníze, klíče a telefon.;Dámská ledvinka BRUNO ROSSI onesize | vmobleceni.cz
413630;Dámská ledvinka BRUNO ROSSI ITALSKÁ MÓDA,OneSize, 100% polyester. Praktická taška na pas pro nošení přes rameno nebo na boky. Pohodlná a stylová.;Ledvinka dámská BRUNO ROSSI OneSize | vmobleceni.cz
425254;Dámské letní šaty z 100% rayonu s krátkým rukávem a žabičkami přes prsa. Rozměry přes prsa 74–100 cm, délka 130 cm, vhodné na každodenní nošení. Objevte pohodlný střih Italské módy.;Dámské letní šaty rayon krátký rukáv | vmobleceni.cz
429627;Letní indické šaty s krátkým rukávem z umělého hedvábí, velikost S/M/L ONE SIZE. Elegantní dámské šaty s bohatými vzory pro exotický styl.;Letní indické šaty krátký rukáv dámské | vmobleceni.cz
429840;Dlouhé letní šaty bez rukávu z chladivého materiálu icecool (95% polyester, 5% elastan). Velikosti S/M/L, přes prsa 103-112 cm. Pohodlné na každodenní nošení i akce.;Dlouhé letní šaty icecool dámské | vmobleceni.cz
271946;Dlouhé letní saténové šaty na ramínka v béžové barvě, velikost S/M. Elegantní střih z italské módy s hebkým materiálem. Vhodné na svatby, večírky i k večenímu.;Dlouhé saténové šaty na ramínka béžové S/M | vmobleceni.cz
271947;Dlouhé letní saténové šaty na ramínka pro dámy, velikost S/M. Červené šaty z kvalitního saténu s elegantním střihem. Objednejte si nyní.;Dlouhé saténové šaty na ramínka S/M | vmobleceni.cz
271948;Dlouhé letní saténové šaty na ramínka v královské modři, velikost S/M. Vzdušné šaty s elegantním střihem pro dámy. Objednejte online.;Dlouhé saténové šaty na ramínka | vmobleceni.cz
271950;Dlouhé letní saténové šaty na ramínka ITALSKÁ MÓDA petrolejové barvy, velikost S/M. Elegantní dámské šaty z jemného saténu pro léto. Objednejte online.;Dlouhé saténové šaty S/M petrolejová | vmobleceni.cz
271951;Dlouhé letní šaty na ramínka z saténu, růžová zářivá, velikost S/M. Elegantní střih pro dámy. Objevte kolekci letních šatů na vmobleceni.cz.;Dlouhé saténové šaty na ramínka S/M | vmobleceni.cz
271952;Dlouhé letní saténové šaty na ramínka ITALSKÁ MÓDA v barně smaragdové, velikost S/M. Elegantní střih s matným leskem pro letní příležitosti. Vhodné pro dámy hledající stylové šaty.;Šaty dlouhé saténové na ramínka S/M | vmobleceni.cz
271953;Dlouhé letní šaty na ramínka z saténu, velikost S/M, starorůžová barva. Elegantní dámské šaty italské módy s jemným leskem. Objevte ideální kousek na léto.;Dlouhé saténové šaty na ramínka S/M | vmobleceni.cz
271954;Dlouhé letní šaty na ramínka z saténu, vínová barva, velikost S/M. Elegantní střih italské značky s jemným leskem. Objednejte online.;Dlouhé saténové šaty na ramínka S/M | vmobleceni.cz
271955;Dlouhé letní saténové šaty na ramínka v zelené barvě, velikost S/M. Elegantní střih z italské módní kolekce, ideální na letní příležitosti. Objednejte teď.;Dlouhé saténové šaty zelené S/M | vmobleceni.cz
271958;Saténové letní šaty na ramínka v tmavě oranžové, velikost S/M. Dlouhý střih z hladkého saténu, ideální na léto. Italská móda VMobleceni.;Saténové letní šaty na ramínka oranžové | vmobleceni.cz
271959;Letní saténové šaty na ramínka v bílé barvě, velikost S/M. Dlouhé dámské šaty z italské módy s jemným leskem. Objevte elegantní střih pro letní akce.;Letní saténové šaty na ramínka bílé S/M | vmobleceni.cz
271960;Dlouhé letní šaty na ramínka z saténu, velikost S/M, modrošedá barva. Italská móda pro elegantní vzhled. Objevte dokonalý letní kousek.;Dlouhé saténové šaty na ramínka S/M | vmobleceni.cz
271962;Dlouhé letní saténové šaty na ramínka pro dámy, velikost S/M, italská móda v jahodové barvě. Elegantní střih, satén, delší střih. Objednejte online.;Dlouhé saténové šaty na ramínka S/M | vmobleceni.cz
271965;Dlouhé letní saténové šaty na ramínka v černé barvě, velikost S/M. Elegantní střih z jemného saténu pro ženy. Objednejte si tento kousek do vaší šatníku.;Dlouhé saténové šaty na ramínka černé S/M | vmobleceni.cz
273889;Dlouhé saténové šaty na ramínka pro dámy, velikost S/M, v cihlové barvě. Letní střih z hedvábného materiálu. Objevte elegantní saténové šaty.;Dlouhé saténové šaty na ramínka S/M | vmobleceni.cz
277194;Dlouhé letní saténové šaty na ramínka v tmavé vínové barvě, velikost S/M. Elegantní střih italské značky ITALSKÁ MÓDA s kvalitním materiálem. Objevte v našem sortimentu.;Dlouhé saténové šaty na ramínka S/M | vmobleceni.cz
344020;Dámský flaušový kabát na knoflíky, velikost L/XL, 95 % polyester. Ideální na každodenní nošení, přes prsa 120 cm, délka 100 cm. Objednejte online.;Dámský flaušový kabát na knoflíky L/XL | vmobleceni.cz
381742;Prodloužená dámská mikina na zip s kapucí v maskáčovém vzoru, polyester s elastanem, vel. L/XL. Pohodlný střih pro každodenní nošení. Objednejte online.;Dámská mikina prodloužená maskáčová na zip | vmobleceni.cz
382428;Prodloužená dámská mikina s kapucí z 80 % bavlny, ideální na každodenní nošení. Rozměry: přes prsa 98–102 cm, délka 108 cm. Velikosti S/M/L. Objednejte nyní.;Mikina prodloužená s kapucí dámská | vmobleceni.cz
430782;Krátké mikinové šaty s kapucí a dlouhým rukávem pro dámy, ideální na ležérníношení. Italská móda, velikost S/M ONE SIZE. Pohodlný střih s kapucí.;Šaty krátké mikinové s kapucí dlouhý rukáv | vmobleceni.cz
430784;Elegantní dlouhý rukáv dámské šaty italské módy, velikost S/M ONE SIZE. Prsa 80-90 cm, boky 84-100 cm. Ideální na společenské příležitosti.;Šaty elegantní dlouhý rukáv dámské S/M | vmobleceni.cz
430793;Dámská prodloužená košile s dlouhým rukávem, nadrozměr 56/58 ONE SIZE. Polyester s elastanem, prsa 140cm, délka 92cm. Pohodlný střih pro plnější postavy.;Dámská prodloužená košile nadrozměr 56/58 | vmobleceni.cz
430794;Prodloužená dámská košile s 3/4 rukávem pro nadrozměr, velikost 54/56 ONE SIZE. Polyester s elastanem, ideální pro ženy s poprsím 130-140 cm. Objednejte online.;Prodloužená košile dámská nadrozměr 54/56 | vmobleceni.cz
430795;Šaty 3/4 rukáv pro dámy nadrozměr 52/54, polyester-viskoza, boky 160 cm. Volnočasové, teplé, pohodlné. Vyberte si správnou velikost online.;Šaty 3/4 rukáv nadrozměr 52/54 | vmobleceni.cz
430796;Dámská tunika s 3/4 rukávem, velikost 54/56 ONE SIZE, pro prsa 130–140 cm a boky 140 cm. Italská móda s délkou 72 cm. Objednejte si svou ideální nadrozměrnou tuniku.;Tunika 3/4 rukáv dámská nadrozměr 54/56 | vmobleceni.cz
430846;Šifonové plisované šaty s dlouhým rukávem pro dámy nadrozměru (48–52). Polyester a viskóza, pas na gumu 86–126 cm. Elegantní střih do práce i na společenské akce.;Šifonové šaty plisované nadrozměr | vmobleceni.cz
430848;Dámský body s dlouhým rukávem z elastického polyesteru, velikost S/M. Italská móda s pružným střihem pro pohodlné nošení. Objednejte si online.;Body dlouhý rukáv dámský S/M | vmobleceni.cz
431234;Tunika 3/4 rukáv z viskózy pro dámy nadrozměr 56/58, volný střih na prsy 140 cm. Italská móda, elastická a vzdušná. Objevte pohodlí.;Tunika 3/4 rukáv dámská nadrozměr 56/58 | vmobleceni.cz
431239;Teplá dámská mikina s dlouhým rukávem, viskóza s elastanem, nadrozměry 54–58 (ONE SIZE). Pohodlná na každodenní nošení. Objevte italskou módu.;Dámská mikina teplá nadrozměr 54-58 | vmobleceni.cz
431245;Dámská prodloužená mikina s kapucí, 3/4 rukáv, 95 % bavlna, velikost 52/54. Pohodlný střih pro nadrozměr, délka 89 cm. Objevte kvalitní italskou módu.;Mikina prodloužená dámská 52/54 | vmobleceni.cz
431255;Dámské košilové šaty s 3/4 rukávem, velikosti 38–44 (ONE SIZE), 100 % polyester. Ideální pro všechny postavy. Objednejte online.;Dámské košilové šaty 3/4 rukáv 38–44 | vmobleceni.cz
376527;Dlouhé letní šaty s carmen výstřihem, prsními vycpávkami a žabičkovanjem. Polyester s elastanem, velikost S/M. Italská móda SANTORINI.;Dlouhé letní šaty carmen dámské | vmobleceni.cz
337316;Dámský oversize svetr s krátkým rukávem, tenký polyesterový s potiskem, velikost M/L ONE SIZE. Volný střih pro pohodlné nošení. Objednejte online.;Dámský oversize svetr krátký rukáv | vmobleceni.cz
434377;Dlouhé elegantní dámské šaty s dlouhým rukávem, polyester s elastanem, délka 133 cm, ideální na každodenní nošení i pracovní akce. Velikosti S/M/L.;Dlouhé elegantní šaty s dlouhým rukávem | vmobleceni.cz
350923;Vánoční ponožky v dárkové kouli pro dámy velikost 36–40. Teplé termo ponožky z polyesteru s veselým vánočním potiskem. Ideální dárek.;Vánoční ponožky dámské 36-40 termo | vmobleceni.cz
435805;Dámské vánoční ponožky v termální kvalitě, velikosti 36–40, v dárkové kouli. Teplé a pohodlné na zimu.;Dámské vánoční ponožky termo 36-40 | vmobleceni.cz
435826;Velký dámský šátek z 100% viskózy, one size, polská výroba. Univerzální módní doplněk k šatům i jako ochrana před chladem. Objednejte si svůj šátek.;Velký dámský šátek 100% viskóza | vmobleceni.cz
435827;Dámský šátek velký POLSKÁ MÓDA z 100% viskózy, one size. Měkký a lehký doplněk do každého outfitu. Objednejte si ho nyní.;Dámský šátek velký one size | vmobleceni.cz
435828;Velký dámský šátek z 100% viskózy, univerzální velikost. Polská módní značka Poľsko moda. Měkký a elegantní doplněk do každého outfitu. Objednejte nyní.;Šátek velký dámský viskóza | vmobleceni.cz
435829;Velký dámský šátek z 100% viskózy, one size. Lehký, měkký a univerzální doplněk do každého šatníku. Objednejte si svůj.;Velký dámský šátek 100% viskóza | vmobleceni.cz
435834;Velký dámský šátek z 100% viskózy, one size, polská výroba. Univerzální doplněk pro každodenní nošení. Objednejte si svůj.;Velký dámský šátek 100% viskóza | vmobleceni.cz
435839;Velký dámský šátek z 100% viskózy, one size, polská výroba. Jemný a univerzální doplněk pro každý den. Objednejte si nyní.;Velký dámský šátek viskóza | vmobleceni.cz
435844;Velký dámský šátek z 100% viskózy, one size, od POLSKÉ MÓDY. Měkký a vzdušný doplněk na krk pro každý den. Vyberte si nyní.;Velký dámský šátek viskóza one size | vmobleceni.cz
435848;Velký dámský šátek z 100% viskózy, one size, univerzální střih. Měkký a vzdušný materiál pro každodenní nošení. Najděte svůj styl.;Velký dámský šátek viskóza one size | vmobleceni.cz
435856;Velký dámský šátek z 100% viskózy, univerzální velikost, polská výroba. Měkký materiál pro všechny příležitosti. Objednejte si svůj šátek ještě dnes.;Dámský šátek velký 100% viskóza | vmobleceni.cz
435866;Velký dámský šátek z 100% viskózy, one size, univerzální na zavázání. Měkký a vzdušný materiál pro každý styl. Objednejte si svůj.;Velký dámský šátek viskóza | vmobleceni.cz
435868;Velký dámský šátek z 100% viskózy, jednorozměrový, univerzální střih. Jemný materiál vhodný pro každodenní nošení i stylizaci. Objevte v naší kolekci.;Velký dámský šátek viskóza one size | vmobleceni.cz
435871;Velký dámský šátek z 100% viskózy, one size, od značky Poľsko moda. Měkký a vzdušný materiál vhodný na každodenní nošení. Objevte kvalitní doplněk do vaší šatníku.;Dámský šátek velký viskóza one size | vmobleceni.cz
435873;Velký dámský šátek z 100% viskózy, one size, Poland moda. Lehký a vzdušný doplněk pro každý den. Objednejte si své oblíbené barvy.;Velký dámský šátek 100% viskóza | vmobleceni.cz
435875;Velký dámský šátek z 100% viskózy, one size. Měkký a vzdušný materiál vhodný na všechny roční období. Objednejte si svůj.;Velký dámský šátek viskóza | vmobleceni.cz
235097;Pánské veselé ponožky slabé, polyesterové, velikosti 38–46. Barevné obrázky pro každodenní nošení. Objednejte na vmobleceni.cz.;Pánské veselé ponožky slabé 38–46 | vmobleceni.cz
235099;Pánské veselé ponožky slabé z 75% bavlny, velikosti 38-41 a 42-46. Pohodlný střih POLSKÁ MÓDA s kapsou na elastan. Objednejte si oblíbené ponožky do sbírky.;Pánské veselé ponožky slabé 38-46 | vmobleceni.cz
235100;Pánské veselé ponožky ze 75% bavlny v rozměrech 38–41 a 42–46. Slabé, pohodlné ponožky s obrázkové vzory od POLSKÁ MÓDA. Objednejte si nyní.;Pánské veselé ponožky 38-46 | vmobleceni.cz
236580;Pánské veselé basketbalové ponožky z 75% bavlny, slabá tkanina, velikosti 38–46. Pohodlné, barevné ponožky pro volný čas a sport. Objevte své oblíbené.;Pánské veselé basketbalové ponožky 38-46 | vmobleceni.cz
245554;Pánské veselé ponožky se vzory, bavlněné (75%), dostupné v velikostech 38–41 a 42–46. Pohodlné, prodyšné a odolné. Objednejte si na vmobleceni.cz.;Pánské veselé ponožky 38–46 | vmobleceni.cz
296728;Pánské veselé ponožky Wola s fotbalovým motivem, bavlněné (95%), vel. 39–46. Pohodlné na každý den i jako originální dárek. Objednejte si.;Pánské veselé ponožky Wola fotbalové | vmobleceni.cz
301362;Pánské veselé ponožky s motivem motorky, bavlněné (75%), velikosti 42–46. Pohodlný střih s elastanem pro všední nošení. Objednejte si je nyní.;Pánské ponožky motorky 42-46 | vmobleceni.cz
301366;Pánské veselé ponožky s motivem PlayStation, velikosti 42–46, z 75% bavlny. Pohodlné a odolné. Objednejte si nyní.;Pánské ponožky PlayStation 42-46 | vmobleceni.cz
301367;Dámské veselé ponožky s motivem koní, velikosti 37–41, z 100% polyesteru. Slabé, pohodlné ponožky s originálním vzorem. Objednejte si je na vmobleceni.cz.;Dámské ponožky veselé koně 37-41 | vmobleceni.cz
301376;Pánské veselé ponožky s maskáčovým potiskem, bavlněné, velikosti 41–46. Slabý střih ideální na léto. Pohodlné a dlouhotrvající.;Pánské veselé ponožky maskáč 41-46 | vmobleceni.cz
306645;Pánské veselé obrázkové ponožky MILENA v bambusovém střihu, vel. 42–46. Bavlněné s polyamidem a elastanem pro pohodlí a pevnost. Kvalitní ponožky s vtipným designem.;Ponožky veselé obrázkové pánské 42-46 | vmobleceni.cz
308504;Teplé termo ponožky s vánočním vzorem pro dámy, bavlněné s elastanem, velikosti 36–40. Ideální na zimu i vánoce. Objednejte si své теплé ponožky.;Vánoční termo ponožky dámské 36-40 | vmobleceni.cz
308505;Teplé vánoční dámské ponožky z 78% bavlny s termoefektem, velikosti 36–40. Zvýšená elasticita a pohodlný střih. Objednejte si nyní.;Vánoční termo ponožky dámské 36-40 | vmobleceni.cz
316302;Pánské veselé ponožky s motivem míče, slabší strih, velikosti 42–46, 100% polyester. Originální doplněk s humorným vzorem. Koupit online.;Pánské veselé ponožky míč 42-46 | vmobleceni.cz
316303;Pánské veselé ponožky s motivem míče, tenké provedení, polyesterové, velikosti 38–46. Pohodlné a legální oblečení pro každý den.;Pánské veselé ponožky míč 38-46 | vmobleceni.cz
348605;Slabé veselé dámské ponožky v sizes 38–41 od POLSKÁ MÓDA. Polyesterové ponožky s obrázkovaným vzorem pro radostný look. Vyzkoušejte si je dnes.;Dámské veselé ponožky 38-41 | vmobleceni.cz
403786;Velikonoční ponožky dámské, slabé, z polyesteru, velikosti 37–41. Elastické, pohodlné na každodenní nošení. Objednejte si dámské ponožky na vmobleceni.cz.;Dámské ponožky slabé velikonoční 37-41 | vmobleceni.cz
403804;Velikonoční ponožky dámské slabé z polyesteru, velikosti 37–41. Jemný materiál pro pohodlné nošení. Najděte si své v kolekci dámských ponožek.;Ponožky velikonoční dámské slabé 37-41 | vmobleceni.cz
403808;Dámské velikonoční ponožky vel. 37–41, slabé, 100% polyester. Klasické bavlněné ponožky s velikonoční vzorem. Objednejte online.;Dámské velikonoční ponožky 37–41 | vmobleceni.cz
403810;Velikonoční ponožky pro dámy, velikost 37–41, slabé, 100% polyester. Lehké a pohodlné pro jarní období. Vyberte si svůj design.;Velikonoční ponožky dámské 37-41 | vmobleceni.cz
404674;Dámské valentýnské ponožky s veselými vzory, velikosti 37–41, slabé polyesterové. Originální dárek nebo vlastní radost. Objednejte si 3+ kusů.;Dámské valentýnské ponožky veselé 37–41 | vmobleceni.cz
437843;Dámské šaty oversize s kapucou a dlouhým rukávem z bavlny s elastanem, zateplené, velikosti 48–52. Pohodlné na každodenní nošení.;Dámské šaty oversize s kapucou | vmobleceni.cz
437844;Dámské šaty oversize s kapucou a dlouhým rukávem z bavlny se strečem, velikosti 48–52. Zateplené zevnitř, vhodné na každodenní nošení. Objednejte nyní.;Dámské šaty oversize s kapucou | vmobleceni.cz
437846;Dámské šaty oversize s kapucou a dlouhým rukávem, bavlněné (95 % bavlna), zateplené, velikosti 48–52. Pohodlné na každodenní nošení.;Dámské šaty oversize s kapucí | vmobleceni.cz
438160;Dámský dlouhý svetr italské módy z 100% polyesteru, velikosti S/M/L onesize. Lehký, pohodlný střih pro každodenní nošení. Objednejte nyní.;Dámský svetr dlouhý rukáv S/M/L | vmobleceni.cz
438161;Dámský oversize svetr z polyesteru s potiskem, volný střih (ONE SIZE S/M/L). Tenký, příjemný materiál vhodný na každodenní nošení. Objednejte si nyní.;Dámský oversize svetr s potiskem | vmobleceni.cz
438163;Dámský oversize svetr z 100% polyesteru s potiskem, vhodný na každodenní nošení. Rozměry: prsa 140 cm, boky 110 cm. Objednejte si nyní.;Dámský oversize svetr s potiskem | vmobleceni.cz
438282;Dámské šaty s flitry a dlouhým rukávem, polyester s elastanem, velikosti 42–46 ONE SIZE. Elegantní společenské šaty zdobené kamínky pro večerní či každodenní nošení.;Šaty elegantní s flitry dlouhý rukáv | vmobleceni.cz
350909;Teplé vánoční ponožky pro dámy, velikosti 36–40, z bavlny a polyamidu s elastanem. Termo materiál na zimu. Objednejte si pohodlné ponožky na vmobleceni.cz.;Vánoční teplé termo ponožky dámské 36-40 | vmobleceni.cz
438837;Elegantní dámské šaty se šachovnicovým vzorem, 3/4 rukáv, polyester s elastanem, velikosti 44–48. Pohodlné s kapsami pro nadrozměr.;Šaty elegantní šachovnicové 3/4 rukáv | vmobleceni.cz
439692;Dámské psaníčko ITALSKÁ MÓDA z 100% polyesteru, one size. Elegantní doplněk na svatby a večírky. Objednejte nyní.;Dámské psaníčko ITALSKÁ MÓDA | vmobleceni.cz
439697;Dámské psaníčko ITALSKÁ MÓDA ze 100% polyesteru, one size. Elegantní kabelka na svatby, večírky a společenské příležitosti. Najděte si svou.;Dámské psaníčko ITALSKÁ MÓDA | vmobleceni.cz
130199;Dámské šľapky WSHOES v polyesteru, velikosti 36–41. Pohodlné pantofle s měkkým materiálem pro domácnost. Objednejte nyní.;Dámské šľapky 36-41 polyester | vmobleceni.cz
271416;Dlouhé šaty s rukávem 3/4 pro ženy vel. XL–3XL. Nadrozměrný střih v pase 120–140 cm. Pohodlné dámské šaty pro plnoštíhlé postavy. Vyberte si svou velikost.;Dlouhé šaty 3/4 rukáv nadrozměr XL-3XL | vmobleceni.cz
271418;Dlouhé dámské šaty Carmen s 3/4 rukávem v nadrozměrech XL–3XL. Pohodlný střih pro plnější postavy, velikosti až 140 cm přes prsa. Objednejte online.;Dlouhé šaty Carmen 3/4 rukáv nadrozměr | vmobleceni.cz
271421;Dlouhé dámské šaty s krátkým rukávem v nadrozměrech XL–3XL. Volný střih přes prsa 120–140 cm, ideální pro plnější postavy. Objevte pohodlné šaty | vmobleceni.cz;Dlouhé šaty krátký rukáv XL-3XL | vmobleceni.cz
271422;Dlouhé dámské šaty s krátkým rukávem v nadrozměrech XL–3XL. Pohodlný střih přes prsa 120–140 cm. Vhodné pro ženy s opulentní postavou.;Šaty dlouhé krátký rukáv nadrozměr XL-3XL | vmobleceni.cz
271423;Dámské šaty s 3/4 rukávem, květinovým vzorem a kapsami. Viskóza s elastanem, nadrozměr 2XL/3XL. Pohodlný střih pro plnější postavu. Objednejte online.;Šaty 3/4 rukáv nadrozměr 2XL/3XL | vmobleceni.cz
271424;Dámské šaty s 3/4 rukávem v nadrozměru (2XL/3XL ONE SIZE). Pohodlný střih pro plnoštíhlé postavy. Objednejte online.;Šaty 3/4 rukáv nadrozměr dámské | vmobleceni.cz
271427;Dámské šaty s dlouhým rukávem v nadrozměru 2XL/3XL ONE SIZE. Pohodlný střih pro plnější postavy. Objednejte online.;Šaty dlouhý rukáv dámské nadrozměr 2XL/3XL | vmobleceni.cz
271428;Dámské šaty dlouhý rukáv v nadrozměru 2XL/3XL. Polská móda s pohodlným střihem pro plnoštíhlé ženy. Objevte elegantní variantu.;Dámské šaty dlouhý rukáv nadrozměr 2XL | vmobleceni.cz
271431;Letní šaty carmen s krátkým rukávem pro dámy nadrozměr, velikost 2XL/3XL. Pohodlný střih, šíře přes prsa 130 cm. Objevte stylové letní oblečení.;Letní šaty carmen nadrozměr 2XL/3XL | vmobleceni.cz
271435;Dámské šaty s dlouhým rukávem v nadrozměru 2XL/3XL ONE SIZE. Pohodlný střih pro ženy s větší postavou. Vyberte si správnou velikost podle našeho průvodce.;Dámské šaty dlouhý rukáv nadrozměr 2XL/3XL | vmobleceni.cz
271437;Dámské šaty s dlouhým rukávem v nadrozměrech 2XL–3XL. Pohodlný střih přes prsa 130–140 cm. Najděte svou velikost a objednejte online.;Dámské šaty dlouhý rukáv nadrozměr 2XL-3XL | vmobleceni.cz
271439;Dámské šaty dlouhý rukáv z viskózy s elastanem, nadrozměr 3XL/4XL. Pohodlný střih, délka 110 cm. Objevte ideální volbu pro plnoštíhlé postavy.;Dámské šaty dlouhý rukáv 3XL/4XL | vmobleceni.cz
271440;Dlouhé dámské šaty s krátkým rukávem a kapsami, 95% viskóza, velikosti 2XL–3XL. Pohodlný nadrozměrný střih pro plnoštíhlé postavy. Vyberte si svou velikost.;Dlouhé šaty krátký rukáv nadrozměr 2XL-3XL | vmobleceni.cz
271441;Dámské šaty s krátkým rukávem v nadrozměrech XL–3XL. Pohodlný střih přes prsa 120–140 cm. Vhodné pro plnoštíhlé ženy. Najděte svou velikost.;Šaty krátký rukáv dámské nadrozměr XL-3XL | vmobleceni.cz
326386;Elegantní krajkové šaty s 3/4 rukávem pro ženy vel. 52–62. Společenské šaty v nadrozměrech s kvalitní krajkou. Ideální na ples a formální příležitosti.;Krajkové společenské šaty nadrozměr 52-62 | vmobleceni.cz
326387;Dámské košilové šaty s krátkým rukávem v nadrozměrech 46–54. Klasický střih od Polské módy pro plnoštíhlé ženy. Pohodlné a elegantní.;Dámské košilové šaty nadrozměr 46-54 | vmobleceni.cz
326388;Elegantní společenské šaty s krátkým rukávem pro ženy velikostí 52–58. Polská móda vhodná na ples a slavnostní příležitosti. Objevte ideální střih.;Šaty společenské krátký rukáv nadrozměr 52-58 | vmobleceni.cz
326389;Elegantní společenské šaty s krátkým rukávem pro ženy v nadrozměru (50–54). Polská móda, vzdušný střih vhodný na ples a společenské akce. Objednejte si v evropských velikostech.;Šaty elegantní nadrozměr 50-54 | vmobleceni.cz
326390;Elegantní společenské šaty s krátkým rukávem pro dámy v nadrozměru (48–54). Polská móda pro slavnostní příležitosti. Objevte ideální střih pro vás.;Elegantní společenské šaty nadrozměr 48-54 | vmobleceni.cz
326391;Elegantní společenské šaty s krátkým rukávem pro ženy v nadrozměrech 48–54. Polská móda s klasickým střihem. Objednejte si své oblečení na vmobleceni.cz.;Společenské šaty nadrozměr 48-54 | vmobleceni.cz
326392;Elegantní společenské šaty s krátkým rukávem pro dámy, velikosti 48–54. Polská móda s klasickým střihem pro plnoštíhlé postavy. Objednejte online.;Elegantní společenské šaty nadrozměr 48-54 | vmobleceni.cz
326393;Elegantní krajkové šaty s 3/4 rukávem pro dámy v nadrozměrech 52–64. Společenské šaty na ples či slavnostní událost. Polská móda s kvalitním střihem.;Krajkové šaty nadrozměr 52-64 | vmobleceni.cz
326394;Elegantní krajkové šaty s 3/4 rukávem pro dámy nadrozměru 52–60. Společenské šaty vhodné na ples i svatbu. Polská kvalita.;Krajkové šaty nadrozměr 52-60 | vmobleceni.cz
326395;Elegantní krajkové šaty s 3/4 rukávem pro nadrozměrné ženy, velikosti 48–58. Společenské šaty vhodné na plesy a slavnostní příležitosti.;Šaty společenské krajkové nadrozměr 48-58 | vmobleceni.cz
326396;Elegantní krajkové šaty s 3/4 rukávem pro dámy vel. 52–64. Společenské šaty na ples nebo večer s krásným střihem. Objednejte online.;Elegantní krajkové šaty 3/4 rukáv 52–64 | vmobleceni.cz
326397;Elegantní krajkové šaty s 3/4 rukávem pro dámy velikostí 52–64. Společenské šaty na ples v nadrozměrech, polská móda. Objednejte online.;Šaty krajkové nadrozměr 52-64 | vmobleceni.cz
326398;Elegantní krajkové šaty s 3/4 rukávem pro dámy v nadrozměrech 46–54. Společenské a plesové šaty s luxusním střihem. Nakupte online.;Krajkové společenské šaty nadrozměr 46-54 | vmobleceni.cz
326399;Elegantní krajkové šaty s 3/4 rukávem pro dámy v nadrozměrech 48–60. Společenské šaty na ples i slavnostní příležitosti. Koupit online.;Krajkové šaty nadrozměr 48-60 | vmobleceni.cz
326400;Elegantní krajkové šaty s 3/4 rukávem pro dámy v nadrozměrech 48–60. Společenské šaty na ples i slavnostní příležitosti. Koupit online.;Krajkové šaty nadrozměr 48-60 | vmobleceni.cz
326401;Elegantní společenské šaty s krátkým rukávem pro ženy v nadrozměru 46–62. Polská kvalita pro plesové příležitosti. Objednejte online.;Šaty společenské nadrozměr 46-62 | vmobleceni.cz
326402;Elegantní krajkové šaty s 3/4 rukávem pro dámy nadrozměru (52–62). Společenské šaty ideální na ples a slavnostní příležitosti. Objevte řadu rozměrů.;Krajkové šaty nadrozměr 52–62 | vmobleceni.cz
326403;Elegantní společenské šaty s krátkým rukávem pro dámy v nadrozměru, velikosti 46–62. Polská móda s kvalitním střihem. Objednejte online.;Společenské šaty nadrozměr 46-62 | vmobleceni.cz
326404;Elegantní krajkové šaty s 3/4 rukávem pro dámy vel. 50–60. Společenské šaty na ples a slavnostní příležitosti. Polská móda, nadrozměr.;Šaty elegantní krajkové 3/4 rukáv 50–60 | vmobleceni.cz
326405;Elegantní krajkové šaty s 3/4 rukávem pro dámy v nadrozměrech 46–64. Společenské šaty vhodné na plesy a slavnostní události. Polská móda s kvalitním střihem.;Krajkové společenské šaty nadrozměr 46-64 | vmobleceni.cz
326426;Elegantní společenské šaty s 3/4 rukávem pro ženy vel. 46–62. Polská móda s klasickým střihem pro plnoštíhlé dámy. Pohodlné a nadsazené.;Šaty společenské 3/4 rukáv nadrozměr 46-62 | vmobleceni.cz
326427;Elegantní společenské šaty s 3/4 rukávem pro dámy nadrozměru 46–62. Polská kvalita pro plesové chvíle. Objednejte v XXL velikostech.;Šaty společenské 3/4 rukáv nadrozměr 46-62 | vmobleceni.cz
326428;Elegantní společenské šaty s krátkým rukávem pro ženy vel. 46–64. Polská kvalita, ideální na ples i slavnostní akci. Vyberte si svou velikost.;Šaty společenské krátký rukáv 46-64 | vmobleceni.cz
326429;Elegantní dámské společenské šaty s krátkým rukávem, velikosti 50–60. Polská móda pro plnoštíhlé ženy. Objevte ideální střih pro každou příležitost.;Dámské společenské šaty krátký rukáv 50-60 | vmobleceni.cz
326430;Elegantní společenské šaty s 3/4 rukávem pro ženy velikostí 46–62. Polská móda s kvalitním střihem pro plnoštíhlé postavy. Objednejte online.;Šaty společenské 3/4 rukáv nadrozměr 46-62 | vmobleceni.cz
326431;Elegantní společenské šaty s krátkým rukávem pro dámy v nadrozměrech 48–54. Polská móda s kvalitním střihem. Objednejte si na vmobleceni.cz.;Šaty společenské krátký rukáv nadrozměr 48-54 | vmobleceni.cz
326432;Elegantní společenské šaty s krátkým rukávem pro ženy vel. 50–60. Polská kvalita, ideální na ples a slavnostní příležitosti. Vyberte si svou velikost.;Společenské šaty krátký rukáv 50-60 | vmobleceni.cz
326433;Elegantní společenské šaty s 3/4 rukávem pro dámy nadrozměru, velikosti 46–62. Polská móda, ideální na ples nebo večer. Objednejte si nyní.;Elegantní společenské šaty 3/4 rukáv nadrozměr | vmobleceni.cz
326434;Elegantní společenské šaty s krátkým rukávem pro ženy vel. 50–60. Polská móda v nadrozměrech pro plnoštíhlé figury. Objevte šaty na ples.;Elegantní společenské šaty nadrozměr 50–60 | vmobleceni.cz
326435;Elegantní krajkové šaty s 3/4 rukávem pro ženy velikostí 46–64. Společenské plesové šaty v polské kvalitě. Objednejte online.;Krajkové šaty 3/4 rukáv nadrozměr 46-64 | vmobleceni.cz
333085;Elegantní dámské šaty s krátkým rukávem z viskózy, polyesteru a elastanu. Velikosti 44–52, V-výstřih, skrytý zip. Pohodlné na léto i každodenní nošení.;Dámské šaty elegantní krátký rukáv 44-52 | vmobleceni.cz
346457;Dámský zimní nákrčník ONE SIZE z 100% polyesteru. Teplý doplněk na zimu od POLSKÉ MÓDY. Zařaďte si ho do své zimní garderóby.;Nákrčník zimní dámský ONE SIZE | vmobleceni.cz
346460;Dámský zimní nákrčník ONE SIZE z 100% polyesteru. Hřeje krk a dekolt, vhodný na každodenní nošení. Objednejte si pohodlný doplněk na zimu.;Nákrčník zimní dámský ONE SIZE | vmobleceni.cz
348288;Elegantní dámské šaty s krátkým rukávem z 60% viskózy, velikosti 44–52. Pohodlný střih, neviditelný zip, V výstřih. Ideální na léto.;Šaty elegantní krátký rukáv dámské 44-52 | vmobleceni.cz
348289;Elegantní dámské šaty s krátkým rukávem, viskoza s elastanem, velikosti 44–52. Pohodlný střih pro letní dny a každou příležitost. Objednejte online.;Dámské šaty elegantní krátký rukáv 44-52 | vmobleceni.cz
348290;Elegantní letní šaty s krátkým rukávem, viskóza a elastan, velikosti 44–52. Pohodlný střih s neviditelným zipem a výstřihem do V. Objevte více barev.;Elegantní šaty krátký rukáv letní 44-52 | vmobleceni.cz
348291;Elegantní dámské šaty s krátkým rukávem, viskóza mix, velikosti 36–44. Pohodlný střih s neviditelným zipem, letní i přechodové období. Objevte více barev.;Dámské šaty elegantní krátký rukávek | vmobleceni.cz
348292;Elegantní dámské šaty bez rukávu z viskózy, velikosti 36–44. Jednoduché, pohodlné a vzdušné pro léto. Skrytý zip v zádech, V výstřih. Více barev.;Elegantní dámské šaty bez rukávu 36-44 | vmobleceni.cz
357050;Dlouhé elegantní společenské šaty s krátkým rukávem pro dámy v nadrozměru 48–54. Tmavě modrá barva, polská móda. Najděte svůj ideální střih.;Dlouhé společenské šaty nadrozměr 48-54 | vmobleceni.cz
406809;Dlouhé společenské šaty s třpytivým efektem a dlouhým rukávem, polyester s elastanem, velikosti 34–52. Elegantní střih pro dámy všech postav.;Dlouhé společenské šaty třpytivé | vmobleceni.cz
438182;Dámská lněná košile s krátkým rukávem, viskóza a len, přes prsa 110cm. Ideální na každodenní nošení, dostupná v ONE SIZE. Objednejte teď.;Dámská košile krátký rukáv lněná | vmobleceni.cz
438684;Dámský kašmírový šátekOneSize z 50% kašmíru a 50% viskózy v barvě orchidej. Měkký jarní šátek na všechny příležitosti. Objednejte online.;Dámský kašmírový šátek orchidej | vmobleceni.cz
439854;Elegantní krátké šaty s flitry a dlouhým rukávem v italské kvalitě. Velikosti S/M/L, perfektní na večery a slavnostní příležitosti. Objednejte si nyní.;Šaty elegantní krátké flitrové dlouhý rukáv | vmobleceni.cz
439855;Elegantní krátké šaty s flitry a dlouhým rukávem pro ženy nadrozměru (48–52). Italienský design, prsa 120–128 cm, boky 120–130 cm. Najděte svůj styl.;Elegantní šaty flitry dlouhý rukáv nadrozměr | vmobleceni.cz
439856;Elegantní dámské šaty s flitry a krátkým rukávem, ideální pro slavnostní příležitosti. Velikosti S/M/L ONE SIZE s pasem 74–88 cm. Objevte italský styl.;Šaty elegantní flitrové krátký rukáv | vmobleceni.cz
439903;Dlouhé saténové šaty na ramínka pro dámy v italském stylu. Materiál: 95% polyester, 5% elastan. Velikosti S/M/L ONE SIZE. Koupit elegantní společenské šaty.;Dlouhé saténové šaty na ramínka dámské | vmobleceni.cz
439904;Dlouhé saténové šaty na ramínka s zipem na zádech, vel. S/M/L. Polyester se spadexem. Ideální na společenské akce. Objednejte online.;Dlouhé saténové šaty na ramínka | vmobleceni.cz
439906;Elegantní dlouhé šaty na ramínka z italské módy, polyester s elastanem, velikosti S/M/L. Koupit dlouhé maxi šaty pro dámy.;Dlouhé elegantní šaty na ramínka dámské | vmobleceni.cz
439907;Dlouhé saténové šaty na ramínka, 100 % polyester, velikost S/M/L ONE SIZE. Elegantní střih s křížením na zádech. Objevte italskou módu na vmobleceni.cz.;Dlouhé saténové šaty na ramínka | vmobleceni.cz
439909;Elegantní dlouhé šaty na ramínka z italské módy. Polyester s elastanem, velikosti S/M/L. Propracovaný střih pro slavnostní příležitosti. Vyberte si svou velikost.;Šaty dlouhé elegantní na ramínka dámské | vmobleceni.cz
388596;Dlouhé elegantní společenské šaty s krátkým rukávem, 100% polyester, velikost 2XL/3XL. Vhodné na plesy, divadla a večírky. Objednejte nadrozměrné šaty na vmobleceni.cz.;Dlouhé společenské šaty nadrozměr 2XL/3XL | vmobleceni.cz
388785;Dlouhé elegantní společenské šaty na ramínka, 100% polyester, velikost M/L, s výstuhou a rozparkem. Ideální na plesy, divadla a večírky. Objevte v našem e-shopu.;Dlouhé společenské šaty na ramínka M/L | vmobleceni.cz
389165;Dlouhé společenské šaty na ramínka, polyester, velikost M/L. Ideální na plesy, divadla a večírky. Guma u prsou, zip vzadu, délka 155 cm. Objednejte si elegantní šaty na speciální příležitost.;Dlouhé společenské šaty na ramínka M/L | vmobleceni.cz
391031;Dlouhé elegantní společenské šaty s krátkým rukávem pro dámy v nadrozměru. Polyesterové šaty L/XL/2XL vhodné na plesy a divadla. Objevte italskou módu.;Dlouhé společenské šaty nadrozměr | vmobleceni.cz
413798;Dlouhé elegantní letní šaty s volánkovým rukávem, polyester/elastan, velikost S/M ONE SIZE. Společenské šaty na ples, svatbu i večerní akce. Objednejte si svůj favoritní kus nyní.;Dlouhé elegantní šaty s volánky | vmobleceni.cz
439433;Dlouhé elegantní společenské šaty na ramínka z nylonu se třpytivou úpravou. Velikost S/M, prsní vycpávky, zip na zádech. Ideální na ples nebo svatbu.;Dlouhé společenské šaty na ramínka | vmobleceni.cz
439436;Elegantní třpytivé dlouhé šaty na ramínka, nylon s elastanem, délka 140 cm, velikosti S/M/L. Ideální na společenské akce a večery.;Šaty dlouhé elegantní třpytivé na ramínka | vmobleceni.cz
439437;Dlouhé společenské šaty na ramínka z saténového polyesteru s nastavitelným střihem. Vhodné pro XS–M, s vycpávkami a zapínáním na zip na zádech. Ideální pro večerní příležitosti.;Dlouhé společenské šaty na ramínka | vmobleceni.cz
440510;Dámské šaty oversize s kapucou a dlouhým rukávem, bavlněné (95% bavlna), zateplené zevnitř. Velikosti 48–52, ONE SIZE. Pohodlné na každodenní nošení.;Šaty oversize s kapucí dlouhý rukáv dámské | vmobleceni.cz
440512;Dámské oversize šaty s kapucí, dlouhý rukáv, bavlněné (95 % bavlna). Velikosti 48–52, zateplené zevnitř. Pohodlné na každodenní nošení.;Dámské oversize šaty s kapucí | vmobleceni.cz
440530;Prodloužená dámská mikina s kapucí, dlouhý rukáv, velikost ONE SIZE (54–58). 95 % bavlna, pohodlný střih. Objevte stylovou zimní mikinu.;Dámská mikina prodloužená s kapucí | vmobleceni.cz
429859;Tunika s dlouhým rukávem pro nadrozměr, viskóza s elastanem, velikost 52/54, prsa 128–144 cm. Ideální na každodenní nošení i do práce. Objednejte si jej nyní.;Tunika dlouhý rukáv dámské nadrozměr | vmobleceni.cz
430206;Dámská tunika s 3/4 rukávy z viskózy pro nadrozměr (54–58), ideální na každodenní nošení. Volný střih, délka 96 cm. Objevte komfort italské módy.;Dámská tunika nadrozměr 54-58 | vmobleceni.cz
440534;Prodloužená dámská mikina s kapucí, 95 % bavlna, délka 68–89 cm, velikost ONE SIZE (54–58). Pohodlný střih pro nadrozměr. Objednejte nyní.;Prodloužená dámská mikina s kapucí | vmobleceni.cz
274977;Tunika oversize dlouhý rukáv z viskózy pro dámy nadrozměru 54–58. Pohodlný střih, ideální na každodenní nošení. Objevte kvalitní italskou módu.;Tunika oversize dlouhý rukáv dámské nadrozměr | vmobleceni.cz
337512;Dámská vesta s kapucí bez rukávu z italské módy, nadrozměr XL/2XL ONE SIZE. Polyesterová, 130 cm přes prsa. Ideální na přechodné období.;Dámská vesta s kapucí nadrozměr XL/2XL | vmobleceni.cz
410009;Elegantní dámské šaty s krátkým rukávem v nadrozměrech XL–3XL. Polyesterové šaty (95% polyester, 5% elastan) na každodenní nošení i do práce. Pohodlný střih pro ženy s boky až 124 cm.;Elegantní šaty krátký rukáv nadrozměr XL–3XL | vmobleceni.cz
440342;Dámská prodloužená mikina na zip s kapucí, bavlna s elastanem, velikosti 48–52 (ONE SIZE). Ideální na každodenní nošení, délka 115 cm. Objednejte na vmobleceni.cz.;Dámská mikina na zip s kapucí nadrozměr | vmobleceni.cz
441840;Prodloužená dámská košile s 3/4 rukávem, bavlna s elastanem, oversize střih, velikosti S–L. Ideální na každodenní nošení i k moři. Objevte kolekci ITALSKÁ MÓDA.;Dámská košile prodloužená 3/4 rukáv | vmobleceni.cz
441841;Dámská košile klasik s dlouhým rukávem v nadrozměru 54/56/58, italská móda. Prsa 160 cm, délka 82 cm. Pohodlný střih pro plnější postavy. Koupit online.;Dámská košile klasik nadrozměr 54-58 | vmobleceni.cz
442279;Volnočasové dámské šaty s 3/4 rukávem, velikosti 44–48, polyester elastan. Elegantní střih pro každodenní nošení i práci. Pohodlné a praktické.;Dámské šaty 3/4 rukáv 44-48 | vmobleceni.cz
442312;Plisované midi šaty MIA se širokým páskem, kulatým výstřihem a krátkými rukávy. Šifonová tkanina s podšívkou, barva špinavě růžová. Velikosti XS–XL. Vhodné pro každou příležitost.;Plisované midi šaty MIA | vmobleceni.cz
442313;Plisované midi šaty MIA z polyesteru se širokým páskem, kulatým výstřihem a krátkými rukávy. Béžové, velikosti XS–XL. Ideální na každodenní nošení i slavnostní příležitosti.;Plisované midi šaty se páskem béžové | vmobleceni.cz
442517;Teplá dámská mikina oversize z viskózy s dlouhým rukávem, velikost 54–58 (ONE SIZE). Pohodlný střih pro nadrozměr, ideální na každodenní nošení. Objevte oblečení, které vám padne.;Mikina oversize dámská nadrozměr 54-58 | vmobleceni.cz
399589;Dlouhá dámská košile v nadrozměru (2XL/3XL) s italským střihem, prsa 145 cm, délka 95 cm. Pohodlná a elegantní pro plnoštíhlé ženy. Objednejte nyní.;Dámská košile dlouhý rukáv nadrozměr 2XL/3XL | vmobleceni.cz
413044;Letní dámské šaty nadrozměr (50/52) s krátkým rukávem, 100% polyester. Prsa 120cm, boky 135cm. Pohodlný střih pro plnější postavy. Objednejte si své velikosti.;Šaty letní krátký rukáv nadrozměr 50/52 | vmobleceni.cz
414474;Dámské šaty s krátkým rukávem, nadrozměr 56/58, viskóza s elastanem. Pohodlný střih pro prsa 130–160 cm, boky 150–190 cm. Italská móda s kvalitou.;Dámské šaty krátký rukáv nadrozměr 56/58 | vmobleceni.cz
427212;Volnočasové dámské šaty s dlouhým rukávem, nadrozměr 48/50, bavlna s elastanem. Pohodlný střih pro prsa 115–140 cm. Italská móda. Objednejte nyní.;Dámské šaty nadrozměr dlouhý rukáv | vmobleceni.cz
444488;Dámská teplá šála 109×109 cm z polyesteru, polská výroba. Velká dlouhá šála pro chladné dny. Pohodlná a teplá.;Dámská šála teplá dlouhá 109x109 cm | vmobleceni.cz
444810;Dámský batoh na zip ze 100% polyesteru, ONE SIZE, 37 cm vysoký s přihrádkami. Praktický na každodenní nošení. Objevte nabídku na vmobleceni.cz.;Dámský batoh na zip TESSRA | vmobleceni.cz
444814;Dámský batoh na zip TESSRA s přihrádkami, 100% polyester, výška 29 cm, ONE SIZE. Praktický na každodenní nošení. Objednejte nyní.;Dámský batoh na zip TESSRA s přihrádkami | vmobleceni.cz
444816;Dámský batoh TESSRA z polyesteru na zip s přihrádkami, velikost ONE SIZE, 35 cm vysoký. Praktický batoh pro každodenní nošení. Objednejte online.;Dámský batoh TESSRA na zip s přihrádkami | vmobleceni.cz
393445;Dámské zimní semišové rukavice s kožíškem, one size, 100% semiš. Teplé a stylové rukavice na zimu. Objevte kolekci rukavic v e-shopu.;Dámské zimní semišové rukavice s kožíškem | vmobleceni.cz
445869;Zimní dámské kožené rukavice prstové ONE SIZE od značky SANDROU. Polyesterové rukavice s klasickým střihem pro teplé ruce v zimě. Vyberte si své.;Dámské kožené zimní rukavice prstové | vmobleceni.cz
445870;Dámské prstové rukavice DELFIN one size z polyesteru, bavlny a elastanu. Pohodlný střih pro podzim a zimu. Objednejte online.;Dámské prstové rukavice DELFIN one size | vmobleceni.cz
445871;Dámské prstové rukavice DELFIN BW-002/DR (one size) z polyesteru s elastanem. Pružný materiál pro pohodlné nošení. Objednejte nyní.;Dámské prstové rukavice DELFIN | vmobleceni.cz
445872;Dámské prstové rukavice DELFIN BW-0024/DR, one size, z polyesteru s elastanem. Pružný střih pro pohodlné nošení. Objednejte online.;Dámské prstové rukavice one size | vmobleceni.cz
122630;Dámské tepláky slabé maskáč BLUE ROYAL z italské módy, 95% bavlna, 5% elastan. Pohodlné a prodyšné. Objednejte nyní.;Dámské tepláky maskáč BLUE ROYAL | vmobleceni.cz
246410;Dámské košilové šaty s dlouhým rukávem, 95% bavlna, lehce strečové. Zapínání na knoflíky, pásek v pase. Velikost S–L. Objednejte elegantní šaty online.;Dámské košilové šaty dlouhý rukáv | vmobleceni.cz
253037;Dámské maskáčové tepláky z bavlny s elastanem, velikost S/L ONE SIZE, s kapsami a gumou v pase. Pohodlné na každodenní nošení. Objednejte nyní.;Dámské maskáčové tepláky S/L | vmobleceni.cz
253694;Elegantní krajkový body na ramínka v černé barvě, velikost S/M one size. Polyester s elastanem pro pohodlný střih. Italská móda – najděte svůj oblíbený body.;Body krajkový na ramínka černý S/M | vmobleceni.cz
260934;Dámské tričko s krátkým rukávem, bavlna s elastanem, velikost S/M. Pohodlný střih italské módy s elastickým materiálem pro každodenní nošení.;Dámské tričko krátký rukáv S/M | vmobleceni.cz
332881;Letní skládané šaty bez rukávů z 100% polyesteru, ONE SIZE (S/M). Vzdušné, elegantní, univerzální střih pro všechny příležitosti. Objednejte si letní essential.;Letní skládané šaty bez rukávů | vmobleceni.cz
343572;Elegantní šifonové šaty s dlouhým rukávem, leopardí vzor, guma v pase, páskem, velikost S/M. Pohodlný střih pro všechny příležitosti. Objednejte online.;Šaty šifonové dlouhý rukáv leopardí S/M | vmobleceni.cz
376525;Dámské šaty bez rukávu ICECOOL z polyesteru s elastanem, chladivý materiál, vel. L-3XL. Ideální na léto, v pase na gumu. Objevte v naší nabídce.;Šaty dámské bez rukávu ICECOOL L-3XL | vmobleceni.cz
395125;Dámské síťované punčochače LUREX se stříbrnou nití a malým očkem, polyamid s elastanem, velikosti 158–180. Elegantní metalický efekt pro každý den.;Punčochače dámské LUREX 158-180 | vmobleceni.cz
432986;Dlouhé letní šaty carmen s Italian stylem, 90% polyester, elastan. Prsní vycpávky a žabičkování přes prsa, velikost S/M ONE SIZE. Pohodlné a pružné na těle.;Dlouhé letní šaty carmen dámské | vmobleceni.cz
432987;Dlouhé letní šaty s carmen výstřihem, velikost S/M. Pružný materiál (90% polyester, 10% elastan) s vycpávkami a žabičkováním. Ideální na léto.;Dlouhé letní šaty carmen dámské | vmobleceni.cz
362125;Dlouhá saténová sukně s gumou v pase, pas 66–80 cm, délka 89 cm. Polyester s elastanem, elegantní střih. Vhodná na společenské příležitosti.;Sukně satén dlouhá dámská S/M | vmobleceni.cz
427227;Dámská tunika oversize se zipem a 3/4 rukávem z 95% bavlny, velikosti 54–58. Prodloužený střih 90 cm ideální na práci i volný čas. Italská móda.;Dámská tunika oversize se zipem 3/4 rukáv | vmobleceni.cz
447630;Dlouhý dámský overál bez rukávů v oversize střihu, velikosti S/M/L. Italská móda s volným střihem pro pohodlné léto. Objevte ideální kousek.;Dámský overál dlouhý oversize bez rukávu | vmobleceni.cz
447650;Dlouhé dámské kalhoty oversize GIRA z 100% viskózy, na gumu, velikost S/M/L ONE SIZE. Pohodlné letní kalhoty do práce i volného času. Objevte italskou módu.;Dámské kalhoty oversize GIRA letní | vmobleceni.cz
447654;Dámské dlouhé kalhoty oversize z 100% viskózy, ONE SIZE S/M/L. Vzdušný střih pro léto, pohodlné a stylové. Najděte svou velikost.;Dámské kalhoty oversize dlouhé | vmobleceni.cz
447724;Dlouhé květované dámské šaty s krátkým rukávem, velikosti S–L. Pohodlný střih v italské kvalitě. Objednejte si nyní.;Dámské šaty dlouhé květované krátký rukáv | vmobleceni.cz
447731;Dámské oversize kalhoty z 100% viskózy, délka 105 cm, pas až 120 cm, ideální pro pohodlný letní outfit. Najděte svou velikost.;Dámské oversize kalhoty letní viskóza | vmobleceni.cz
447736;Dámské oversize tričko s krátkým rukávem v italském stylu. Bavlněné, volný střih, velikosti S–L. Pohodlné a vzdušné pro každodenní nošení.;Dámské oversize tričko krátký rukáv | vmobleceni.cz
447739;Dlouhá tylová sukně dámská v italském stylu, velikosti S/M/L ONE SIZE. Elegantní střih s jemným tylém pro společenské příležitosti. Objednejte na vmobleceni.cz.;Dlouhá tylová sukně dámská | vmobleceni.cz
448588;Letní dámské šaty volnočasové nadrozměr 50–54, krátký rukáv, viskóza s elastanem. Pas 66–130 cm, pohodlný střih pro plnější postavy. Nakupte online.;Šaty nadrozměrné letní krátký rukáv | vmobleceni.cz
418240;Dámské šaty na ramínka s krátkým rukávem, nadrozměr 48/50 ONE SIZE. Polyester s elastanem, prs 110–120 cm, boky 113–130 cm. Pohodlný střih pro plnoštíhlé.;Dámské šaty nadrozměr 48/50 | vmobleceni.cz
450603;Dlouhá saténová sukně dámská, pas na gumu 62 cm, délka 110 cm. Polyester s elastanem, velikost S/M. Elegantní střih pro každodenní nošení.;Saténová dlouhá sukně dámská S/M | vmobleceni.cz
450607;Dlouhá saténová sukně dámská s gumou v pase, 95% polyester, velikost S/M ONE SIZE. Elegantní střih, délka 110 cm. Objednejte si nyní.;Sukně saténová dlouhá dámská S/M | vmobleceni.cz
447601;Letní dámské šaty bez rukávu na ramínka, polyester se spandexem, vel. S/M/L, přes prsa 78–98 cm. Pohodlné na každodenní nošení i k moři.;Letní dámské šaty bez rukávu | vmobleceni.cz
451586;Dámská košile s 3/4 rukávem v nadrozměru, bílá, bavlna s elastanem, velikost ONE SIZE 44–48. Lehká a pohodlná na každodenní nošení i do práce.;Dámská košile 3/4 rukáv nadrozměr | vmobleceni.cz
241406;Letní dámská sukně z 95% viskózy s elastanem, uni velikost S–L, italský střih. Měkký a vzdušný materiál ideální na horké dny. Objednejte nyní.;Letní dámská sukně S-L viskóza | vmobleceni.cz
264210;Elegantní dámské šaty s dvojitým rukávem ze 95% polyesteru. Italská móda s pružným střihem. Najděte svou velikost mezi nabízenými variantami.;Dámské šaty elegantní dvojitý rukáv | vmobleceni.cz
275786;Dlouhé letní šaty bez rukávů s volánky z italského lnu pro dámy. Zapínání na knoflík, velikosti S/L, délka 92 cm. Najděte svůj styl.;Dlouhé letní šaty bez rukávů | vmobleceni.cz
309522;Dámská prodloužená košile dlouhý rukáv ITALSKÁ MÓDA, oversize střih, 95% bavlna, elastan. Velikosti až 3XL. Pohodlná a vzdušná.;Dámská košile dlouhý rukáv oversize | vmobleceni.cz
329911;Dlouhé společenské šaty bez rukávu pro dámy, 100% polyester, velikost S/M ONE SIZE. Vycpávaná prsa, pružné zádě, délka 139 cm. Ideální na ples nebo večer.;Dlouhé společenské šaty bez rukávu dámské | vmobleceni.cz
376919;Dlouhé elegantní společenské šaty bez rukávu na jedno rameno s vycpávkami a bočním zipem. Velikost S/M/L ONE SIZE. Objevte stylový kousek od italské módy.;Dlouhé společenské šaty bez rukávu | vmobleceni.cz
453762;Ledvinka kabelka ONE SIZE z 100% polyesteru. Praktický doplněk pro každodenní nošení s nastavitelným popruhem. Objednejte si ji na vmobleceni.cz.;Ledvinka kabelka ONE SIZE | vmobleceni.cz
357260;Dámské krajkové tílko na ramínka, velikost S/M/L, 100% polyester. Nastavitelná ramínka, ideální pod sako do práce i na společenské akce. Objevte elegantní tílko.;Dámské krajkové tílko na ramínka S/M/L | vmobleceni.cz
454536;Dámské šaty LENA s krátkým rukávem, bavlna-polyester, velikosti L–7XL. Pohodlný střih pro každodenní nošení, do práce i na dovolenou. Objednejte nadrozměrné šaty online.;Dámské šaty krátký rukáv nadrozměr LENA | vmobleceni.cz
322438;Strečové kraťasy dámské ITALSKÁ MÓDA, 95% bavlna, velikost ONE SIZE pro XL–3XL. Pohodlný střih s elastanem. Objednejte online.;Dámské kraťasy strečové XL-3XL | vmobleceni.cz
458899;Dámské tričko s krátkým rukávem, bavlna 90 % elastan, kulatý výstřih a potisk motýlů. Velikosti XS–M. Pohodlné a prodyšné.;Dámské tričko krátký rukáv motýly | vmobleceni.cz
458900;Dámské tričko s krátkým rukávem, 90% bavlna, potisk Bonjour Paris. Velikosti XS–M. Pohodlné, prodyšné, s motivem Paříže. Koupi nyní.;Dámské tričko krátký rukáv Paříž XS-M | vmobleceni.cz
458901;Dámské tričko s krátkým rukávem z bavlny a elastanu s barevným květinovým motivem. Velikosti XS–M a one size. Pohodlné pro každodenní nošení. Vyberte si své.;Dámské tričko krátký rukáv květiny | vmobleceni.cz
316754;Dámské prodloužené tričko oversize s krátkým rukávem, 95% bavlna, nadrozměr 2XL–4XL. Pohodlný střih pro každodenní nošení. Objednejte online.;Dámské prodloužené tričko oversize nadrozměr | vmobleceni.cz
459744;Dlouhé volnočasové šaty s dlouhým rukávem pro dámy, nadrozměr 50–54, bavlna s elastanem, kapsy, pohodlný střih. Ideální na každodenní nošení a do práce.;Dlouhé šaty nadrozměr s rukávem | vmobleceni.cz
459836;Košilové šaty s 3/4 rukávem z 100% viskózy, na knoflíky, velikosti S–L. Vzdušné, elegantní, ideální do práce i volného času. Objevte tuto univerzální klasiku.;Košilové šaty 3/4 rukáv dámská | vmobleceni.cz
459963;Dámské tričko s dlouhým rukávem z viskózy a elastanu, velikosti 48–52 (ONE SIZE), ideální na každodenní nošení. Pohodlný střih pro nadrozměr.;Dámské tričko dlouhý rukáv nadrozměr 48-52 | vmobleceni.cz
459972;Dámské kalhoty s páskem v nadrozměru (42–46), italská móda z viskózy, nylonu a elastanu. Pohodlné do práce i na každodenní nošení. Objednejte si svou velikost.;Dámské kalhoty s páskem nadrozměr | vmobleceni.cz
460078;Volnočasové šaty s 3/4 rukávem, velikost 48–52 (ONE SIZE), viskóza a hedvábí. Pohodlné na každodenní nošení i do práce. Objednejte nadrozměrné dámské šaty teď.;Šaty nadrozměrné 3/4 rukáv dámské | vmobleceni.cz
215273;Dámský cardigan pletený z 100% polyesteru, teplý na dlouhý rukáv, velikosti S/M/L ONE SIZE. Italská móda s hřejivým střihem. Objednejte nyní.;Dámský cardigan pletený teplý dlouhý rukáv | vmobleceni.cz
215279;Dlouhý pletený cardigan dámský ONE SIZE (M/L) z 75% akrylu. Rozměry: prsa 100cm, délka 90cm. Italská móda pro pohodlné nošení.;Dámský cardigan pletený dlouhý rukáv | vmobleceni.cz
215280;Pletený dámský cardigan z 100% akrylu, nadrozměr ONE SIZE, přes prsa 130 cm, délka 105 cm. Italská móda, vhodný pro velikosti S–2XL. Najděte svůj styl.;Dámský cardigan nadrozměr 100% akryl | vmobleceni.cz
218256;Dámský cardigan z 100% akrylu, teplý s dlouhým rukávem, velikost S/M/L ONE SIZE, délka 83 cm. Ideální na každodenní nošení. Objednejte nyní.;Dámský cardigan pletený teplý | vmobleceni.cz
232154;Svetr pletený zapínací Italská Móda z 100% polyesteru. Dámský svetr s knoflíky, vhodný i pro nadrozměrné velikosti. Pohodlný střih s dostatečnou rezervou.;Dámský svetr zapínací Italská Móda | vmobleceni.cz
277065;Tenký pletený dámský svetr s rolákem, dlouhý rukáv, materiál modal a bavlna, velikost L/XL. Pohodlný střih 104cm na prsou, vhodný celoročně. Objednejte nyní.;Dámský svetr rolák tenký dlouhý rukáv | vmobleceni.cz
296828;Pletené šaty svetr oversize s rolákem pro dámy, prodloužený střih, univerzální ONE SIZE, materiál akryl s polyamidem. Pohodlné a teplé.;Pletené šaty svetr oversize s rolákem | vmobleceni.cz
304858;Dámský úpletový svetr s rolákem, dlouhý rukáv, nadrozměr 42–46 (ONE SIZE). Modal, bavlna, viskoza. Na každodenní nošení i do práce. Pohodlný střih pro všechny postavy.;Dámský svetr rolák nadrozměr | vmobleceni.cz
304859;Dámský svetr s rolákem a dlouhým rukávem z 100% polyesteru, vel. S/M. Teplý úpletový svetr italské módy s délkou 62 cm. Ideální na podzim a zimu. Vyberte si svůj.;Dámský svetr rolák dlouhý rukáv S/M | vmobleceni.cz
311735;Prodloužený dámský svetr s knoflíčky, dlouhý rukáv, pro velikosti S–XL. Pletený materiál, délka 87 cm. Pohodlný střih pro všechny postavy. Objednejte online.;Dámský svetr prodloužený na knoflíčky | vmobleceni.cz
314343;Dlouhý dámský cardigan pletený z akrylu a polyamidu, velikost 3XL/4XL ONE SIZE. Teplý svetr s průměrem prsou 130 cm a délkou 118 cm. Najděte si svůj pohodlný cardigan.;Dámský cardigan 3XL/4XL pletený teplý | vmobleceni.cz
314392;Dlouhá dámská flaušová vesta bez rukávů v nadrozměru, polyester s elastanem, s páskem. Ideální na každodenní nošení a do práce. Velikosti S–XL.;Dámská vesta flauš dlouhá nadrozměr | vmobleceni.cz
342273;Dlouhý svetr z 100% akrylu pro XXL postavu, velikosti 54–58. Teplý volný střih na každodenní nošení i do práce. Objevte italskou módu.;Dámský svetr nadrozměr XXL | vmobleceni.cz
342317;Pletený dámský cardigan s kapucí, 100% akryl, délka 86 cm, velikosti S–L ONE SIZE. Ideální na každodenní nošení. Objevte italskou módu.;Dámský cardigan pletený s kapucí | vmobleceni.cz
343429;Pletený dámský svetr s rolákem, dlouhý rukáv, velikost XL/2XL. 100% polyester, prsa 120 cm, délka 60 cm. Ideální pro nadrozměr. Objednejte si nyní.;Dámský svetr s rolákem XL/2XL | vmobleceni.cz
358293;Volnočasové dámské šaty s 3/4 rukávem z bavlny, nadrozměr XL–3XL. Pohodlný střih pro každodenní nošení. Objevte italskou módu na vmobleceni.cz.;Dámské šaty 3/4 rukáv nadrozměr | vmobleceni.cz
380460;Pletený dámský cardigan s kapucí, mohair a vlna, rozměry 120×89 cm. Ideální na každoden i do práce. Objednejte v ONE SIZE.;Cardigan pletený dámský s kapucí | vmobleceni.cz
382327;Elegantní dámské šaty s dlouhým rukávem, velikost S/M ONE SIZE. Italská móda s obvodem prsa 128 cm a boků 150 cm. Dlouhé 128 cm. Koupit online.;Elegantní dámské šaty dlouhý rukáv | vmobleceni.cz
382378;Pletený svetr pro dámy v nadrozměru XL/2XL s dlouhými rukávy, délka 69–87 cm. Materiál: akryl, polyamid, moher. Pohodlný, teplý a módní střih. Objednejte nyní.;Dámský svetr nadrozměr XL/2XL dlouhý rukáv | vmobleceni.cz
382433;Flaušový dámský kabát na zip s kapucí pro nadrozměr (4XL–6XL). Polyester s elastanem, délka 97 cm, ideální na přechodné období. Objevte pohodlné oblečení.;Dámský flaušový kabát nadrozměr 4XL–6XL | vmobleceni.cz
388623;Dámský prodloužený svetr na dlouhý rukáv z 100% polyesteru, nadrozměr XL/2XL ONE SIZE. Prsa 120cm, délka 69–87cm. Pohodlný střih pro větší velikosti.;Dámský svetr prodloužený nadrozměr XL/2XL | vmobleceni.cz
390701;Dámský pletený svetr se stojáčkem z 100% akrylu, velikost S/M/L ONE SIZE. Univerzální střih pro každodenní nošení. Objednejte online.;Dámský svetr se stojáčkem | vmobleceni.cz
390778;Elegantní dlouhé šaty s dlouhým rukávem, velikost S/M, z italské módy. Polyesterové šaty se střihom na prsa i boky 112–120 cm, délka 86/92 cm. Objednejte nyní.;Elegantní šaty dlouhý rukáv dámské S/M | vmobleceni.cz
393071;Dámský oversize svetr s dlouhým rukávem z akrylu, polyamidu a moheru. Volný střih, velikosti S/M/L, délka 92 cm. Pohodlné pletení pro elegantní vzhled.;Dámský oversize svetr dlouhý rukáv | vmobleceni.cz
429805;Dámská tunika s dlouhým rukávem, nadrozměr 52/54, bavlna s elastanem. Pohodlný střih pro každodenní nošení a do práce. Objednejte si svou velikost nyní.;Tunika dlouhý rukáv nadrozměr 52/54 | vmobleceni.cz
429887;Dámská tunika s 3/4 rukávem, nadrozměr 56/58, bavlna s elastanem. Pohodlný střih pro každodenní nošení a práci. Přes prsa 140–154 cm.;Tunika 3/4 rukáv dámská nadrozměr 56/58 | vmobleceni.cz
430854;Teplé úpletové šaty s dlouhým rukávem pro dámy, velikost 42/44 ONE SIZE. Viscosa, polyester, nylon a lurex. Délka 100 cm, pas 72–92 cm. Pohodlný střih pro plnější postavy.;Šaty úpletové dlouhý rukáv dámské 42/44 | vmobleceni.cz
430996;Dámský cardigan oversize z akrylu s dlouhým rukávem, teplý a pohodlný na každodenní nošení. Velikost M/L/XL. Objevte v našem e-shopu.;Dámský cardigan oversize teplý | vmobleceni.cz
431262;Dámský kabát s páskem, dlouhý rukáv, 100 % polyester. Nadrozměrné velikosti S–3XL. Elegantní střih pro podzim a jaro. Objednejte nyní.;Dámský kabát s páskem dlouhý rukáv | vmobleceni.cz
431264;Teplý dámský svetr nadrozměr 56/58, dlouhý rukáv, viskóza a nylon. Ideální na každodenní nošení, přes prsa 140 cm. Pohodlný střih pro ženy s größšími velikostmi.;Dámský svetr nadrozměr 56/58 dlouhý rukáv | vmobleceni.cz
432780;Pletený dámský svetr oversize z 80 % akrylu, 10 % vlny a mohair. Dlouhý rukáv, netopýří střih, vhodný pro nadrozměr XL–5XL. Pohodlný na každodenní nošení.;Dámský svetr oversize nadrozměr XL-5XL | vmobleceni.cz
433847;Elegantní dámské šaty s 3/4 rukávem a šachovnicovým vzorem, nadrozměr 44–48, polyester s elastanem. Pohodlný střih s kapsami pro každodenní i slavnostnější příležitosti.;Šaty elegantní nadrozměr 44-48 | vmobleceni.cz
433852;Dámská mikina oversize s kapucí, prodloužená, z viskózy s elastanem, velikosti 52–56. Měkký materiál ideální na každodenní nošení.;Mikina dámská oversize nadrozměr 52–56 | vmobleceni.cz
435693;Úpletové dámské šaty s krátkým rukávem a páskem, viskóza a nylon, volné na hrudi 108 cm. Ideální na každodenní nošení i do práce. Objednejte nyní.;Dámské šaty úpletové krátký rukáv | vmobleceni.cz
435698;Dámský úpletový svetr s dlouhým rukávem, velikost 44–48 ONE SIZE. Viskóza, polyester, nylon. Italská móda pro nadrozměrné postavy. Objevte svůj nový svetr.;Dámský svetr úpletový dlouhý rukáv 44-48 | vmobleceni.cz
435699;Úpletový svetr s dlouhým rukávem pro nadrozměr (44–48), viskózový se střihem přes prsa 120 cm. Elegantní italská móda pro plnoštíhlé ženy.;Svetr úpletový dámský nadrozměr 44-48 | vmobleceni.cz
436101;Dámský pletený svetr oversize s rolákem a dlouhým rukávem. Teplý, hrubý střih v italské módě, velikosti S/M/L ONE SIZE. Pohodlný a elegantní.;Dámský svetr oversize s rolákem | vmobleceni.cz
442160;Dlouhý dámský cardigan z 100% akrylu, vel. M–XL, délka 122 cm. Teplý pletený svetr na každodenní nošení. Objednejte online.;Dámský cardigan dlouhý pletený | vmobleceni.cz
445844;Elegantní dámské kalhoty s páskem, bavlna-polyester, pas 78–110 cm, ideální na práci i každodenní nošení. Nadrozměrné v M/L/XL. Objednejte.;Kalhoty elegantní dámské nadrozměr M/L/XL | vmobleceni.cz
446337;Tenký dámský svetr s krátkým rukávem, viskóza-polyester-nylon, přes prsa 118 cm, ONE SIZE. Lehký a vzdušný na léto. Objednejte online.;Tenký dámský svetr s krátkým rukávem | vmobleceni.cz
448109;Strečové kalhoty dámské nadrozměr PINOT, ONE SIZE 44–48, viskoza s elastanem. Pohodlné na každodenní nošení, gumovací pas 84–120 cm. Objednejte online.;Kalhoty strečové dámské nadrozměr PINOT | vmobleceni.cz
455298;Tenký úpletový svetr FREA s dlouhým rukávem pro dámy, viskóza a polyester, velikosti S–L. Pohodlný na každodenní nošení, italská kvalita.;Dámský tenký svetr s dlouhým rukávem | vmobleceni.cz
458934;Dámské tričko s dlouhým rukávem nadrozměr ONE SIZE (44/46/48) z viskózy s elastanem. Pohodlný střih pro každodenní nošení, prs 106-124 cm. Najděte ideální fit v kolekci vmobleceni.cz.;Dámské tričko dlouhý rukáv nadrozměr 44-48 | vmobleceni.cz
458939;Volnočasové dámské kalhoty na gumičku, nadrozměr 46–50, viskoza s elastanem. Pohodlné s kapsami, pas 70–120 cm. Objednejte si.;Volnočasové kalhoty dámské nadrozměr 46–50 | vmobleceni.cz
459141;Dámský úpletový svetr s 3/4 rukávem, materiál akryl a nylon, vel. S–L. Pružný střih pro každodenní nošení. Objednejte online.;Dámský svetr 3/4 rukáv úpletový | vmobleceni.cz
459529;Dámský svetr s 3/4 rukávem z viskózy a nylonu, vel. M–XL. Pružný úplet, ideální na každodenní nošení, přes prsa 118–124 cm. Italská móda AMALIA.;Dámský svetr 3/4 rukáv M–XL | vmobleceni.cz
459826;Podzimní bunda dámská nadrozměr 50–54, polyester, kapuce a zip, vhodná na každodenní nošení. Objednejte si svou velikost.;Podzimní bunda dámská nadrozměr 50–54 | vmobleceni.cz
459833;Dámská vesta s kapucí bez rukávu z polyesteru, velikost 52–56 (ONE SIZE). Ideální na každodenní nošení, přes prsa 136 cm. Nakupte nyní.;Dámská vesta s kapucí nadrozměr 52-56 | vmobleceni.cz
459953;Volnočasové šaty s dlouhým rukávem pro nadrozměr, bavlna s elastanem, velikosti 46–50, kapsy, délka 119 cm. Pohodlné na každodenní nošení.;Šaty volnočasové dlouhý rukáv nadrozměr | vmobleceni.cz
460099;Tenký dámský svetr z 88 % viskózy s dlouhými rukávy, volný střih pro boky 94–114 cm, délka 66 cm. Ideální na každodenní nošení. Vyberte si velikost M, L, XL.;Dámský svetr tenký dlouhý rukáv | vmobleceni.cz
460172;Flaušový kabát dámský nadrozměr, dlouhý rukáv, bavlna-polyester-vlna, na zip, vel. 50–54. Teplý a pohodlný na každodenní nošení.;Kabát flaušový dámský nadrozměr | vmobleceni.cz
460177;Elegantní dámské kalhoty s páskem, viskóza a polyester, velikosti 44–48. Ideální na každodenní nošení i do práce. Objednejte nadrozměrné kalhoty online.;Kalhoty elegantní s páskem dámské nadrozměr | vmobleceni.cz
182297;Dámské jarní sako BARBARA s 3/4 rukávy, polyester s elastanem, velikosti S–L. Elegantní a volnočasové na každodenní nošení i do práce. Objednejte online.;Dámské sako BARBARA jarní 3/4 rukáv | vmobleceni.cz
227141;Dámské šaty s dlouhým rukávem ze směsi polyesteru, viskózy a elastanu. Teplý klasik střih, velikost S/M ONE SIZE, délka 88 cm. Pohodlné a elastické.;Dámské šaty dlouhý rukáv S/M | vmobleceni.cz
272149;Dlouhý dámský cardigan ANDY z 100% akrylu, velikosti XS–XL, ideální na každodenní nošení. Délka 118 cm, šířka přes prsa 120 cm. Objednejte nyní.;Dámský cardigan dlouhý rukáv ANDY | vmobleceni.cz
272198;Dámské mikinové šaty s kapucí a dlouhým rukávem z 95% bavlny, nadrozměr one size S–2XL. Pohodlný střih pro různé postavy, italská kvalita.;Dámské mikinové šaty s kapucí | vmobleceni.cz
277098;Dámské šaty s dlouhým rukávem, teplý střih, polyester-viskóza, vel. L/XL ONE SIZE. Klasické střihy pro všechny příležitosti. Vyzkoušejte nyní.;Dámské šaty dlouhý rukáv L/XL | vmobleceni.cz
298223;Pletené dámské šaty s dlouhým rukávem z 100% akrylu, velikost S/M/L ONE SIZE. Teplé, pružné šaty na hrudník 88–96 cm. Objednejte nyní.;Pletené šaty dlouhý rukáv dámské | vmobleceni.cz
340150;Mikinové šaty s dlouhým rukávem z bavlny s elastanem, ONE SIZE (S/M/L). Pohodlné šaty na každodenní nošení i do práce. Objevte italskou módu.;Mikinové šaty dlouhý rukáv dámské | vmobleceni.cz
342285;Dámský kabát z alpaky s kapucí pro nadroměr, velikost XL/2XL ONE SIZE. Směs vlny, angory a viskózy, délka 88 cm. Italská móda.;Dámský kabát alpaka s kapucí nadroměr | vmobleceni.cz
342286;Dlouhý dámský kabát z alpaky, vlny a angory pro nadroměr (L–2XL). Hřejivý střih přes prsa 124 cm, délka 87 cm. Polská móda IMD22919.;Kabát alpaka dámský nadroměr L–2XL | vmobleceni.cz
344012;Pletené teplé šaty s rolákem, velikost S/M ONE SIZE, prsa 110-120 cm, boky 110-120 cm. Pohodlný střih pro chladné dny. Objednejte nyní.;Šaty pletené s rolákem dámské S/M | vmobleceni.cz
360555;Dámské sako s dlouhým rukávem, podšívkou a elastickým polyesterem. Velikost S/M/L one size, vhodné na každodenní nošení i společenské akce. Objednejte si nyní.;Dámské sako dlouhý rukáv podšívka | vmobleceni.cz
380912;Dámská mikina kabát na zip s kapucí, 100% polyester, velikosti 50–54, s kapsami. Ideální na každodenní nošení i do práce. Italská móda.;Dámská mikina kabát na zip nadrozměr 50-54 | vmobleceni.cz
381275;Dámská bunda s kapucí v nadrozměru 2XL–4XL, polyesterová, na zip. Ideální na podzim, jaro a teplou zimu. Přes prsa 136 cm. Objednejte online.;Dámská bunda s kapucí nadrozměr 2XL-4XL | vmobleceni.cz
382226;Dámský dlouhý kabát na zip s kapucí z 100% polyesteru, velikost XL/2XL. Ideální na každodenní nošení s šikmým zipem. Nadrozměrná móda pro všechny postavy.;Dámský kabát dlouhý na zip s kapucí XL/2XL | vmobleceni.cz
384674;Dámská bunda s kapucí na zip, nadrozměr 3XL/4XL, 100% polyester. Ideální na každodenní nošení, přes prsa 146 cm. Pohodlný střih pro všechny příležitosti.;Dámská bunda s kapucí nadrozměr 3XL/4XL | vmobleceni.cz
385736;Dámské teplé šaty s dlouhým rukávem, velikost S/M, polyester s elastanem. Volnočasový střih na prsa 124 cm, délka 98 cm. Pohodlné na každý den.;Dámské šaty teplé dlouhý rukáv S/M | vmobleceni.cz
385744;Dámský pletený svetr oversize z 100% akrylu s dlouhými rukávy a zdobením. Velikost ONE SIZE (S/M/L), délka 73 cm. Pohodlný střih pro každodenní nošení.;Dámský pletený svetr dlouhý rukáv | vmobleceni.cz
385749;Dámské volnočasové šaty s dlouhým rukávem z viskózy a elastanu, velikost S/M/L ONE SIZE. Pohodlný střih s řádkovým vzorem pro každodenní nošení. Objednejte nyní.;Dámské šaty dlouhý rukáv S/M/L | vmobleceni.cz
385791;Mikinové šaty oversize s kapucí pro dámy, bavlna s elastanem, velikosti 2XL–3XL. Teplé, volnočasové s dlouhým rukávem a kapsami. Pohodlný střih pro nadrozměr.;Mikinové šaty oversize s kapucí dámské 2XL | vmobleceni.cz
390739;Dámské šaty s dlouhým rukávem, 94% polyester, velikost S/M ONE SIZE. Teplé, elastické, délka 93 cm. Pohodlný střih pro chladnější dny. Objevte našu kolekci.;Dámské šaty dlouhý rukáv S/M | vmobleceni.cz
430748;Teplé dámské šaty s dlouhým rukávem v nadrozměru 50/52, ONE SIZE. Prsa 112–120 cm, délka 86–92 cm. Italská móda pro plnější postavy. Objevte pohodlné šaty;Šaty teplé dlouhý rukáv dámské nadrozměr | vmobleceni.cz
430785;Krátké úpletové šaty s dlouhým rukávem, velikost S/M, materiál viscosa/polyester. Elegantní střih italské módní značky. Vhodné pro každodenní nošení.;Krátké šaty dlouhý rukáv dámské S/M | vmobleceni.cz
433656;Tenký dámský svetr na knoflíky z modalu, bavlny a viskózy, velikosti 46–50. Délka 70 cm, pružný střih pro pohodlí. Italská móda.;Svetr tenký na knoflíky dámský nadrozměr | vmobleceni.cz
433840;Pletené dámské šaty s dlouhým rukávem, jednorozměrové (S/M/L), z akrylu, polyamidu a moheru. Stylové, teplé a pohodlné pro podzim a zimu. Vyberte si své.;Šaty pletené dlouhý rukáv dámské | vmobleceni.cz
434765;Dámské šaty na ramínka se svetrem, ONE SIZE (S/M), tylová sukně, pas na gumu 60–90 cm. Italský design IM424SILVIE.;Dámské šaty na ramínka se svetrem | vmobleceni.cz
445842;Dámské oversize šaty s 3/4 rukávem z viskózy, polyesteru a elastanu. Volné, pohodlné střihy pro každodenní nošení, velikosti M–XL. Italská móda s kvalitou.;Dámské oversize šaty 3/4 rukáv | vmobleceni.cz
447378;Dámské košilové šaty s 3/4 rukávem z 100% polyesteru, velikosti XS–M, italská móda. Pohodlný střih, snadná péče. Objednejte online.;Šaty košilové 3/4 rukáv dámské | vmobleceni.cz
447403;Košilové šaty letní s dlouhým rukávem pro dámy, nadrozměr 38–42, ONE SIZE. Polyesterové, vzdušné, délka 112 cm. Ideální pro teplé dny.;Šaty košilové dámské dlouhý rukáv nadrozměr | vmobleceni.cz
448243;Dámské košilové šaty s 3/4 rukávem a páskem, 100 % polyester, XS–M. Ideální na každodenní nošení i do práce. Objevte kvalitní střih z italské módy.;Šaty košilové 3/4 rukáv dámské | vmobleceni.cz
460504;Společenské krátké šaty s krátkým rukávem, polyester elastan, vel. S/M/L. Elegantní střih pro dámy, délka 96 cm. Objednejte online.;Společenské šaty krátký rukáv dámské | vmobleceni.cz
460705;Dámský chlupatý kabátek na knoflíky, dlouhý rukáv, polyester, ONE SIZE (S/M/L). Teplý a stylový zimní kabát. Objednejte online.;Dámský chlupatý kabátek dlouhý rukáv | vmobleceni.cz
460706;Krátké úpletové šaty s dlouhým rukávem pro ženy, nadrozměr 44–48, ONE SIZE. Měkký polyester s viskózou a elastanem. Prsa 106–120 cm, boky 94–110 cm.;Šaty krátké úpletové nadrozměr 44–48 | vmobleceni.cz
460707;Dámský zimní chlupatý kabát dlouhý rukáv, materiál 100% polyester, délka 90cm, univerzální ONE SIZE (S/M/L). Hřejivý a stylový.;Dámský zimní chlupatý kabát | vmobleceni.cz
460708;Dlouhé elegantní šaty s třpytivým efektem, dlouhý rukáv, polyester s elastanem. Velikosti S–L, pas 70–110 cm, délka 130 cm. Italská móda pro slavnostní příležitosti.;Dlouhé elegantní šaty třpytivé | vmobleceni.cz
460709;Dámský pletený svetr na knoflíky s krátkým rukávem z 100% akrylu, velikosti S/M/L ONE SIZE. Teplý, odolný materiál pro pohodlné nošení.;Dámský svetr na knoflíky krátký rukáv | vmobleceni.cz
460712;Mikinové šaty s kapucí a kapsami pro dámy nadrozměr, dlouhý rukáv, viskóza a elastan, velikost 54–58. Pohodlné na každodenní nošení. Objevte kolekci pro XXL.;Mikinové šaty s kapucí nadrozměr XXL | vmobleceni.cz
452244;Dlouhé saténové společenské šaty ALESSIA s nastavitelnými ramínky, prsními vycpávkami a šněrováním na zádech. Polyester s elastanem, velikost XS–M. Elegantní střih pro dámy.;Dlouhé saténové šaty na ramínka ALESSIA | vmobleceni.cz
460684;Krátký flaušový kabát dámský v nadrozměrech 40–50, 100% polyester, na knoflík. Ideální na každodenní nošení, délka 59–65 cm. Objevte italskou módu.;Krátký flaušový kabát dámský nadrozměr | vmobleceni.cz
460716;Dámská tepláková souprava s dlouhým rukávem a tepláky v nadrozměru 46–50, ONE SIZE. Mikina i kalhoty z viskózy a polyesteru s elastanem. Pohodlný střih pro větší postavy.;Dámská tepláková souprava nadrozměr | vmobleceni.cz
460719;Prodloužený oversize svetr pro dámy nadrozměr 52–56, z mohéru, akrilu a vlny. Teplý, pohodlný s dlouhým rukávem. Ideální pro chlad.;Svetr oversize nadrozměr 52-56 mohér | vmobleceni.cz
460720;Elegantní dámská souprava mikina a kalhoty, nadrozměr 46–50, viskoza s elastanem. Pohodlný střih pro každodenní nošení. Objednejte online.;Dámská souprava mikina + kalhoty nadrozměr | vmobleceni.cz
460721;Volnočasové mikinové šaty s kapucí a dlouhým rukávem, viskóza a polyester, oversize střih M/L/XL. Pohodlné na každodenní nošení. Koupit online.;Mikinové šaty s kapucí dlouhý rukáv | vmobleceni.cz
460722;Úpletové šaty dlouhý rukáv MARIA z viskozy a polyesteru, velikost S/M/L ONE SIZE. Pohodlné na každodenní nošení i do práce. Objevte italskou módu.;Šaty úpletové dlouhý rukáv dámské | vmobleceni.cz
460723;Elegantní dámské kalhoty s páskem, viskoza a elastan, pas 80–104 cm, velikosti S/M/L. Pohodlný střih pro každodenní nošení. Koupit online.;Kalhoty elegantní dámské s páskem | vmobleceni.cz
460725;Prodloužený dámský svetr RAMANNA s dlouhým rukávem, 80% akryl, 10% vlna, 10% mohair. Velikost 54/56/58, délka 85 cm. Pohodlný na každodenní nošení.;Prodloužený svetr dámský nadrozměr | vmobleceni.cz
460726;Dámský pletený svetr nadrozměr 48–52 ONE SIZE, akryl/nylon/polyester, prsa 120–130 cm, délka 70 cm. Teplý a pohodlný. Vyberte si svůj.;Dámský svetr nadrozměr 48–52 | vmobleceni.cz
460727;Mikinové šaty dlouhý rukáv pro dámy, nadrozměr 48–52, viskóza s elastanem. Pohodlný střih pro prsa 120–130 cm. Objednejte online.;Mikinové šaty dlouhý rukáv nadrozměr | vmobleceni.cz
460729;Krátké úpletové šaty s rolákem a dlouhým rukávem pro dámy, nadrozměr 50–54 ONE SIZE. Viskoza, polyester, polyamid. Prs 120–140 cm, boky 120–150 cm.;Šaty krátké úpletové nadrozměr 50-54 | vmobleceni.cz
460730;Dámský flaušový kabátek z bavlny, polyesteru a vlny, dlouhý rukáv, velikosti S/M/L. Ideální na přechodné období i jako elegantní sako. Koupit online.;Kabátek dámský flaušový dlouhý rukáv | vmobleceni.cz
460731;Úpletové šaty s dlouhým rukávem, řádkované, viskóza/polyester/polyamid, prsa 82–110 cm, boky 88–112 cm. Pohodlný střih ONE SIZE. Objevte kvalitní italskou módu.;Šaty úpletové dlouhý rukáv dámské | vmobleceni.cz
460732;Dámský úpletový svetr s řádkováním a dlouhými rukávy. Viskóza, polyester, polyamid. Velikosti S/M/L (prsa 80-96 cm). Teplý, pohodlný střih. Objednejte online.;Dámský svetr úpletový řádkový | vmobleceni.cz
460733;Úpletové šaty s rolákem a dlouhým rukávem, velikost S/M/L, materiál viskoza, polyester a polyamid. Pohodlný střih pro všechny postavy.;Šaty úpletové dlouhý rukáv | vmobleceni.cz
460734;Dámský svetr úpletový řádkový s dlouhým rukávem z viskózy, polyesteru a polyamidu. Teplý a pohodlný, velikosti S/M/L. Objednejte na vmobleceni.cz.;Dámský svetr úpletový řádkový | vmobleceni.cz
460735;Krátké dámské šaty s dlouhým rukávem z úpletu, řádkované, velikosti S/M/L. Pohodlný střih pro prsa 90–110 cm a boky 80–120 cm. Objevte italskou módu.;Krátké šaty dlouhý rukáv dámské S/M/L | vmobleceni.cz
460736;Dámský kabátek DANA z polyesteru s elastanem, dlouhý rukáv, na knoflík. Velikost S/M/L ONE SIZE. Teplý a pohodlný na každodenní nošení. Objevte kvalitní italskou módu.;Dámský kabátek DANA dlouhý rukáv | vmobleceni.cz
460738;Dámská tepláková souprava se šaty a mikinou pro nadrozměr, velikosti 48–52. Viskózová látka, elastické pásy, délka šatů 120 cm. Pohodlné oblečení na doma i ven.;Tepláková souprava dámská nadrozměr 48-52 | vmobleceni.cz
460743;Dámský pletený svetr na dlouhý rukáv z 100% akrylu, nadrozměr 50–54 (prsa 120–144 cm). Teplý, hrubý úplet pro pohodlné nošení. Objednejte online.;Dámský svetr nadrozměr 50-54 | vmobleceni.cz
460746;Dámský beránkový kabát s flaušovou úpravou, dlouhý rukáv, velikosti 54–58, viskoza s elastanem. Teplý a pohodlný nadrozměr pro plnější tvary.;Dámský beránkový kabát flaušový nadrozměr | vmobleceni.cz
460747;Pletený dámský svetr s dlouhým rukávem z 100% akrylu, nadrozměr ONE SIZE (46–50), prsa 110–120 cm. Hřejivý a pohodlný svetr pro plnoštíhlé ženy. Objednejte online.;Dámský svetr nadrozměr 46–50 | vmobleceni.cz
460748;Šifonová halenka s dlouhým rukávem ze 100% viskózy, velikosti S–L. Vzdušný střih, délka 60cm, elastická tkanina. Objednejte online.;Šifonová halenka dlouhý rukáv | vmobleceni.cz
460749;Dámské šaty KLARA s páskem, dlouhý rukáv, teplé, 86 cm délka. Polyester, viskoza, nylon. Nositelné jako svetr. Velikosti S/M/L.;Dámské šaty krátké s páskem dlouhý rukáv | vmobleceni.cz
460750;Zimní dámský kabát nadrozměr, velikosti 48–52 ONE SIZE, délka 70 cm, prsa 124 cm. Teplý a kvalitní, ideální pro plnoštíhlé ženy. Objednejte v e-shopu.;Zimní kabát dámský nadrozměr 48-52 | vmobleceni.cz
460751;Dlouhý dámský kabát pončo STELA s dlouhým rukávem, na knoflík a páskem. Polyesterový, volný střih, velikosti 48–54. Ideální pro každodenní nošení.;Dámský kabát pončo dlouhý nadrozměr | vmobleceni.cz
231137;Teplé dámské šaty s dlouhým rukávem, viscosa a elastan, velikost S/M ONE SIZE. Klasický střih s kapsami. Pohodlné pro každodenní nošení.;Dámské šaty dlouhý rukáv S/M | vmobleceni.cz
232576;Dámské pletené šaty s rolákem, viscosa směs, velikosti S–XL. Pohodlný střih, délka 86 cm. Najděte svou velikost a objednejte.;Dámské pletené šaty s rolákem S-XL | vmobleceni.cz
337525;Dámská šusťáková bunda na zip s kapucí, dlouhý rukáv, polyester, velikosti L–3XL. Lehká, vodoodolná, italský design. Najděte svou velikost.;Dámská šusťáková bunda s kapucí L-3XL | vmobleceni.cz
340129;Teplé dámské šaty s dlouhým rukávem, velikost S/M ONE SIZE. Pružný polyester s elastanem, řádkovaný střih, obvod prsou 82 cm. Pohodlné a elegantní.;Teplé šaty dlouhý rukáv dámské S/M | vmobleceni.cz
340360;Dámský cardigan s kapucí, dlouhý rukáv, one size S/M/L/XL. Teplý strih s prsní šířkou 112 cm, ideální pro pohodlné nošení. Objevte italskou módu;Dámský cardigan s kapucí dlouhý rukáv | vmobleceni.cz
342261;Dlouhý dámský flaušový kabát z polyesteru, na knoflíčky, velikosti S–2XL, délka 116–117 cm. Elegantní a teplý pro podzim a zimu.;Dlouhý flaušový kabát dámský S-2XL | vmobleceni.cz
347010;Pletené šaty s dlouhým rukávem a páskem rolákem, 100% polyester, velikost ONE SIZE (S–XL), pas 116–123 cm. Pohodlný střih pro více postav. Vyberte si svůj styl.;Pletené šaty s rolákem dlouhý rukáv | vmobleceni.cz
380914;Dámský pletený cardigan s dlouhým rukávem z 100% akrylu, italská móda. Velikosti S/M a one size. Teplý, pohodlný a snadný na údržbu.;Dámský cardigan pletený dlouhý rukáv | vmobleceni.cz
380952;Dlouhý dámský cardigan z italské módy, 95 % bavlna, elastan. Teplý pletený svetr pro velikosti S, M, L. Pohodlný střih, kvalitní materiál.;Dámský cardigan dlouhý rukáv S-L | vmobleceni.cz
382426;Podzimní dámský kabát s kapucí na zip, nadrozměr 48–52, polyester s elastanem. Ideální na každodenní nošení, délka 88 cm. Objednejte online.;Dámský podzimní kabát nadrozměr 48-52 | vmobleceni.cz
382429;Dámská teplá prodloužená mikina s kapucí na zip, dlouhý rukáv, velikosti M/L/XL. Délka 110 cm, šírka 120 cm. Italská móda pro všechny sezóny.;Dámská mikina prodloužená s kapucí na zip | vmobleceni.cz
385746;Dámský kabátek z alpaky s kožíškem, dlouhý rukáv, velikosti S/M/L. Teplý, elegantní střih pro podzim a zimu. Italská móda.;Dámský kabátek alpaka s kožíškem | vmobleceni.cz
393215;Teplé dámské šaty s rolákem a dlouhým rukávem, vel. S/M. Polyesterové (94%), pružné, délka 91 cm. Vhodné na každodenní nošení i do práce.;Dámské šaty s rolákem dlouhý rukáv | vmobleceni.cz
430972;Lehký dámský kabát s kapucí a dlouhými rukávy, velikost 52/54 (ONE SIZE), z polyesteru. Ideální pro jaro a podzim. Nadrozměrný střih pro pohodlné nošení.;Kabát dámský nadrozměr s kapucí | vmobleceni.cz
431259;Teplý dámský kabát s kapucí, nadrozměr 52/54, dlouhý rukáv. Polyesterový střih pro všechny tvary. Skvělý na podzim i zimu. Vyberte svou velikost.;Dámský kabát nadrozměr 52/54 s kapucí | vmobleceni.cz
433211;Dámská jarní bunda nadrozměr 46/48, 100% nylon, šusťáková s dlouhým rukávem a zipem. Perfektní přechodová bunda pro větší velikosti. Objevte ji.;Dámská bunda nadrozměr 46/48 nylon | vmobleceni.cz
433835;Dámské šaty nadrozměr s rolákem a 3/4 rukávem, velikosti 44–48. Teplý materiál: 48 % viskoza, hrудь 110 cm. Pohodlný střih pro plnější postavu.;Šaty nadrozměr s rolákem 3/4 rukáv | vmobleceni.cz
435757;Krátké pletené šaty s dlouhým rukávem z italské módy. Materiál: akryl, mohair, lana. Velikosti S/M/L. Elegantní střih pro každý den.;Krátké pletené šaty dlouhý rukáv dámské | vmobleceni.cz
440210;Slabá dámská bunda s dlouhým rukávem, bez zapínání, z polyesteru a elastanu. Velikost S–L/ONE SIZE, ideální na přechodné období. Najděte svou velikost.;Slabá dámská bunda dlouhý rukáv | vmobleceni.cz
442272;Nadrozměrná tunika s přívěskem, dlouhý rukáv, viskózová, vel. 52–56 ONE SIZE. Pohodlný střih pro ženy, délka 77 cm. Objednejte si ji hned.;Tunika nadrozměr dlouhý rukáv dámská | vmobleceni.cz
442274;Elegantní dámské šaty s 3/4 rukávem, krátký střih, velikosti S/M/L. Rafinovaný střih pro každou příležitost. Objednejte online.;Šaty elegantní 3/4 rukáv dámské | vmobleceni.cz
455282;Dámská podzimní bunda bez rukávů s kapucí na zip, nadrozměr 52–56 (ONE SIZE). Pas 66–130 cm, délka 105 cm. Italská móda pro plnoštíhlé postavy.;Bunda podzimní dámská nadrozměr bez rukávů | vmobleceni.cz
459063;Manžestrové šaty s dlouhým rukávem pro dámy XL–3XL. Bavlna s elastanem, teplé a pohodlné na každodenní nošení. Najděte svou velikost.;Manžestrové šaty nadrozměr dlouhý rukáv | vmobleceni.cz
459065;Podzimní dámská bunda s kapucí na zip, 100% polyester, velikosti 50–54 (ONE SIZE). Ideální na každodenní nošení. Objevte nadrozměrné bundy na vmobleceni.cz.;Bunda podzimní dámská nadrozměr 50-54 | vmobleceni.cz
459071;Dámská vesta nadrozměr s kapucí na zip, bez rukávů, velikost 48–52. Viskoza se stretchem, kapsy, délka 96 cm. Ideální na cada den.;Dámská vesta nadrozměr s kapucí na zip | vmobleceni.cz
459073;Dlouhé volnočasové šaty s dlouhým rukávem pro ženy nadrozměru 46–50. 100% viskoza nebo bavlna s elastanem, délka 138 cm, ideální do práce i na každodenní nošení.;Šaty nadrozměrné dlouhý rukáv XXL+ | vmobleceni.cz
459291;Cardigan dámský nadrozměr s dlouhým rukávem a kapsami, velikosti 48–52, z viskózy a akrylu. Pohodlný na každodenní nošení. Objednejte online.;Cardigan dámský nadrozměr s kapsami | vmobleceni.cz
459292;Dlouhý dámský cardigan z viskózy a akrylu, velikosti 52–58, ideální na každodenní nošení. Pohodlný střih pro nadrozměrné postavy. Objednejte online.;Dámský cardigan bavlněný nadrozměr 52-58 | vmobleceni.cz
459297;Úpletové šaty s páskem, krátký rukáv, ze 88% viskózy. Nadrozměrné M/L/XL, volný střih, délka 99 cm. Univerzální střih pro každodenní nošení i práci.;Šaty úpletové nadrozměrné M/L/XL krátký rukáv | vmobleceni.cz
459301;Dámské volnočasové šaty s dlouhým rukávem, bavlna 95%, nadrozměr 44–48. Pohodlné šaty na každodenní nošení, délka 116 cm. Objednejte online.;Šaty volnočasové dlouhý rukáv nadrozměr | vmobleceni.cz
459305;Volnočasové šaty s 3/4 rukávem pro nadrozměr, bavlna s elastanem, velikosti 50–54. Pohodlné na každodenní nošení i do práce. Nakupte online.;Šaty nadrozměrné 3/4 rukáv XXL | vmobleceni.cz
459756;Volnočasové dámské šaty SELMA s dlouhým rukávem, 100% bavlna, velikosti 48–52 s kapsami. Pohodlné každodenní maxi šaty pro nadrozměr. Objednejte online.;Dámské šaty dlouhý rukáv nadrozměr 48-52 | vmobleceni.cz
460044;Volnočasové dámské šaty s dlouhým rukávem, nadrozměr 46–50, viskóza a elastan. Kapsy, pohodlný střih na každodenní nošení. Objevte v našem e-shopu.;Dámské šaty dlouhý rukáv nadrozměr | vmobleceni.cz
460160;Teplá dámská mikina s dlouhým rukávem, nadrozměr 46–50, ONE SIZE. Viskózový mix pro pohodlné každodenní nošení. Najděte svou velikost.;Dámská mikina nadrozměr 46–50 | vmobleceni.cz
460164;Dlouhé dámské šaty ALEX s dlouhým rukávem ze 100% viskózy nebo 90% bavlny. Volnočasový střih na každodenní nošení, velikosti S–L. Pohodlné a teplé.;Dlouhé dámské šaty ALEX dlouhý rukáv | vmobleceni.cz
460293;Elegantní společenské šaty s krátkým rukávem, polyester s elastanem, velikosti S/M/L ONE SIZE. Ideální na plesky a speciální příležitosti. Objednejte si své.;Společenské šaty krátký rukáv dámské | vmobleceni.cz
460319;Prodloužená dámská mikina na zip s kapucí, 75% viskoza, velikosti 54–58. Pohodlný střih pro nadrozměr, ideální na každodenní nošení. Objevte módní mikinu ZITA.;Mikina prodloužená dámská nadrozměr ZITA | vmobleceni.cz
460446;Dámské bavlněné šaty VIVA s dlouhým rukávem, velikosti S–L. Pohodlný střih pro každodenní nošení, 98 % bavlna. Objevte praktické volnočasové šaty.;Dámské šaty dlouhý rukáv VIVA | vmobleceni.cz
460855;Dámský tenký svetr s dlouhými rukávy v nadrozměru 42–46, viskóza směs pro každodenní nošení. Volný střih, pohodlný a vzdušný.;Dámský tenký svetr dlouhý rukáv nadrozměr | vmobleceni.cz
460865;Chlupatý zimní kabátek pro dámy v nadrozměru (46–50), dlouhý rukáv, 100% polyester, délka 55 cm. Hřejivý a elegantní střih. Objednejte nyní.;Kabátek zimní chlupatý dámský nadrozměr | vmobleceni.cz
460866;Pletené šaty s dlouhým rukávem pro dámy XXL+, velikosti 50–54, 100 % akryl. Pohodlný střih na prsa 124–140 cm. Objednejte si italskou módu.;Šaty pletené dlouhý rukáv dámské XXL | vmobleceni.cz
460878;Dámské šaty s 3/4 rukávem pro nadrozměr, vel. 46–50 ONE SIZE. Viskóza s elastanem, prsa 110–128 cm, boky 120–140 cm. Teplé a pohodlné.;Šaty nadrozměrné 3/4 rukáv 46-50 | vmobleceni.cz
460879;Volnočasové teplé šaty s dlouhým rukávem, oversize střih, bavlna a viskoza, velikost M–XL. Ideální na každodenní nošení. Objevte pohodlné šaty od italské módy.;Šaty teplé volnočasové oversize dlouhý rukáv | vmobleceni.cz
460880;Dámské tričko s dlouhým rukávem z viskosy, polyesteru a lurexu. Vel. S/M/L, prs 96–116 cm. Teplé, lesklé, italský střih. Vhodné pro každodenní nošení.;Dámské tričko dlouhý rukáv S/M/L | vmobleceni.cz
460881;Dámské tričko s dlouhým rukávem, teplý materiál (viskóza, polyester, nylon), velikosti S/M/L. Pohodlný střih na prsa 90–100 cm. Najděte svůj ideální střih.;Dámské tričko dlouhý rukáv teplé | vmobleceni.cz
460882;Dámská košile klasik s dlouhým rukávem v nadrozměru 52/54/56, italská móda. Polyesterová tkanina s elastanem pro pohodlný střih. Objednejte si své logo.;Dámská košile klasik nadrozměr 52-56 | vmobleceni.cz
460971;Dámská jarní bunda z 100% polyesteru, nadrozměr 50–54, s kapucí a dlouhými rukávy. Lehká šusťáková bunda pro plnoštíhlé ženy. Objednejte online.;Dámská jarní bunda nadrozměr 50-54 | vmobleceni.cz
460973;Dámská prodloužená šusťáková bunda s kapucí, 100% polyester, velikosti 50–54 (ONE SIZE). Ideální na jaro a podzim. Objevte komfortní střih.;Dámská šusťáková bunda nadrozměr 50-54 | vmobleceni.cz
460975;Dámský svetr úpletový řádkový s dlouhým rukávem, ONE SIZE (prsa 88–108 cm). Viscosa s lurexem a nylon. Teplý, elegantní střih. Vyberte si svůj.;Dámský svetr úpletový řádkový | vmobleceni.cz
460976;Dámské tričko dlouhý rukáv s řádky, italská móda. Viscosa se lurexem, velikost S/M/L, prsa 88–110 cm. Elegantní top pro každodenní nošení.;Dámské tričko dlouhý rukáv řádky | vmobleceni.cz
460977;Dámský úpletový svetr s řádkovým vzorem, dlouhý rukáv, viscoza s lurexem, prsa 100–110 cm. Teplý, elegantní střih pro S/M/L. Objevte na vmobleceni.cz.;Dámský úpletový svetr řádkový dlouhý rukáv | vmobleceni.cz
460980;Úpletové šaty s dlouhým rukávem v řádkovém vzoru, viskoza se třpytivým lurexem. Velikosti XS–M. Pohodlné na každodenní nošení i do práce.;Úpletové šaty dlouhý rukáv dámské | vmobleceni.cz
461078;Dámské manžestrové kalhoty oversize VERONA z 100% bavlny, guma v pase, s kapsami, velikost M–XL ONE SIZE. Pohodlné volnočasové kalhoty na každodenní nošení.;Kalhoty manžestrové oversize dámské VERONA | vmobleceni.cz
461081;Manžestrové kalhoty oversize VERONA z 95% bavlny s elastanem, pás na gumu, kapsy, délka 90 cm. Volnočasový střih pro každodenní nošení, velikost M–XL.;Kalhoty manžestrové oversize dámské | vmobleceni.cz
461090;Dámské manžestrové kalhoty BARBARA s páskem, oversize střih, 100% bavlna, velikost S–L. Guma v pase, kapsy, pohodlné každodenní nošení.;Dámské manžestrové kalhoty s páskem | vmobleceni.cz
461107;Dámské manžestrové kalhoty EVA s páskem, 100 % bavlna, oversize střih, kapsy, guma v pase, velikost M/L. Pohodlné na každodenní nošení. Vyberte si nyní.;Dámské manžestrové kalhoty s páskem | vmobleceni.cz
461138;Manžestrová sukně ERIKA z 100% bavlny s páskem (PAS 72-106 cm). Elegantní dámská sukně na každodenní nošení i do práce. Objednejte online.;Manžestrová sukně dámská ERIKA | vmobleceni.cz
461159;Elegantní dámské kalhoty LOLA s páskem, viskóza a polyester, pas 80–106 cm. Pohodlný střih na každodenní nošení i do práce. Objednejte si nyní.;Elegantní kalhoty dámské LOLA s páskem | vmobleceni.cz
461167;Dámské manžestrové kalhoty NALA s páskem, 100% bavlna, oversize střih, kapsy a guma. Velikost S–L. Pohodlné na každodenní nošení.;Dámské manžestrové kalhoty s páskem NALA | vmobleceni.cz
461210;Elegantní dámské tepláky nadrozměr LOLA v italské módě, viskóza s elastanem, na gumě v pase, kapsy, velikosti 40–44. Pohodlí pro každodenní nošení.;Tepláky elegantní dámské nadrozměr LOLA | vmobleceni.cz
461219;Manžestrová sukně RITA z 100% bavlny s páskem (pas 74–106 cm). Elegantní, volnočasová sukně pro každodenní nošení i do práce. Objednejte si na vmobleceni.cz.;Manžestrová sukně dámská RITA | vmobleceni.cz
461361;Manžestrová sukně RAMONA s páskem, 100 % bavlna, velikost S/M/L. Volnočasová i elegantní, ideální na každodenní nošení. Objednejte nyní.;Manžestrová sukně dámská RAMONA | vmobleceni.cz
461506;Dámská podzimní bunda EVELINA s kapucí na zip, dlouhý rukáv, bavlna + elastan. Velikosti 50–54 (ONE SIZE). Ideální na každodenní nošení.;Dámská podzimní bunda s kapucí nadrozměr | vmobleceni.cz
461511;Podzimní dámská bunda s kapucí a dlouhým rukávem z 100% bavlny, nadrozměr 46–50. Na zip, ideální na každodenní nošení. Objevte ERIKA od Italské módy.;Dámská podzimní bunda nadrozměr 46–50 | vmobleceni.cz
461627;Krátké pletené šaty s páskem a košilí pro dámy, velikosti S/M/L ONE SIZE. Elegantní střih italské módy. Vyberte si svou velikost;Krátké pletené šaty s páskem | vmobleceni.cz
461660;Oversize mikinové šaty s kapucí, dlouhý rukáv, viskóza-polyester, velikost S–L. Pohodlné šaty na každodenní nošení. Objednejte nyní | vmobleceni.cz;Šaty oversize mikinové dlouhý rukáv | vmobleceni.cz
461675;Krátké mikinové šaty s dlouhým rukávem pro dámy nadrozměru, ONE SIZE 48–52, polyester s elastanem. Pohodlný střih, prsa 112–124 cm. Vyberte si teď.;Šaty krátké mikinové dlouhý rukáv nadrozměr | vmobleceni.cz
461682;Dámské teplákové kalhoty ITALSKÁ MÓDA, jednovel. ONE SIZE, pas 76–104 cm, viscosa a elastan. Pohodlné a pružné pro každodenní nošení.;Dámské teplákové kalhoty ONE SIZE | vmobleceni.cz
461683;Dámská tunika dlouhý rukáv nadrozměr velikosti 52/54/56, polyester-viskózová směs. Pohodlný střih pro prsa a boky 132–144 cm, délka 74 cm. Italská kvalita pro každý den.;Tunika dlouhý rukáv dámská nadrozměr 52–56 | vmobleceni.cz
461685;Dámská oversize bunda s dlouhým rukávem, zip a volným střihem na prsa. Polyesterová s elastanem, délka 57 cm. Vhodná na každodenní nošení. Najděte svou velikost S/M/L.;Dámská oversize bunda dlouhý rukáv | vmobleceni.cz
461686;Pletený dámský svetr s dlouhým rukávem pro nadrozměr, velikosti 52–56 ONE SIZE. Směs akrylu, mohéru a vlny (40–30–30 %), prsa 130–144 cm, délka 70 cm. Teplý a měkký střih.;Dámský svetr nadrozměr 52-56 | vmobleceni.cz
461687;Dámský pletený svetr s chlupatým efektem a dlouhými rukávy. Dostupný v jedné univerzální velikosti (S/M/L). Italská móda s mäkkým materiálem na zahřátí. Objednejte online.;Dámský pletený svetr chlupatý | vmobleceni.cz
461689;Zimní chlupatý kabát pro dámy, 100% polyester, dlouhý rukáv, délka 80 cm, velikosti S/M/L. Hřejivý a stylový na chladné dny. Vyberte si svou velikost.;Kabát zimní chlupatý dlouhý rukáv dámský | vmobleceni.cz
461690;Elegantní dámské tričko s dlouhým rukávem, materiál polyester se strečem, vhodné proSize S/M/L ONE SIZE. Pohodlný střih pro každodenní nošení.;Dámské tričko dlouhý rukáv elegantní | vmobleceni.cz
461692;Mikinové šaty zateplené s dlouhým rukávem pro dámy nadrozměr (46–50), bavlna a polyester. Pohodlné a teplé. Objednejte si v našem e-shopu.;Mikinové šaty zateplené nadrozměr | vmobleceni.cz
461751;Teplá dámská tunika s 3/4 rukávem, materiál polyester-viskoza, velikosti 54–58 (XL–3XL). Ideální na každodenní nošení. Objednejte nyní.;Dámská tunika teplá 3/4 rukáv nadrozměr | vmobleceni.cz
438763;Lesklé dámské psaníčko z polyesteru, one size, pro večerní příležitosti a společenské akce. Luxusní doplněk, který zvýší vášOutFit. Objednejte na vmobleceni.cz;Dámské psaníčko lesklé one size | vmobleceni.cz
462528;Dětské prstové rukavice AURA.VIA pro věk 8–10 let. Teplé upletované rukavice s otvory na prsty, ideální na podzim a zimu. Vyberte si správnou velikost.;Dětské prstové rukavice 8-10 let | vmobleceni.cz
464845;Dlouhé společenské šaty BARBARA pro nadrozměr, velikosti 42–46 XXL+. Polyester s elastanem, vycpávky na prsou, délka 148 cm. Vhodné na speciální příležitosti.;Dlouhé společenské šaty nadrozměr XXL+ | vmobleceni.cz
465122;Vánoční termo ponožky dámské, bavlněné s elastanem, vel. 36–40. Teplé a pohodlné na zimu. Objednejte si nyní!;Vánoční termo ponožky dámské 36-40 | vmobleceni.cz
428116;Dámské krajkové bolerko s dlouhými rukávy, elastické materiálu (polyester/elastan), vhodné na svatby a večírky. Velikost S/M/L ONE SIZE. Italská móda.;Dámské krajkové bolerko dlouhý rukáv | vmobleceni.cz
459276;Saténové dámské bolerko CELESTE s dlouhým rukávem, polyester s elastanem, velikosti S/M/L. Elegantní vrstva k šatům a topům. Objevte italskou módu.;Dámské saténové bolerko dlouhý rukáv | vmobleceni.cz
92874;Dámský svetr s 3/4 rukávy z 75% viscosy, elastanu a polyesteru. Univerzální velikost M/L, dostupný v stříbrné, zlaté a měděné barvě. Pohodlný střih s lesklým leskem.;Dámský svetr 3/4 rukáv M/L | vmobleceni.cz
92877;Dámský svetr s 3/4 rukávem MILLENIUM z viskózy, elastanu a polyesteru, vel. M–L. Měkký, elastický střih s pohodlným pasem. Ideální na podzim i jaro.;Dámský svetr 3/4 rukáv M–L MILLENIUM | vmobleceni.cz
122941;Dámská mikina z 100% polyesteru, volný střih, velikosti XS–3XL. Pohodlné triko pro každodenní nošení s moderním designem Italské módy.;Dámská mikina ITALSKÁ MÓDA | vmobleceni.cz
127036;Dámský svetr z 85% akrylu a 15% polyesteru, jednotná velikost, měkký a teplý. Ideální pro pohodlné nošení. Objednejte nyní.;Dámský svetr ITALSKÁ MÓDA IMR181 | vmobleceni.cz
172146;Tenký dámský svetr s dlouhým rukávem, velikost S–M, 100% polyester. Lehký střih ITALSKA MODA pro elegantní vzhled. Objednejte si podle konferenční velikosti.;Dámský svetr tenký dlouhý rukáv S–M | vmobleceni.cz
190505;Dámský svetr z italské módy, materiál 90% akryl s mohairem, vel. S/M. Měkký a teplý na chladnější dny. Přizpůsobte si velikost podle naší příručky výběru.;Dámský svetr S/M akryl mohair | vmobleceni.cz
238900;Dámský svetr rolák s dlouhým rukávem z 100% polyesteru, velikost S/L ONE SIZE. Italská móda IM820050/dr v béžové barvě. Najděte svůj ideální fit.;Dámský svetr rolák dlouhý rukáv béžový | vmobleceni.cz
331030;Dámské bolerko s dlouhým rukávem z italské módy, 95% polyester, velikosti S/M/L. Ideální na svatby, plesy i každodenní nošení. Objednejte online.;Dámské bolerko dlouhý rukáv S/M/L | vmobleceni.cz
466677;Dlouhé společenské šaty carmen z bavlny a polyesteru, vel. 32–38. Lesklá látka, vysoký rozparek, korzetová vazba a rozšířený lem. Ideální na ples.;Šaty carmen dlouhé dámské 32-38 | vmobleceni.cz
466678;Dlouhé společenské šaty carmen VENUS z bavlny a polyesteru, velikosti 32–38. Lesklá látka, vysoký rozparek, korzetová vaz a rozšířený lem. Ideální na ples a formální akce.;Dlouhé šaty carmen společenské VENUS 32-38 | vmobleceni.cz
466679;Dlouhé společenské šaty carmen VENUS, 60% bavlna, velikosti 32–38. Lesklá látka, vysoký rozparek, korzetová vazba a rozšířený lem. Ideální na ples a slavnostní příležitosti.;Šaty dlouhé carmen společenské dámské | vmobleceni.cz
466680;Dlouhé společenské šaty VALENTINE s třpytivým leskem, na ramínka, bavlna a elastan, velikosti 34–50. Elegantní střih pro všechny příležitosti.;Dlouhé společenské šaty na ramínka 34-50 | vmobleceni.cz
466681;Dlouhé společenské šaty VALERIA s třpytivým efektem na ramínka, bavlněné s elastanem, velikosti 32–40. Elegantní střih pro dámy;Dlouhé společenské šaty na ramínka | vmobleceni.cz
466682;Dlouhé carmen šaty s flitry pro dámy 32–38, bavlna-polyester. Bezramínkový střih s rozparkem na večerní příležitosti. Objednejte na vmobleceni.cz.;Dlouhé carmen šaty s flitry dámské 32-38 | vmobleceni.cz
466683;Dlouhé dámské šaty carmen s flitry, bavlna-polyester, velikosti 32–38. Bezramínkový střih s rozparkem pro elegantní večerní look. Objednejte na vmobleceni.cz.;Dlouhé šaty carmen s flitry dámské 32–38 | vmobleceni.cz
466684;Dlouhé dámské šaty carmen s flitry, velikosti 32–38. Bezramínkový střih z bavlny a elastanu pro společenské příležitosti. Objednejte elegantní večerní šaty.;Dlouhé šaty carmen s flitry 32–38 | vmobleceni.cz
466685;Dlouhé dámské šaty carmen s flitry, velikosti 32–38, z bavlny a polyesteru. Elegantní večerní šaty bez ramínek pro společenské příležitosti. Objevte u nás.;Šaty carmen s flitry dámské 32–38 | vmobleceni.cz
466686;Dlouhé společenské šaty na ramínka GORSET, bavlna s elastanem, velikosti 34–38. Elegantní střih pro каždou příležitost. Vyberte si svou velikost.;Dlouhé společenské šaty na ramínka | vmobleceni.cz
466687;Dlouhé společenské šaty na ramínka GORSET, bavlněné s elastanem, velikosti 34–38. Elegantní střih z polské módy s pohodlným materiálem. Vyberte si své.;Dlouhé společenské šaty na ramínka | vmobleceni.cz
466721;Dlouhé společenské šaty VALERIA na ramínka pro dámy, velikosti 34–40. Elegantní střih pro slavnostní příležitosti. Vyberte si správnou velikost.;Šaty dlouhé společenské na ramínka VALERIA | vmobleceni.cz
466722;Dlouhé společenské šaty bez rukávu s třpytivým efektem, bavlněné s elastanem, velikosti 42–52. Elegantní nadrozměrné šaty pro dámy, pohodlný střih.;Dlouhé společenské šaty nadrozměr 42-52 | vmobleceni.cz
466723;Dlouhé společenské šaty AMANDA bez rukávu s třpytivým efektem, 60% bavlna, velikosti 42–52. Ideální pro nadrozměrné dámy na každou příležitost.;Dlouhé společenské šaty nadrozměr 42-52 | vmobleceni.cz
466724;Dlouhé společenské šaty GORSET na ramínka, saténový střih, bavlna s elastanem, velikosti 36–38. Elegantní dámské šaty pro slavnostní příležitosti.;Dlouhé společenské šaty GORSET na ramínka | vmobleceni.cz
466725;Dlouhé saténové společenské šaty na ramínka s elastanem, velikosti 36–38. Elegantní střih z bavlny a polyesteru pro zvláštní příležitosti. Objednejte online.;Dlouhé saténové šaty na ramínka | vmobleceni.cz
466726;Dlouhé saténové společenské šaty na ramínka GORSET, velikost 36–38, ze směsi bavlny, polyesteru a elastanu. Elegantní střih pro slavnostní příležitosti.;Dlouhé saténové šaty na ramínka GORSET | vmobleceni.cz
466727;Dlouhé společenské šaty AURELIA s třpytivým efektem na ramínka, bavlněné (60% bavlna, 35% polyester), velikosti 32–38. Elegantní střih pro dámy.;Dlouhé společenské šaty na ramínka | vmobleceni.cz
466728;Dlouhé společenské šaty AURELIA na ramínka s třpytivým efektem. Bavlněný mix, velikosti 32–38. Elegantní dámské šaty pro slavnostní příležitosti.;Dlouhé společenské šaty na ramínka | vmobleceni.cz
466729;Dlouhé třpytivé šaty AURELIA na ramínka z bavlny a polyesteru, velikosti 32–38. Elegantní společenské šaty pro dámy s kvalitním střihem a leskem.;Dlouhé třpytivé šaty na ramínka 32-38 | vmobleceni.cz
466730;Dlouhé společenské šaty AURELIA s třpytivým efektem na ramínka, bavlna se strečem, velikosti 32–38. Elegantní střih pro dámy. Objednejte online.;Dlouhé společenské šaty na ramínka 32-38 | vmobleceni.cz
466731;Dlouhé společenské šaty bez rukávu ROXAN, velikosti 34–40. Elegantní střih zdůrazňuje postavu, ideální pro večerní příležitosti. Objednejte nyní.;Dlouhé společenské šaty bez rukávu | vmobleceni.cz
466732;Dlouhé společenské šaty bez rukávu ROXAN, velikosti 34–40. Vytříbený střih zdůrazňuje postavu, ideální na večery a slavnostní příležitosti. Objednejte nyní.;Dlouhé společenské šaty bez rukávu | vmobleceni.cz
466733;Dlouhé společenské šaty bez rukávu ROXAN, velikosti 34–40. Elegantní střih zdůrazňuje postavu, ideální pro večerní příležitosti. Objevte vytříbený design.;Dlouhé společenské šaty bez rukávu 34-40 | vmobleceni.cz
466734;Dlouhé společenské šaty na ramínka WALENTINA pro dámy, velikosti 34–50. Bavlněný materiál s elastanem pro pohodlný střih. Nadrozměrné šaty pro všechny postavy.;Šaty dlouhé společenské na ramínka nadrozměr | vmobleceni.cz
466735;Dlouhé dámské společenské šaty SHARON bez rukávu, bavlna s elastanem, velikosti 32–38. Elegantní střih s uzlovanou horní částí v černé barvě. Objednejte nyní.;Dlouhé společenské šaty dámské SHARON | vmobleceni.cz
466736;Dlouhé společenské šaty SHARON bez rukávu, bavlna s elastanem, velikosti 32–38. Elegantní černé šaty s uzlovanou horní částí pro večerní příležitosti.;Dlouhé společenské šaty SHARON 32–38 | vmobleceni.cz
466737;Dlouhé společenské šaty SHARON bez rukávu, bavlna a elastan, velikosti 32–38. Uzlovaná horní část, černá barva. Elegantní střih pro večerní příležitosti.;Šaty dlouhé společenské bez rukávu dámské | vmobleceni.cz
466738;Dlouhé společenské šaty SHARON bez rukávu, bavlna-polyester, vel. 32-38. Uzlovaná horní část, černá barva, elegantní střih. Objednejte nyní.;Dlouhé společenské šaty bez rukávu | vmobleceni.cz
466739;Dlouhé společenské šaty s třpytivým efektem na ramínka, bavlna a elastan, velikosti 34–50. Elegantní střih pro každou příležitost.;Dlouhé společenské šaty na ramínka 34-50 | vmobleceni.cz
466740;Dlouhé společenské šaty RUBY na ramínka, velikosti 32–40. Třpytivá látka v horní části, elastický pás, spodní část z tutu. Ideální na ples, Silvestra a slavnostní příležitosti.;Dlouhé společenské šaty na ramínka RUBY | vmobleceni.cz
466741;Dlouhé třpytivé šaty na ramínka pro dámy, velikosti 32–40. Horní díl z luxusní třpytavé látky, spodní část s tylem a krinolínou. Ideální na ples, Silvestra a společenské akce.;Dlouhé třpytivé šaty na ramínka 32-40 | vmobleceni.cz
466742;Dlouhé společenské šaty na ramínka VALERIA, velikosti 34–40. Elegantní střih polské značky PMLAM pro dámy. Objednejte online.;Dlouhé společenské šaty na ramínka 34-40 | vmobleceni.cz
466743;Dlouhé třpytivé společenské šaty VALERIA na ramínka, bavlna s elastanem, velikosti 32–38. Elegantní střih pro večerní příležitosti.;Dlouhé třpytivé šaty na ramínka 32-38 | vmobleceni.cz
466744;Dlouhé třpytivé společenské šaty VALERIA na ramínka, bavlna s elastanem, velikosti 32–36. Elegantní střih pro dámské oslavy a večery.;Dlouhé společenské šaty na ramínka 32-36 | vmobleceni.cz
466745;Dlouhé společenské šaty carmen z bavlny a elastanu, velikosti 32–38. Lesklá látka, vysoký rozparek, korzetová vázanka a rozšířený lem. Ideální na ples a společenské akce.;Dlouhé šaty carmen společenské dámské | vmobleceni.cz
466746;Dlouhé dámské šaty carmen přes prsa z bavlny a elastanu, velikosti 32–38. Lesklá látka, vysoký rozparek, korzetová vázka. Ideální na společenské akce.;Šaty carmen dlouhé dámské 32-38 | vmobleceni.cz
466747;Dlouhé saténové společenské šaty VALERIA na ramínka, velikosti 32–38. Elegantní střih z lesklého materiálu pro zvláštní příležitosti. Vyberte si svou velikost.;Dlouhé saténové šaty na ramínka | vmobleceni.cz
466748;Dlouhé saténové společenské šaty VALERIA na ramínka, velikosti 32–38. Elegantní střih z kvalitního saténu pro dámy. Objednejte online.;Dlouhé saténové šaty na ramínka 32-38 | vmobleceni.cz
466749;Dlouhé saténové společenské šaty VALERIA na ramínka, velikosti 32–38. Elegantní střih z lesklého saténu pro večerní příležitosti. Objednejte online.;Dlouhé saténové šaty na ramínka 32-38 | vmobleceni.cz
466750;Dlouhé saténové společenské šaty VALERIA na ramínka pro dámy, velikosti 32–40. Elegantní střih z lesklého saténu ideální na večerní příležitosti.;Dlouhé saténové šaty na ramínka 32-40 | vmobleceni.cz
466783;Dlouhé společenské šaty na ramínka MONACO od polské módy, velikosti 32–40. Elegantní střih pro dámy s jemným designem. Vyberte si svou velikost.;Dlouhé šaty na ramínka dámské MONACO 32-40 | vmobleceni.cz
466785;Dlouhé společenské šaty na ramínka pro ženy, velikosti 34–44. Elegantní střih MONACO od polské značky. Pohodlné i pro nadrozměr. Objednejte online.;Dlouhé šaty na ramínka 34–44 | vmobleceni.cz
466786;Dlouhé společenské šaty MONACO na ramínka pro dámy, velikosti 32–40. Elegantní maxi střih od polské značky. Pohodlné a stylové.;Dlouhé společenské šaty na ramínka MONACO | vmobleceni.cz
466787;Dlouhé společenské šaty na ramínka MONACO, velikosti 32–40. Elegantní střih pro dámy, polská kvalita. Vyberte si svou velikost.;Dlouhé společenské šaty na ramínka | vmobleceni.cz
466788;Dlouhé společenské šaty na ramínka MONACO, velikosti 32–40. Polská móda s elegantním střihem na tenkých ramínkách. Objednejte online.;Dlouhé šaty na ramínka dámské 32-40 | vmobleceni.cz
466789;Dlouhé společenské šaty na ramínka pro ženy vel. 40–50. Pohodlné bavlněné šaty s elastanem pro nadrozměrné opravy. Polská kvalita Walentina.;Dlouhé společenské šaty na ramínka 40–50 | vmobleceni.cz
466790;Dlouhé dámské šaty carmen bez ramínek s flitry, bavlněno-polyesterové, velikosti 32–38. Elegantní střih s rozparkem pro společenské příležitosti. Objevte kolekci.;Šaty carmen s flitry dámské 32–38 | vmobleceni.cz
466791;Dlouhé společenské šaty carmen s flitry, bavlněné (60%), velikosti 32–38. Tylové večerní šaty bez ramínek s rozparkem pro zvláštní příležitosti. Objevte elegantní dámské šaty.;Dlouhé šaty carmen s flitry 32–38 | vmobleceni.cz
466792;Dlouhé společenské šaty KIARA na ramínka, 60% bavlna, velkosti 32–38. Námořnicky modré s rozparkem a odhalenými rameny. Zjistěte, proč jsou ideální na večerní akce.;Šaty dlouhé společenské na ramínka 32-38 | vmobleceni.cz
466794;Dlouhé společenské šaty KIARA na ramínka z bavlny a polyesteru, velikosti 32–38. Vínové večerní šaty s rozparkem a otevřenými rameny pro elegantní vzhled. Objednejte si nyní.;Dlouhé společenské šaty na ramínka | vmobleceni.cz
466795;Dlouhé společenské šaty KIARA na ramínka, bavlna a elastan, velikosti 32–38. Černé večerní šaty s rozparkem a odhalenými rameny. Koupit teď.;Šaty dlouhé společenské na ramínka KIARA 32-38 | vmobleceni.cz
466796;Dlouhé společenské šaty na ramínka VALERIA, velikosti 34–40. Elegantní střih pro dámy. Objednejte online.;Dlouhé společenské šaty na ramínka VALERIA | vmobleceni.cz
466813;Dlouhé společenské šaty VALERIA na ramínka, velikosti 34–40. Elegantní střih pro slavnostní příležitosti. Ověřte si správnou velikost.;Dlouhé společenské šaty na ramínka 34-40 | vmobleceni.cz
466814;Dlouhé třpytivé společenské šaty VALERIA na ramínka, bavlna s elastanem, velikosti 34–40. Elegantní střih pro večerní příležitosti.;Dlouhé třpytivé šaty na ramínka 34-40 | vmobleceni.cz
466815;Dlouhé společenské šaty na ramínka SYLIA, bavlna s elastanem, velikosti 34–40. Pohodlný střih pro dámy. Objednejte online.;Dlouhé společenské šaty na ramínka 34-40 | vmobleceni.cz
466817;Dlouhé společenské šaty VALERIA na ramínka pro dámy, velikosti 34–40. Elegantní střih od polské módy. Objednejte online.;Šaty dlouhé společenské na ramínka VALERIA 34-40 | vmobleceni.cz
466818;Dlouhé společenské šaty na ramínka, velikosti 34–40, z bavlny a elastanu. Polská móda s pohodlným střihem. Vyberte si své velikosti.;Dlouhé společenské šaty na ramínka 34–40 | vmobleceni.cz
466819;Dlouhé společenské šaty VALERIA na ramínka, velikosti 34–40. Elegantní dámské maxi šaty od POLSKÉ MÓDY pro slavnostní příležitosti. Objevte svůj styl.;Dlouhé společenské šaty na ramínka | vmobleceni.cz
466820;Dlouhé společenské šaty SYLIA na ramínka pro dámy, velikosti 34–40. Bavlněná směs s elastanem, elegantní střih. Objednejte na vmobleceni.cz.;Šaty dlouhé společenské na ramínka 34-40 | vmobleceni.cz
466821;Dlouhé společenské šaty VALERIA na ramínka, velikosti 34–40. Elegantní střih od polské značky PMLAM. Objednejte online.;Dlouhé společenské šaty na ramínka 34-40 | vmobleceni.cz
466822;Dlouhé společenské šaty na ramínka MONACO, velikosti 32–40. Elegantní dámské maxi šaty na tenká ramínka pro večerní příležitosti. Objednejte online.;Dlouhé společenské šaty na ramínka MONACO | vmobleceni.cz
466823;Dlouhé společenské šaty na ramínka pro ženy, velikosti 32–46. Elegantní střih MONACO od polské značky. Ideální na večer a slavnostní příležitosti.;Dlouhé společenské šaty na ramínka 32-46 | vmobleceni.cz
466824;Dlouhé společenské šaty SYLIA na ramínka pro dámy, bavlněné s elastanem, velikosti 34–40. Elegantní střih od polské módy. Objednejte na vmobleceni.cz.;Dlouhé společenské šaty na ramínka 34-40 | vmobleceni.cz
466825;Dlouhé společenské šaty SYLIA na ramínka pro dámy, velikosti 34–42. Bavlna s elastanem, pohodlný střih. Objednejte online.;Dlouhé společenské šaty na ramínka 34-42 | vmobleceni.cz
466826;Dlouhé společenské šaty na ramínka, bavlna s elastanem, velikosti 34–48. Elegantní střih pro opulentní postavu. Kvalita Polské módy.;Dlouhé šaty na ramínka nadrozměr 34-48 | vmobleceni.cz
466827;Dlouhé společenské šaty na ramínka pro dámy, velikosti 34–48. Bavlna s elastanem, pohodlný střih. Ideální pro večerní příležitosti.;Dlouhé šaty na ramínka nadrozměr 34-48 | vmobleceni.cz
466829;Dlouhé společenské šaty s třpytivým efektem na ramínka, velikosti 42–48. Bavlněná směs s elastanem pro pohodlné nošení. Objednejte elegantní šaty VALENTINE pro každou příležitost.;Dlouhé společenské šaty nadrozměr 42–48 | vmobleceni.cz
466832;Dlouhé společenské šaty VALENTINE na ramínka s třpytivým efektem. Bavlněná směs (60% bavlna, polyester, elastan), velikosti 34–40. Elegantní střih pro oslavu.;Dlouhé společenské šaty na ramínka | vmobleceni.cz
466833;Dlouhé společenské šaty na ramínka MONACO, velikosti 32–40. Elegantní střih pro dámy od polské značky. Vhodné na večerní akce a slavnosti.;Šaty dlouhé společenské na ramínka 32-40 | vmobleceni.cz
466834;Dlouhé společenské šaty SYLIA na ramínka, bavlněné s elastanem, velikosti 34–42. Pohodlný střih z polské módy pro každou příležitost. Objednejte online.;Dlouhé společenské šaty na ramínka 34-42 | vmobleceni.cz
466835;Dlouhé společenské šaty na ramínka pro ženy vel. 40–50, bavlněné se stretch prvkem. Elegantní střih pro plnoštíhlé postavy, pohodlný materiál. Objednejte online.;Dlouhé společenské šaty nadrozměr 40-50 | vmobleceni.cz
466836;Dlouhé společenské šaty na ramínka MONACO v českých velikostech 32–40. Elegantní střih vhodný na firemní akce a oslavy. Objednejte online.;Dlouhé společenské šaty na ramínka | vmobleceni.cz
466837;Dlouhé společenské šaty VALERIA na ramínka, velikosti 34–40. Elegantní dámské šaty na zvláštní příležitosti. Vyberte si správnou velikost.;Dlouhé společenské šaty na ramínka | vmobleceni.cz
466838;Dlouhé společenské šaty bez rukávu s třpytivým efektem, velikosti 46–52. Pohodlná směs bavlny, polyesteru a elastanu pro nadrozměrné dámy. Vyzkoušejte eleganci AMANDA.;Dlouhé společenské šaty nadrozměr 46-52 | vmobleceni.cz
466839;Dlouhé saténové společenské šaty na ramínka CIRI, bavlna s elastanem, velikosti 34–40. Elegantní střih pro dámy. Koupit online.;Dlouhé saténové šaty na ramínka 34-40 | vmobleceni.cz
466840;Dlouhé společenské šaty KELI na ramínka, velikosti 34–40. Elegantní střih pro dámy, vhodné na večerní příležitosti. Objevte vaši velikost.;Dlouhé společenské šaty na ramínka 34-40 | vmobleceni.cz
466841;Dlouhé společenské šaty na ramínka pro ženy vel. 34–48. Bavlněný střih s elastanem, polská móda WALENTINA. Elegantní a pohodlné.;Dlouhé společenské šaty na ramínka 34–48 | vmobleceni.cz
466842;Dlouhé společenské šaty SUZANA na ramínka, velikosti 34–40. Elegantní střih od polské módy pro dámy. Objevte svůj styl.;Dlouhé společenské šaty na ramínka 34-40 | vmobleceni.cz
466843;Dlouhé společenské šaty na ramínka z bavlny a elastanu, velikosti 34–48. Elegantní střih pro opulentní postavu, pohodlný fit a kvalitní zpracování.;Dlouhé společenské šaty nadrozměr 34-48 | vmobleceni.cz
466844;Dlouhé saténové šaty na ramínka NARIN s bavlněným podílem (60% bavlna, 35% polyester, 5% elastan), velikosti 34–38. Elegantní společenské šaty s jemným leskem.;Dlouhé saténové šaty na ramínka 34-38 | vmobleceni.cz
466845;Dlouhé společenské šaty na ramínka pro dámy, velikosti 32–50. Bavlněná směs s elastanem pro pohodlný střih. Elegantní design od Polské módy.;Dlouhé společenské šaty na ramínka 32-50 | vmobleceni.cz
466846;Dlouhé společenské šaty na ramínka WALENTINA z bavlny a polyesteru, velikosti 34–48. Elegantní střih pro nadrozměrné dámy, pohodlný materiál s elastanem.;Šaty dlouhé společenské na ramínka 34-48 | vmobleceni.cz
466847;Dlouhé společenské šaty na ramínka pro dámy nadrozměr, bavlněná elastická látka, velikosti 34–48. Elegantní střih pro každou příležitost.;Dlouhé společenské šaty na ramínka nadrozměr | vmobleceni.cz
466848;Dlouhé společenské šaty na ramínka MONACO od polské značky, velikosti 32–40. Elegantní střih pro dámy, doporučujeme volit větší velikost. Objednejte online.;Dlouhé společenské šaty na ramínka dámské | vmobleceni.cz
466849;Dlouhé společenské šaty na ramínka MONACO, velikosti 32–40. Elegantní střih od polské značky Móda. Najděte svou velikost v našem průvodci.;Dlouhé společenské šaty na ramínka | vmobleceni.cz
466850;Dlouhé společenské šaty SYLIA na ramínka z bavlny a polyesteru, velikosti 34–42. Elegantní střih pro dámy, pohodlný materiál s elastanem. Objevte polskou módu.;Šaty dlouhé společenské na ramínka dámské 34-42 | vmobleceni.cz
466851;Dlouhé společenské šaty SYLIA na ramínka pro ženy, velikosti 34–42. Bavlněná směs s elastanem pro pohodlný střih. Objednejte online.;Dlouhé společenské šaty na ramínka | vmobleceni.cz
466852;Dlouhé společenské šaty VALERIA na ramínka, velikosti 34–38. Elegantní dámské šaty od Polské módy pro formální příležitosti. Objednejte si nyní.;Dlouhé společenské šaty VALERIA | vmobleceni.cz
466853;Dlouhé společenské šaty KELI na ramínka, velikosti 34–40. Elegantní střih od polské značky PMLAM. Najděte své ideální velikosti v našem sortimentu.;Dlouhé společenské šaty na ramínka 34-40 | vmobleceni.cz
466854;Dlouhé společenské šaty na ramínka LARA, velikosti 34–40. Elegantní střih od polské značky MÓDA. Najděte svou velikost v našem průvodci.;Šaty dlouhé na ramínka dámské LARA | vmobleceni.cz
466855;Dlouhé společenské šaty LARA na ramínka pro dámy, velikosti 34–40. Elegantní střih od polské značky PMLAM. Objednejte si nyní.;Šaty dlouhé společenské LARA na ramínka | vmobleceni.cz
466856;Dlouhé společenské šaty na ramínka LARA v sizes 34–40. Elegantní dámské maxi šaty s jemným střihem. Objevte na vmobleceni.cz.;Dlouhé společenské šaty na ramínka | vmobleceni.cz
466857;Dlouhé společenské šaty bez rukávu pro dámy v nadrozměrech 34–48. Elegantní střih pro oslavy a večerní akce. Vyberte si svou velikost – doprava zdarma.;Dlouhé společenské šaty nadrozměr 34–48 | vmobleceni.cz
466858;Dlouhé společenské šaty na ramínka pro ženy nadrozměr WALENTINA od Polské módy. Bavlna s elastanem, vel. 34–46. Pohodlný střih pro každou příležitost.;Dlouhé společenské šaty nadrozměr 34-46 | vmobleceni.cz
466859;Dlouhé společenské šaty VALERIA na ramínka pro dámy, velikosti 34–38. Elegantní střih od polské značky. Objednejte online.;Dlouhé společenské šaty na ramínka | vmobleceni.cz
466860;Dlouhé společenské šaty na ramínka s třpytivým efektem, velikosti 40–50. Bavlněná směs s elastanem. Ideální pro slavnostní příležitosti.;Dlouhé společenské šaty nadrozměr 40-50 | vmobleceni.cz
466861;Dlouhé společenské šaty s třpytivým efektem na ramínka, bavlněné, velikosti 42–48. Elegantní střih pro plnoštíhlé ženy na večerní příležitosti.;Dlouhé společenské šaty na ramínka 42-48 | vmobleceni.cz
466862;Dlouhé společenské šaty VALERIA na ramínka s třpytivým efektem. Bavlněná směs s elastanem, velikosti 32–38. Elegantní střih pro slavnostní příležitosti.;Dlouhé společenské šaty na ramínka | vmobleceni.cz
466863;Dlouhé společenské šaty na ramínka s třpytivou úpravou, bavlna-polyester, velikosti 32–50. Elegantní dámské šaty nadrozměr pro každou příležitost. Objednejte nyní.;Dlouhé společenské šaty nadrozměr 32–50 | vmobleceni.cz
466864;Dlouhé společenské třpytivé šaty na ramínka VALERIA, bavlna s elastanem, velikosti 32–38. Elegantní střih pro každou příležitost. Objednejte online.;Dlouhé společenské třpytivé šaty na ramínka | vmobleceni.cz
466865;Dlouhé saténové šaty CIRI na ramínka pro dámy, velikosti 34–40. Materiál: bavlna, polyester, elastan. Elegantní střih pro společenské příležitosti. Objednejte online.;Dlouhé saténové šaty na ramínka 34–40 | vmobleceni.cz
466866;Dlouhé saténové šaty na ramínka CIRI z bavlny a polyesteru, velikosti 34–40. Elegantní střih pro společenské příležitosti s pružným materiálem. Vyzkoušejte v obchodě.;Dlouhé saténové šaty na ramínka 34-40 | vmobleceni.cz
466867;Dlouhé saténové šaty CIRI na ramínka z bavlny a polyesteru, velikosti 34–40. Elegantní společenské šaty s elastanem pro pohodlné nošení. Objednejte online.;Dlouhé společenské šaty na ramínka | vmobleceni.cz
466868;Dlouhé společenské šaty s třpytivým efektem na ramínka pro ženy velikostí 32–50. Bavlněná směs s elastanem zajišťuje pohodlí a elasticitu. Polská móda VALENTINE.;Dlouhé společenské šaty třpytivé nadrozměr | vmobleceni.cz
466869;Dlouhé společenské šaty TIFANI na ramínka s třpytivým efektem, bavlněné (60% bavlna), vel. 32–36. Elegantní střih pro slavnostní příležitosti.;Dlouhé společenské šaty na ramínka TIFANI | vmobleceni.cz
466870;Dlouhé společenské šaty TIFANI na tenká ramínka s třpytivým efektem. Bavlněná směs, velikosti 34–40. Elegantní střih pro oslavu i večer.;Dlouhé společenské šaty na ramínka | vmobleceni.cz
466871;Dlouhé společenské šaty na ramínka VALERIA, velikosti 34–38. Elegantní dámské šaty od Polské módy pro slavnostní příležitosti. Objednejte online.;Dlouhé společenské šaty na ramínka VALERIA | vmobleceni.cz
466872;Dlouhé společenské šaty TIFANI na ramínka, bavlněné s elastanem, velikosti 38-40. Elegantní střih pro dámy. Vhodné na ples i svatbu.;Dlouhé společenské šaty na ramínka 38-40 | vmobleceni.cz
466873;Dlouhé společenské šaty TIFANI s třpytivým efektem na ramínka, bavlna s elastanem, velikosti 34–40. Elegantní střih pro společenské příležitosti.;Dlouhé společenské šaty na ramínka 34-40 | vmobleceni.cz
466874;Dlouhé společenské šaty TIFANI na ramínka s třpytivým efektem, bavlněné směs, velikosti 34–40. Elegantní střih pro dámy.;Dlouhé společenské šaty na ramínka | vmobleceni.cz
466875;Dlouhé saténové šaty na ramínka KELI v českých velikostech 34–40. Elegantní společenské šaty s hladkou saténovou textilou. Vhodné na večer a zvláštní příležitosti.;Dlouhé saténové šaty na ramínka 34-40 | vmobleceni.cz
466876;Dlouhé společenské šaty na ramínka GORSET v sizes 34–38, bavlna-polyester mix s elastanem. Elegantní střih pro dámy. Objednejte na vmobleceni.cz.;Dlouhé společenské šaty na ramínka GORSET | vmobleceni.cz
466877;Dlouhé společenské šaty na ramínka s třpytivým efektem, bavlněné (60% bavlna, 35% polyester, 5% elastan), velikosti 32–38. Elegantní střih od polské módy GORSET.;Dlouhé společenské šaty na ramínka třpytivé | vmobleceni.cz
466878;Dlouhé třpytivé společenské šaty na ramínka GORSET z bavlny a polyesteru, velikosti 34–38. Elegantní střih pro slavnostní příležitosti.;Dlouhé společenské šaty třpytivé | vmobleceni.cz
466879;Dlouhé třpytivé společenské šaty na ramínka GORSET z bavlny a polyesteru, velikosti 34–38. Elegantní střih pro dámy s ideálním poměrem pohodlí a lesku.;Dlouhé třpytivé šaty na ramínka 34-38 | vmobleceni.cz
466880;Dlouhé společenské šaty na ramínka pro ženy, velikosti 40–50, z bavlny a polyesteru. Elegantní střih WALENTINA pro plnější postavu. Objednejte nyní.;Šaty dlouhé společenské na ramínka nadrozměr | vmobleceni.cz
466881;Dlouhé společenské šaty SYLIA na ramínka z bavlny a polyesteru, velikosti 34–40. Pohodlný střih s elastanem pro každou příležitost. Najděte svou velikost.;Dlouhé společenské šaty na ramínka 34-40 | vmobleceni.cz
466882;Dlouhé společenské šaty TIFANI na ramínka s třpytivým efektem. Bavlna, polyester, elastan, velikosti 34–40. Elegantní střih pro slavnostní příležitosti.;Dlouhé společenské šaty na ramínka | vmobleceni.cz
466883;Dlouhé společenské šaty bez rukávu s třpytivým efektem, velikosti 46–52. Bavlněná souprava s elastanem pro pohodlné nošení. Ideální na večerní příležitosti.;Dlouhé třpytivé šaty nadrozměr 46-52 | vmobleceni.cz
466884;Dlouhé společenské šaty s flitry na ramínka, bavlna a elastan, velikosti 32–40. Elegantní dámské šaty Mořská panna pro slavnostní příležitosti.;Dlouhé společenské šaty s flitry 32-40 | vmobleceni.cz
466885;Dlouhé společenské šaty SYLIA na ramínka pro dámy, bavlněná směs (60% bavlna, 35% polyester, 5% elastan), velikosti 34–40. Elegantní střih pro každou příležitost. Objednejte nyní.;Dlouhé společenské šaty na ramínka 34-40 | vmobleceni.cz
466886;Dlouhé společenské šaty na ramínka KELI, velikosti 34–40. Elegantní střih pro dámy, polská kvalita. Vyberte si svůj размер nyní.;Dlouhé společenské šaty na ramínka | vmobleceni.cz
465187;Dámský svetr s rolákem, dlouhý rukáv, nadrozměr 44–48, modal-bavlna-viskoza. Teplý, pružný, na každodenní nošení. Objevte kvalitní italskou módu.;Dámský svetr s rolákem nadrozměr 44-48 | vmobleceni.cz
166897;Zimní dámská čepice s bambulí ONE SIZE od WOOLK. Polyesterový materiál, pohodlný střih. Teplá a stylová ochrana hlavy v chladném počasí.;Zimní čepice s bambulí dámská ONE SIZE | vmobleceni.cz
464399;Elegantní skládané šaty LISA s krátkým rukávem, polyester-elastan, velikost M/L/XL ONE SIZE. Ideální do práce i na společenské akce. Objednejte nyní.;Elegantní skládané šaty krátký rukáv | vmobleceni.cz
469071;Štrasový náhrdelník dámský s průměrem 10,5 cm z kolekce Fashion Jewellery. Elegantní bižuterie s krystalky pro každodenní nošení i slavnostní příležitosti.;Štrasový náhrdelník dámský 10,5cm | vmobleceni.cz
469073;Štrasový náramek dámský s kamínky, délka 18 cm. Třpytivý elegantní doplněk do každé kabelky. Objednejte si svůj náramek online.;Štrasový náramek dámský 18 cm | vmobleceni.cz
469075;Dámský náramek s perlami, délka 18 cm. Elegantní bižuterie vhodná k dennímu i slavnostnímu stylu. Objevte náramek v naší kolekci doplňků.;Dámský náramek perly 18 cm | vmobleceni.cz
469123;Elegantní dámský náramek ve zlaté barvě, 19,5 cm s pevným zapínáním. Ideální módní doplněk na společenské akce i k oživení každodenního outfitu. Koupit nyní.;Dámský náramek zlatá barva 19,5 cm | vmobleceni.cz
469124;Elegantní dámský náramek zlaté barvy, 19,5 cm, s pevným zapínáním. Módní doplněk pro společenské příležitosti i každodenní nošení. Objednejte si nyní.;Dámský náramek zlatá barva 19,5 cm | vmobleceni.cz
469125;Dámský módní náramek ve zlaté barvě, 19,5 cm, s pevným zapínáním. Elegantní bižuterie k společenským akcím i k obyčejnému stylu. Koupit nyní.;Dámský náramek zlatá barva 19,5 cm | vmobleceni.cz
469126;Dámský módní náramek ve zlaté barvě, délka 19,5 cm s pevným zapínáním. Elegantní bižuterie na společenské události i k dennímu stylu. Objevte kvalitní doplněk do své sbírky.;Náramek zlatá barva dámský 19,5 cm | vmobleceni.cz
469127;Dámský náramek zlaté barvy, délka 19,5 cm, s pevným zapínáním. Elegantní módní doplněk pro společenské события i každodenní nošení. Objevte ho nyní.;Dámský náramek zlatá barva 19,5 cm | vmobleceni.cz
469128;Dámský módní náramek zlaté barvy, délka 19,5 cm, s pevným zapínáním. Elegantní bižuterie do společnosti i k obyčejným outfitům. Objednejte teď.;Dámský náramek zlatá barva 19,5 cm | vmobleceni.cz
469129;Dámský zlatý náramek 19,5 cm z kolekce Fashion Jewellery. Elegantní doplněk do každého outfitu. Objednejte si svoj oblíbený náramek online.;Dámský náramek zlatá barva 19,5 cm | vmobleceni.cz
316253;Strečové kalhoty dámské z viskózy s elastanem, gumový pas 90–100 cm, boky 128 cm, délka 100 cm. Pohodlné a elastické na každý den. Objednejte online.;Kalhoty strečové dámské M/L | vmobleceni.cz
337520;Dlouhá šifonová sukně na gumu, pas 70-90 cm, velikost S/M. Vzdušný střih pro pohodlné nošení. Objednejte italskou módu na vmobleceni.cz.;Dlouhá šifonová sukně dámská S/M | vmobleceni.cz
350635;Dámské tričko s krátkým rukávem italské módy, ONE SIZE (S/M/L), obvod prsou 106 cm. Pohodlný střih pro každodenní nošení. Objednejte online.;Dámské tričko krátký rukáv ONE SIZE | vmobleceni.cz
355100;Dámské tričko s krátkým rukávem z viskózy, nadrozměr 2XL/3XL, Italian móda. Prodloužený střih, pružné, ideální pro větší velikosti. Objednejte na vmobleceni.cz.;Dámské tričko nadrozměr 2XL/3XL | vmobleceni.cz
362274;Dámská maxi sukně s kapsami a gumou v pase, 95% polyester, velikost S/M. Pohodlný střih pro boky 140 cm, délka 93 cm. Objevte italskou módu.;Sukně maxi dámská s kapsami | vmobleceni.cz
364688;Dámské šaty s kabelkou, krátký rukáv, nadrozměr 2XL/3XL. Italská móda, délka 92 cm, prsa 125 cm. Pohodlné a stylové oblečení pro ženy s vyšší postavou.;Dámské šaty nadrozměr 2XL/3XL s kabelkou | vmobleceni.cz
371844;Dlouhé saténové společenské šaty na ramínka z 100% polyesteru, velikosti S–L. Elegantní střih pro dámy, délka 156 cm. Objednejte online.;Dlouhé saténové šaty na ramínka dámské | vmobleceni.cz
410633;Dlouhé elegantní kalhoty s páskem, polyester se strečem, pas 78–86 cm. Na každodenní nošení i práci. Objevte praktické dámské kalhoty.;Dámské dlouhé elegantní kalhoty s páskem | vmobleceni.cz
435125;Zimní dámský kabát nadrozměr, velikosti 46–50, délka 105 cm, pro plnoštíhlé ženy. Pohodlný střih s dlouhými rukávy. Objevte kvalitní módní kousky na vmobleceni.cz.;Zimní kabát dámský nadrozměr 46-50 | vmobleceni.cz
443724;Letní dámské šaty s krátkým rukávem v nadrozměru 50–54, oválný střih z viskózy s elastanem. Pohodlné na každodenní nošení i do práce. Objednejte online.;Letní šaty nadrozměr krátký rukáv | vmobleceni.cz
445838;Elegantní dámské kalhoty s páskem, velikosti 40–44 (ONE SIZE), pas 74–94 cm. Italská móda pro nadrozměrné postavy. Objednejte online.;Elegantní kalhoty dámské nadrozměr 40-44 | vmobleceni.cz
445839;Elegantní dámské kalhoty s páskem, polyester s elastanem, pas 74–94 cm, ideální pro střední postavy. Pohodlný střih se 5% elastanu pro flexibilitu.;Elegantní kalhoty dámské s páskem | vmobleceni.cz
448230;Elegantní maxi sukně dámská, pas 68–92 cm, 100 cm dlouhá, polyester s elastanem. Pohodlný střih ONE SIZE pro XS až M. Objevte u nás.;Maxi sukně dámská elegantní ONE SIZE | vmobleceni.cz
448248;Dámské letní kalhoty s páskem, polyester s elastanem, pas 76–90 cm, velikosti XS–M. Pohodlný střih pro léto. Vyberte si svou velikost.;Dámské letní kalhoty s páskem XS–M | vmobleceni.cz
451578;Dlouhé elegantní dámské šaty s krátkým rukávem, nadrozměr 42–46, polyester elastan. Guma v pase, ideální na práci i moře. Objednejte online.;Šaty elegantní dlouhé nadrozměr XXL | vmobleceni.cz
455299;Dlouhé letní kalhoty s páskem pro dámy, materiál polyester s elastanem, pas 76–90 cm, univerzální velikost ONE SIZE. Pohodlné a vzdušné na léto.;Dlouhé letní kalhoty dámské s páskem | vmobleceni.cz
461680;Dámské elegantní kalhoty VIKTORY z italské módy: viskóza, polyester, elastan. Dlouhé, na gumu, ideální do práce i na každodenní nošení. Velikost S–L. Objevte pohodlí.;Dámské kalhoty VIKTORY italská móda | vmobleceni.cz
462069;Elegantní dámské kalhoty BELLA s gumou v pase, kapsami, z viskózy a elastanu, velikost ONE SIZE. Pohodlný střih pro každodenní nošení. Objednejte nyní.;Kalhoty elegantní dámské BELLA ONE SIZE | vmobleceni.cz
462074;Dlouhý dámský zimní kabát z 100% polyesteru pro nadrozměr (46–50), délka 104 cm. Teplý a praktický střih. Vyberte si své č.;Dámský zimní kabát nadrozměr 46-50 | vmobleceni.cz
462078;Flaušový dámský kabát oversize s dlouhým rukávem, 100 % polyester, velikost M/L/XL. Teplý a elegantní na každodenní nošení i práci. Objevte italskou módu.;Dámský flaušový kabát oversize teplý | vmobleceni.cz
462162;Volnočasové balónové kalhoty pro dámy nadrozměr 46–50, viskozové s elastanem. Měkké, s gumou v pase a kapsami. Pohodlné pro každodenní nošení.;Balónové kalhoty nadrozměr dámské | vmobleceni.cz
462264;Dámský flaušový kabát s dlouhým rukávem, knoflíky a páskem. Polyesterový, teplý s podšivkou, kapsy, délka 103 cm. Velikost M/L/XL One Size. Objevte kvalitní italskou módu.;Dámský flaušový kabát dlouhý rukáv | vmobleceni.cz
464466;Zimní dámský kabát s dlouhým rukávem z polyesteru a viskózy, s páskem, velikosti S–L. Teplý střih pro každodenní nošení, délka 115 cm. Objevte kabát, který se hodí ke všemu.;Zimní dámský kabát dlouhý rukáv | vmobleceni.cz
464750;Dámské strečové kalhoty 3/4 teplé, krátké délky, velikosti S–L ONE SIZE. Pružný střih pro pohodlné nošení. Objednejte online.;Dámské strečové kalhoty 3/4 teplé | vmobleceni.cz
464751;Dámské strečové kalhoty 7/8 kratší, italská móda, velikosti S/M/L ONE SIZE. Pohodlný střih s elastanem pro každodenní nošení. Objednejte online.;Dámské strečové kalhoty 7/8 | vmobleceni.cz
464756;Dlouhé společenské šaty na ramínka, polyester s elastanem, velikosti S/M/L ONE SIZE. Elegantní střih pro dámy. Objednejte online.;Šaty dlouhé společenské na ramínka S/M/L | vmobleceni.cz
465096;Elegantní dámské kalhoty nadrozměr s elastickým páskem, pas 70–120 cm, boky 110–140 cm. Materiál polyester, viskoza, elastan. Velikost 42–46 ONE SIZE. Objevte pohodlí a styl.;Kalhoty elegantní nadrozměr dámské | vmobleceni.cz
465582;Dlouhé společenské šaty na ramínka z italské módy, polyester s elastanem, velikosti S/M/L. Elegantní střih pro dámy. Objednejte na vmobleceni.cz.;Dlouhé společenské šaty na ramínka dámské | vmobleceni.cz
465783;Elegantní dámská halenka s 3/4 rukávem, italská móda, velikosti S/M/L. Najděte svůj ideální střih a přizpůsobenou velikost pro dokonalý fit.;Halenka elegantní 3/4 rukáv dámská | vmobleceni.cz
466816;Dlouhé společenské šaty VALERIA s třpytivou úpravou na tenkých ramínkách, bavlněné (60% bavlna, 35% polyester, 5% elastan), velikosti 32–38. Elegantní střih pro slavnostní příležitosti.;Dlouhé šaty společenské třpytivé VALERIA 32–38 | vmobleceni.cz
467067;Dlouhé společenské šaty na ramínka s třpytivým efektem, bavlna-polyester, velikosti 42–48. Elegantní střih pro plnější postavy. Objednejte online.;Dlouhé společenské šaty nadrozměr 42-48 | vmobleceni.cz
467068;Dlouhé třpytivé šaty na ramínka z bavlny a polyesteru, velikosti 34–48. Elegantní společenské šaty pro dámy nadrozměru. Objevte kolekci VALENTINE.;Dlouhé třpytivé šaty na ramínka 34–48 | vmobleceni.cz
467069;Dlouhé společenské šaty KELI na ramínka, velikosti 34–40. Elegantní dámské maxi šaty vhodné na večer a slavnostní příležitosti. Objevte kolekci polské módy.;Dlouhé šaty na ramínka KELI 34-40 | vmobleceni.cz
467070;Dlouhé společenské šaty VALERIA na ramínka pro dámy, velikosti 34–40. Elegantní střih od polské značky PMLAM. Objednejte online.;Dlouhé společenské šaty na ramínka 34-40 | vmobleceni.cz
467071;Dlouhé třpytivé společenské šaty na ramínka pro dámy, bavlna s elastanem, velikosti 42–48. Elegantní střih pro každou příležitost.;Dlouhé třpytivé šaty na ramínka 42-48 | vmobleceni.cz
467072;Dlouhé společenské šaty TIFANI na ramínka s třpytivým efektem, bavlna s elastanem, velikosti 32–38. Elegantní a pohodlné.;Dlouhé společenské šaty na ramínka | vmobleceni.cz
467073;Dlouhé společenské šaty na ramínka s třpytivým efektem, bavlněná směs (60% bavlna, 35% polyester, 5% elastan), velikosti 34–38. Elegantní střih pro večerní příležitosti.;Dlouhé společenské šaty na ramínka | vmobleceni.cz
467074;Dlouhé společenské šaty TIFANI na ramínka s třpytivou úpravou, bavlna s elastanem, velikosti 34–40. Elegantní střih pro slavnostní příležitosti.;Dlouhé společenské šaty na ramínka | vmobleceni.cz
467075;Dlouhé třpytivé společenské šaty na ramínka z jackardu, velikosti 34–38. Elegantní střih pro slavnostní příležitosti. Vyberte správnou velikost.;Dlouhé společenské šaty na ramínka | vmobleceni.cz
467076;Dlouhé společenské šaty s třpytivým jacquardem na ramínka, velikosti 34–38. Elegantní střih od POLSKÉ MÓDY pro dámské slavnostní příležitosti.;Dlouhé společenské šaty na ramínka | vmobleceni.cz
467077;Dlouhé společenské šaty SCARLET na ramínka s třpytivým efektem. Bavlna s elastanem, velikosti 34–38. Elegantní střih pro slavnostní příležitosti.;Dlouhé šaty společenské třpytivé na ramínka | vmobleceni.cz
467078;Dlouhé společenské šaty bez rukávu s třpytivým efektem, velikosti 44–50. Bavlněná směs s elastanem, pohodlný střih pro plnoštíhlé dámy. Skvělá volba na večerní akce.;Dlouhé třpytivé šaty dámské 44-50 | vmobleceni.cz
467079;Dlouhé společenské šaty KELI na ramínka, velikosti 34–40. Elegantní střih od POLSKÁ MÓDA pro dámy. Vyberte si své velikosti.;Šaty dlouhé společenské na ramínka 34-40 | vmobleceni.cz
467080;Dlouhé společenské šaty KELI na ramínka, velikosti 34–40. Elegantní střih od polské módy pro dámy. Najděte svou velikost v našem sortimentu.;Dlouhé společenské šaty na ramínka 34-40 | vmobleceni.cz
467081;Dlouhé společenské šaty CIRI na ramínka, saténový materiál (60% bavlna, 35% polyester, 5% elastan), velikosti 34–40. Elegantní střih pro slavnostní příležitosti. Objednejte nyní.;Dlouhé společenské šaty na ramínka CIRI | vmobleceni.cz
467082;Dlouhé společenské šaty TIFANI na ramínka s třpytivým efektem, bavlna s elastanem, velikosti 34–40. Elegantní střih pro večerní příležitosti.;Dlouhé společenské šaty na ramínka | vmobleceni.cz
467083;Dlouhé saténové šaty KELI na ramínka pro dámy, velikosti 34–40. Elegantní společenské šaty z lesku saténu s jemným střihem. Objednejte online.;Dlouhé saténové šaty na ramínka 34-40 | vmobleceni.cz
467084;Dlouhé saténové společenské šaty KELI na ramínka pro dámy, velikosti 34–40. Elegantní střih z polské módy ideální na večer a slavnostní příležitosti. Objednejte online.;Dlouhé společenské šaty na ramínka | vmobleceni.cz
467085;Dlouhé společenské šaty KELI na ramínka, velikosti 34–40. Elegantní střih od polské módy pro formální příležitosti. Objednejte online.;Dlouhé společenské šaty na ramínka 34-40 | vmobleceni.cz
467086;Dlouhé společenské šaty KELI na ramínka pro dámy, velikosti 34–40. Elegantní střih od polské módy. Vyberte si správnou velikost.;Šaty dlouhé společenské na ramínka KELI 34-40 | vmobleceni.cz
467088;Dlouhé společenské šaty bez rukávu v nadrozměrech 34–48. Elegantní střih od POLSKÉ MÓDY pro nádherný vzhled na každou příležitost. Objednejte si svou velikost.;Dlouhé společenské šaty nadrozměr 34-48 | vmobleceni.cz
467089;Dlouhé společenské šaty TIFANI s třpytivou úpravou na ramínka, bavlna a elastan, velikosti 36–40. Elegantní střih pro každou příležitost.;Dlouhé společenské šaty na ramínka | vmobleceni.cz
467090;Dlouhé třpytivé společenské šaty TIFANI na tenká ramínka z bavlny a polyesteru. Velikosti 34–40. Elegantní střih pro večerní příležitosti.;Dlouhé společenské šaty na ramínka 34–40 | vmobleceni.cz
467091;Dlouhé společenské šaty SCARLET na ramínka s třpytivým efektem. Bavlněná směs (60% bavlna, 35% polyester, 5% elastan), velikosti 34–40. Elegantní střih pro večerní příležitosti.;Dlouhé společenské šaty na ramínka SCARLET | vmobleceni.cz
467145;Dámské volnočasové šaty s 3/4 rukávem v nadrozměru 54–58, bavlněné s elastanem. Pohodlný střih pro větší postavu. Objednejte online.;Dámské šaty nadrozměr 54-58 | vmobleceni.cz
467146;Dámské stahovací šaty s 3/4 rukávem, vel. 48–52 (ONE SIZE), 100% polyester. Klasický střih pro nadrozměr. Objednejte online.;Dámské šaty nadrozměr 48-52 | vmobleceni.cz
467147;Dámská šusťáková vesta s kapucí bez rukávu, nadrozměr 52/54/56, 100% polyester. Lehká a voděodolná pro každodenní nošení. Objednejte teď.;Vesta šusťáková dámská nadrozměr | vmobleceni.cz
467148;Elegantní dámská tunika s 3/4 rukávem pro nadrozměr, vel. 48–52, 100% polyester, délka 73–80 cm. Italská móda s klasickým střihem. Vyberte si svou velikost.;Tunika elegantní 3/4 rukáv dámská nadrozměr | vmobleceni.cz
467149;Krátké volnočasové dámské šaty s krátkým rukávem z bavlny s elastanem, velikosti 54–58 (ONE SIZE). Pohodlný střih pro nadrozměr. Objednejte online.;Krátké dámské šaty nadrozměr 54-58 | vmobleceni.cz
467150;Letní dámské tričko s krátkým rukávem z 95% bavlny, nadrozměr 54–58 ONE SIZE, obvod prsou 130–160 cm. Pohodlné a prodyšné. Vyberte si své.;Dámské tričko letní krátký rukáv nadrozměr | vmobleceni.cz
467151;Dámské letní tričko s krátkým rukávem v nadrozměru 54/56/58, bavlna s elastanem. Pohodlný střih pro prsa 120–180 cm. Italská móda.;Dámské tričko nadrozměr krátký rukáv | vmobleceni.cz
468333;Dámský tenký úpletový svetr AMI s dlouhým rukávem, viskóza a polyester, ONE SIZE 40–44, ideální na každodenní nošení i do práce. Objednejte si nyní.;Dámský tenký svetr s dlouhým rukávem AMI | vmobleceni.cz
468334;Tenký dámský svetr s dlouhým rukávem, výstřihem do V, ze směsi viskózy, polyesteru a nylonu. ONE SIZE 40–44, ideální na každodenní nošení i do práce. Objednejte online.;Dámský svetr tenký INNA, ONE SIZE | vmobleceni.cz
468521;Elegantní dámské tepláky nadrozměr italské módy, velikosti 44–48 ONE SIZE. Pas 70–120 cm, pohodlný střih pro plnoštíhlé postavy. Objednejte nyní.;Tepláky elegantní dámské nadrozměr 44-48 | vmobleceni.cz
468522;Dámské tepláky nadrozměr ONE SIZE (44–48), viskóza s elastanem, pás na gumu, kapsy, délka 94 cm. Pohodlné na každodenní nošení. Objednejte online.;Dámské tepláky nadrozměr ONE SIZE | vmobleceni.cz
468523;Dámský nadrozměrný kabátek na knoflíky, 60% polyester, velikosti 44–48, s kapsami a dlouhými rukávy. Ideální na každodenní nošení i do práce. Objednejte si teď.;Dámský kabátek nadrozměr 44-48 na knoflíky | vmobleceni.cz
468524;Tunika s přívěskem a 3/4 rukávem pro dámy, nadrozměr 54–58, ONE SIZE. Polyesterová, délka 79–85 cm. Pohodlný střih pro všechny postavy.;Tunika 3/4 rukáv dámská nadrozměr 54-58 | vmobleceni.cz
468525;Dámské volnočasové kalhoty nadrozměr 46–50, bavlna a nylon, pas 74–130 cm. Pohodlné a elastické pro každodenní nošení.;Dámské kalhoty nadrozměr 46-50 | vmobleceni.cz
468526;Letní dámské kalhoty s páskem v nadrozměru (40/42/44 ONE SIZE). Pas 70–100 cm, pohodlný střih pro větší velikosti. Objevte praktické letní kalhoty na vmobleceni.cz.;Letní kalhoty dámské nadrozměr ONE SIZE | vmobleceni.cz
468527;Dámské outdoorové tepláky BRIGITA z italské módy. Pohodlný střih s gumou v pase, kapsami, materiál 60% polyester, 35% viskoza, 5% elastan. Velikosti S–L. Objednejte online.;Dámské tepláky outdoorové BRIGITA | vmobleceni.cz
468528;Dámské tričko s krátkým rukávem v nadrozměru (50/52/54), ONE SIZE. Měkká směs bavlny, viskózy a elastanu. Prsa 130 cm, délka 74 cm. Italská móda.;Dámské tričko nadrozměr 50-54 | vmobleceni.cz
468530;Dámský beránkový kabát s kapsami a dlouhým rukávem, velikosti 50–54 (ONE SIZE). Teplý, pohodlný střih pro nadrozměr. Objevte италsku módu.;Dámský beránkový kabát nadrozměr | vmobleceni.cz
468531;Dámské tričko s krátkým rukávem, nadrozměr 54–58, ONE SIZE. Viskóza s elastanem pro pohodlný střih. Najděte si svoje.;Dámské tričko krátký rukáv nadrozměr 54-58 | vmobleceni.cz
468532;Dámské tričko s krátkým rukávem z 100% bavlny, nadrozměr ONE SIZE (54/56/58), prsa 140–170 cm. Pohodlné a prodyšné. Objevte ITALSKOU MÓDU.;Dámské tričko krátký rukáv nadrozměr | vmobleceni.cz
468533;Dámská halenka krátký rukáv z viskózy pro nadrozměr, velikosti 46–50 ONE SIZE. Pohodlný střih na prsa 100–130 cm, délka 70 cm. Objednejte online.;Halenka krátký rukáv dámská nadrozměr | vmobleceni.cz
468534;Dámská tunika s krátký rukáv a přívěskem, viskóza s elastanem, velikosti 40–44 (ONE SIZE). Pohodlná na každodenní nošení i do práce. Objednejte online.;Tunika krátký rukáv nadrozměr XXL | vmobleceni.cz
468535;Dámské tričko krátký rukáv nadrozměr 54–58, viskóza s elastanem. Pohodlný střih pro prsa 140–170 cm, délka 77 cm. Najděte svou velikost.;Dámské tričko krátký rukáv nadrozměr | vmobleceni.cz
468536;Letní dámské šaty s krátkým rukávem, bavlněné (95 % bavlna), nadrozměr 46–50, délka 95 cm. Pohodlný střih pro větší postavy. Objednejte nyní.;Dámské letní šaty nadrozměr 46-50 | vmobleceni.cz
468537;Outdoorové kalhoty pro dámy nadrozměr, ONE SIZE 46–50, pas 76–120 cm, boky 106–120 cm. Pohodlný střih pro plnější postavu. Objevte si na vmobleceni.cz.;Kalhoty outdoorové dámské nadrozměr 46–50 | vmobleceni.cz
468538;Dlouhé mikinové šaty s kapucí a krátkým rukávem pro dámy nadrozměr, bavlna s elastanem, ONE SIZE 50/52/54. Pohodlné a teplé.;Dlouhé mikinové šaty s kapucí nadrozměr | vmobleceni.cz
468539;Dámské tričko s krátkým rukávem z viskozy pro nadrozměr, velikosti 46–50. Elastické, vzdušné, délka 80 cm. Objevte pohodlné oblečení v nadrozměru.;Dámské tričko krátký rukáv nadrozměr 46-50 | vmobleceni.cz
468540;Dámská klasická košile s 3/4 rukávem, nadrozměr 54–58, jednobarevná, 100 % polyester. Pohodlný střih pro plnější postavy. Nakupujte nyní.;Dámská košile klasik 3/4 rukáv nadrozměr | vmobleceni.cz
468541;Elegantní dámská halenka LUISA s 3/4 rukávem z 100% viskózy, velikosti 54–58 (nadrozměr). Ideální na práci i volný čas. Pohodlný střih pro všechny příležitosti.;Halenka elegantní nadrozměr dámská 3/4 rukáv | vmobleceni.cz
468725;Společenské šaty s krátkým rukávem, třpytivý polyester, zipem na zádech a páskem v pase. Velikosti 36–54. Ideální na večer.;Společenské šaty krátký rukáv 36–54 | vmobleceni.cz
469214;Dlouhé společenské šaty na ramínka s flitry, velikosti 34–40. Polská kvalita ZYNJA. Individuální střih na míru – objednejte s termínem ušití.;Dlouhé společenské šaty flitrové na ramínka | vmobleceni.cz
469215;Dlouhé společenské šaty s flitry na ramínka, velikosti 34–40. Polská móda ZYNJA se střihem na míru. Objednejte si své šaty na dotaz.;Dlouhé společenské šaty flitrové na ramínka | vmobleceni.cz
469216;Dlouhé společenské šaty s flitry na ramínka, velikosti 34–40. Polská móda ZYNJA s elegantním střihem. Šijeme na míru – objednejte si své.;Dlouhé společenské šaty flitrové na ramínka | vmobleceni.cz
469217;Dlouhé společenské šaty s flitry na ramínka, velikosti 34–40. Polská móda ZYNJA s možností individuálního střihu. Objednejte si své vysněné šaty.;Dlouhé společenské šaty flitrové na ramínka | vmobleceni.cz
469218;Dlouhé společenské šaty s flitry na tenkých ramínkách, velikosti 34–40. Polská móda ZYNJA s možností individuálního střihu. Objednejte si své šaty na míru.;Dlouhé flitrové šaty na ramínka 34-40 | vmobleceni.cz
469219;Dlouhé společenské šaty na ramínka LIMONCELLO, velikosti 34–40. Polská móda s možností úpravy podle míry. Objednejte na email.;Dlouhé společenské šaty na ramínka 34-40 | vmobleceni.cz
469220;Dlouhé společenské šaty na ramínka LIMONCELLO, velikosti 34–40. Polská móda s možností úpravy na míru. Objednejte si nyní.;Dlouhé společenské šaty na ramínka 34-40 | vmobleceni.cz
469221;Dlouhé společenské šaty na ramínka LIMONCELLO, velikosti 34–40, na míru. Elegantní dámské šaty od polské módy Pmlpt26002-2. Objednejte si své.;Dlouhé společenské šaty na ramínka 34-40 | vmobleceni.cz
469222;Dlouhé společenské šaty na ramínka LIMONCELLO, velikosti 34–40, polská móda. Elegantní střih pro slavnostní příležitosti. Ušití na míru na objednávku.;Dlouhé společenské šaty na ramínka 34-40 | vmobleceni.cz
469223;Dlouhé společenské šaty na ramínka LIMONCELLO, velikosti 34–40. Polská móda s možností ušití na míru. Objevte elegantní maxi šaty.;Dlouhé společenské šaty na ramínka 34-40 | vmobleceni.cz
469224;Dlouhé společenské šaty na ramínka LIMONCELLO, velikosti 34–40. Polská móda s možností individuální úpravy. Objednejte si své šaty na míru.;Dlouhé společenské šaty na ramínka | vmobleceni.cz
469225;Dlouhé krajkové šaty na ramínka TIRAMISU, velikosti 34–40. Společenské dámské šaty s elegantním střihem na míru. Objednejte své id.;Dlouhé krajkové šaty na ramínka TIRAMISU 34-40 | vmobleceni.cz
469226;Dlouhé společenské šaty krajkové na ramínka, velikosti 34–40. Elegantní střih od POLSKÉ MÓDY. Ušití na míru na objednávku.;Dlouhé krajkové šaty na ramínka 34-40 | vmobleceni.cz
469227;Dlouhé krajkové společenské šaty na ramínka TIRAMISU, velikosti 34–40. Elegantní střih z polské módy. Ušití na míru na objednávku.;Dlouhé krajkové šaty na ramínka 34–40 | vmobleceni.cz
469228;Dlouhé společenské krajkové šaty na ramínka, velikosti 34–40. Elegantní střih pro dámy, lze ušít na míru. Objednejte online na vmobleceni.cz;Dlouhé krajkové šaty na ramínka dámské | vmobleceni.cz
469229;Dlouhé společenské šaty na ramínka s krajkou, velikosti 34–40. Elegantní dámské šaty TIRAMISU od POLSKÉ MÓDY na zakázku. Objednejte online.;Dlouhé krajkové šaty na ramínka 34–40 | vmobleceni.cz
469230;Dlouhé krajkové společenské šaty na ramínka TIRAMISU, velikosti 34–40. Polská móda s elegantním střihem. Šití na míru na objednávku.;Dlouhé krajkové šaty na ramínka 34-40 | vmobleceni.cz
469231;Dlouhé společenské šaty s krajkou na ramínka, velikosti 34–40. Elegantní střih pro slavnostní příležitosti. Ušití na míru na objednávku.;Dlouhé krajkové šaty na ramínka 34-40 | vmobleceni.cz
469232;Dlouhé svatební šaty na ramínka VARVARA, velikosti 34–40, polská móda. Elegantní střih na míru. Objednejte si své vysněné šaty.;Dlouhé svatební šaty na ramínka dámské | vmobleceni.cz
469233;Dlouhé krajkové svatební šaty na ramínka GRIZEL, velikosti 34–40. Elegantní střih z polské módy na míru. Objednejte si své vysněné šaty.;Svatební šaty krajkové GRIZEL 34-40 | vmobleceni.cz
469234;Dlouhé svatební šaty s krajkou, carmen střih, velikosti 34–40. Polská móda COSTA CALETA. Individuální střih na míru – objednejte online.;Dlouhé svatební šaty carmen krajkové 34-40 | vmobleceni.cz
469235;Dlouhé svatební šaty s krajkou Carmen v nadrozměrech 34–42. Polská móda s individuální výrobou. Objednejte si své vysnění šaty na míru.;Dlouhé svatební šaty Carmen krajkované nadrozměr | vmobleceni.cz
469249;Dlouhé svatební šaty na ramínka SOLVI, velikosti 34–40, polská móda. Elegantní střih na míru, délka dle přání. Objednejte online.;Dlouhé svatební šaty SOLVI 34-40 | vmobleceni.cz
469250;Dlouhé svatební krajkové šaty bez rukávu PRINCESSA, velikosti 34–40. Elegantní dámské šaty na míru s luxusní krajkou. Objednejte si své svatební šaty.;Svatební krajkové šaty bez rukávu 34-40 | vmobleceni.cz
469251;Dlouhé krajkové svatební šaty s dlouhým rukávem, velikosti 34–40. Polská móda COFETE – elegantní střih na míru. Objednejte si ušití na email.;Dlouhé svatební krajkové šaty 34-40 | vmobleceni.cz
469252;Dlouhé svatební šaty na ramínka VESPA, velikosti 34–40, polská móda. Elegantní střih na míru, termín ušití na dotaz.;Svatební šaty dlouhé na ramínka 34-40 | vmobleceni.cz
469253;Dlouhé svatební krajkové šaty na ramínka pro dámy, velikosti 34–46. Elegantní střih GARDEN od Polské módy, možnost ušití na míru. Vhodné pro nevěsty i společenské příležitosti.;Dlouhé svatební krajkové šaty nadrozměr 34–46 | vmobleceni.cz
469254;Dlouhé svatební krajkové šaty bez rukávu pro dámy, velikosti 34–46. Elegantní střih s krajkou, možnost individuálního ušití. Objednejte si své vysněné šaty.;Svatební krajkové šaty dlouhé nadrozměr 34-46 | vmobleceni.cz
469255;Dlouhé svatební krajkové šaty bez rukávu MERCEDES, velikosti 34–40. Elegantní dámské šaty na míru od Polské módy. Objednejte si své vysněné šaty.;Dlouhé svatební krajkové šaty dámské | vmobleceni.cz
469256;Dlouhé svatební šaty na ramínka POSITANO, velikosti 34–40, polská móda. Elegantní střih ušitý na míru. Objednejte si své svatební šaty.;Dlouhé svatební šaty na ramínka 34–40 | vmobleceni.cz
390864;Náhrdelník dívčí a dámský ONE SIZE ze stříbřité bižuterie. Elegantní design pro všechny věkové kategorie. Objednejte si svůj oblíbený náhrdelník.;Náhrdelník dívčí dámský ONE SIZE | vmobleceni.cz
469835;Štrasový náramek dámský 3 řadový s kamínky, délka 18 cm. Elegantní bižuterie s broušenými krystalky. Objednejte si na vmobleceni.cz.;Štrasový náramek dámský 3 řadový | vmobleceni.cz
221204;Dlouhé boho šaty se šedou barvou, viskóza s elastanem, univerzální velikost S–L. Pohodlný střih s vázáním na výstřihu. Objednejte nyní.;Dlouhé boho šaty šedé S–L | vmobleceni.cz
221205;Dlouhé dámské šaty Boho v červené barvě s rozparkem, bavlněné z viskózy a spandexu, velikosti S–L. Pohodlný střih s vázáním v dekoltu.;Dlouhé šaty Boho červené s rozparkem | vmobleceni.cz
221206;Dlouhé dámské šaty Boho v žluté barvě, viskóza se Spandexem, universální střih S–L, se zavazovacím výstřihem a pružným pásem. Pohodlné a stylové.;Dlouhé šaty Boho žluté dámské | vmobleceni.cz
221207;Dlouhé boho šaty khaki z viskózy se třpytivou muškou a vázáním na výstřihu. Univerzální střih pro velikosti S–L. Pohodlné a elegantní pro každodenní nošení.;Dlouhé boho šaty khaki s muškou | vmobleceni.cz
221208;Dlouhé boho šaty z viskózy s rozparkem, vel. S–L. Vzdušné, elegantní, vhodné na léto i večer. Objevte módní kousek.;Boho šaty dlouhé s rozparkem | vmobleceni.cz
221209;Dlouhé šaty boho z viskózy s rozparkem, vázáním v dekoltu a všitým páskem. Velikosti S–L. Pohodlný střih pro letní a slavnostní příležitosti.;Dlouhé šaty boho rozparek brzoskwiniowa | vmobleceni.cz
221210;Dlouhé dámské šaty Boho v modré barvě z viskózy se Spandexem, univerzální velikost S–L, se stažením na výstřihu a vnitřním páskem. Najděte svůj styl.;Dlouhé šaty Boho modré S–L | vmobleceni.cz
221665;Dlouhé boho šaty se zeleným rozparkem, 90% viskóza, vázané na výstřihu s талií. Velikosti S–L. Stylové a pohodlné.;Dlouhé boho šaty zelené s rozparkem | vmobleceni.cz
222908;Dlouhé dámské šaty Boho se svázaným výstřihem, černé, z viskózy se spandexem. Univerzální velikost S–L. Pohodlný střih s talií pro všechny příležitosti.;Dámské šaty Boho černé S–L | vmobleceni.cz
222909;Dlouhé šaty Boho z viskózy s rozparkem, vázaný výstřih, všitý pas. Velikosti S–L. Najděte svůj styl na vmobleceni.cz.;Dlouhé šaty Boho s rozparkem malinová | vmobleceni.cz
222913;Dlouhé dámské šaty boho z viskózy s rozparkem, vázáním na výstřihu a vsazeným pasem. Velikosti S–L, tmavě oranžová barva. Pohodlné a stylové.;Dámské šaty boho s rozparkem | vmobleceni.cz
222914;Dlouhé boho šaty s rozparkem v pudrově růžové barvě. Viskóza s elastanem, univerzální velikost S–L. Vzdušné a pohodlné šaty na léto. Objevte módní kolekci.;Boho šaty s rozparkem pudrově růžové | vmobleceni.cz
222915;Dlouhé dámské šaty Boho v neonově žluté barvě, 90% viskóza, velikosti S–L s rozparkem. Pohodlný střih pro každodenní nošení. Vyberte si své oblíbené boho šaty.;Dlouhé dámské šaty Boho žluté S–L | vmobleceni.cz
222916;Dlouhé dámské šaty boho v neonově růžové barvě s rozparkem. Viskózový materiál, univerzální velikost S–L, vázané na výstřihu. Objevte módní styl pro každou příležitost.;Dámské šaty boho růžové s rozparkem | vmobleceni.cz
222917;Dlouhé boho šaty s rozparkem v béžové barvě, viskóza s elastanem, univerzální velikost S–L. Pohodlný střih s vázáním na výstřihu. Objevte je teď.;Boho šaty s rozparkem béžové S–L | vmobleceni.cz
261402;Dlouhé boho šaty s rozparkem a vázáním na výstřih, gumou v pase. Viskóza, univerzální velikost S–L. Objevte módní střih pro každý den.;Dlouhé boho šaty s rozparkem meruňka | vmobleceni.cz
261410;Dlouhé boho šaty se světle růžovou barvou, rozparkem a vázáním na výstřih. Vyrobeny z viskózy, univerzální velikost S–L. Pohodlné a stylové.;Boho šaty s rozparkem světle růžové | vmobleceni.cz
268657;Dlouhé boho šaty s lososovou muškou, rozparkem a gumou v pase. Viskóza, velikosti S–L. Módní střih pro každodenní nošení. Objevte svůj styl.;Boho šaty s lososovou muškou | vmobleceni.cz
132802;Dámská tunika s výstřihem voda, krátký rukáv, neon barva. Viskóza s elastanem, velikost L/XL ONE SIZE. Pohodlný střih pro všechny postavy.;Dámská tunika s vodou krátký rukáv neon | vmobleceni.cz
149315;Letní saténové tílko s vodou, 100% polyester, velikost S/M ONE SIZE. Elegantní vrchní díl pro dámy s lesklým leskem. Objevte kolekci.;Saténové tílko letní dámské S/M | vmobleceni.cz
158649;Dámské baggy tepláky dlouhé, ONE SIZE (S/M), 100% polyester, pas 96–102 cm. Italská móda s pohodlným střihem. Objevte svůj styl.;Dámské baggy tepláky dlouhé ONE SIZE | vmobleceni.cz
193181;Dámské tričko s krátkým rukávem Voyage od Sweetisima v italské módě. Polyesterové, jednoduchý střih vel. S/M ONE SIZE. Pohodlné pro každodenní nošení.;Dámské tričko krátký rukáv Voyage | vmobleceni.cz
207030;Dámské baggy tepláky dlouhé s zipem, polyesterové, pas 90–104 cm, ONE SIZE. Pohodlný střih pro volný čas. Objednejte online.;Dámské baggy tepláky dlouhé zip | vmobleceni.cz
212102;Prodloužená dámská tunika s krátkým rukávem z bavlny se stretchem, univerzální velikost ONE SIZE. Pohodlný střih pro všechny postavy. Objevte kvalitní italskou módu.;Dámská tunika prodloužená krátký rukáv | vmobleceni.cz
212377;Dámské šaty klasik s krátkým rukávem a kapsami, velikost S/M, 100% polyester. Italská móda IMD20025 pro každodenní nošení. Objevte elegantní střih.;Dámské šaty klasik krátký rukáv kapsy S/M | vmobleceni.cz
213528;Sportovní šaty s páskem, letní krátký rukáv, 100% polyester. Velikost M/L ONE SIZE, obvod prsou 108 cm, boky 106 cm. Pohodlný střih pro všední nošení.;Sportovní šaty s páskem letní | vmobleceni.cz
215252;Dámská tunika s krátkým rukávem z viskózy pro velikosti 2XL–3XL (prsa až 120 cm). Pohodlný oversize střih na každodenní nošení. Objednejte si nyní.;Dámská tunika krátký rukáv 2XL/3XL | vmobleceni.cz
216202;Dámské kalhoty aladinky harémky 3/4 z 100% viskózy, pas 70–96 cm, délka 77 cm. Pohodlné letní kalhoty na volný čas v jedné univerzální velikosti. Objevte italskou módu.;Dámské kalhoty aladinky harémky 3/4 | vmobleceni.cz
216203;Dlouhé dámské harémky z italské módy, 100% viskoza, elastický pas 80–110 cm. Pohodlné a vzdušné kalhoty pro každodenní styl. Objednejte online.;Harémky dlouhé dámské M/L | vmobleceni.cz
216204;Dlouhá dámská sukně ze 100% viskózy, velikost XL/2XL ONE SIZE, pas 74cm, délka 100cm. Italská móda s páskem. Objednejte online.;Dlouhá sukně dámská XL/2XL viskóza | vmobleceni.cz
216206;Dlouhé dámské harémky aladinky z 100% polyesteru, pas 76–110 cm, univerzální velikost L/XL. Pohodlné italské kalhoty s elastickým pasem. Objednejte si svůj pár.;Dámské harémky aladinky dlouhé L/XL | vmobleceni.cz
216234;Dámské tričko s krátkým rukávem z italské módy, 100% polyester, velikost S/M ONE SIZE. Pohodlný střih pro prsa i boky 100 cm, délka 68 cm. Objednejte nyní.;Dámské tričko krátký rukáv S/M | vmobleceni.cz
224378;Dámské volnočasové šaty s dlouhým rukávem, 100% polyester, délka 90 cm, prsa 104 cm. Pohodlný střih pro každodenní nošení. Vyberte si svou velikost.;Dámské šaty dlouhý rukáv bavlněné | vmobleceni.cz
245180;Dámské šaty s krátkým rukávem a kapsami z bavlny s elastanem, velikosti L–XXL. Pohodlné na každodenní nošení. Objednejte si klasik, který nikdy nevyjde z módy.;Dámské šaty krátký rukáv s kapsami nadrozměr | vmobleceni.cz
246948;Tenké dlouhé dámské kalhoty ITALSKÁ MÓDA, 100% polyester, velikost M/L ONE SIZE. Pas 80–90 cm, boky 112 cm, délka 95 cm. Pohodlný střih pro každodenní nošení.;Kalhoty tenké dlouhé dámské M/L | vmobleceni.cz
255530;Dlouhá riflová sukně z 100% tenčelu s kapsami a gumou v pase, pas 88–100 cm. Pohodlný střih italské značky. Vyberte si svou velikost.;Dlouhá riflová sukně dámská | vmobleceni.cz
255538;Dámská prodloužená tunika s krátkým rukávem, bavlna s elastanem, velikost M/L ONE SIZE. Pohodlný střih pro każdy den.;Dámská tunika prodloužená | vmobleceni.cz
263600;Dlouhá dámská sukně s kapsami, bavlna s elastanem, pas 90–100 cm, velikost S/M/L. Pohodlná italská móda pro každodenní nošení. Objednejte si nyní.;Dlouhá sukně s kapsami dámská S/M/L | vmobleceni.cz
264039;Dámské šaty klasik s krátkým rukávem, polyesterové, velikost XL/2XL ONE SIZE. Střih pro prsa 110–120 cm, boky 120–130 cm, délka 99 cm. Objevte elegantní italský střih.;Dámské šaty klasik krátký rukáv XL/2XL | vmobleceni.cz
264937;Dámské šaty klasik s krátkým rukávem a kapsami ze 95% bavlny, velikosti S–L a ONE SIZE. Pohodlný střih pro běžný den.;Dámské šaty klasik krátký rukáv s kapsami | vmobleceni.cz
265780;Tenké jarní dámské sako s dlouhým rukávem, elastické polyesterové, velikost S/M. Dokonalé na přechodné počasí. Koupit online.;Dámské sako jarní tenké dlouhý rukáv | vmobleceni.cz
274980;Dámská košilová tunika s dlouhým rukávem z viskózy pro nadrozměr, velikosti L–2XL. Pohodlný střih, elastická látka. Objednejte online.;Dámská tunika košilová nadrozměr L-2XL | vmobleceni.cz
296820;Prodloužená košilová tunika s páskem pro nadrozměrné dámy, velikost 2XL/3XL. Polyesterová, dlouhý rukáv, délka 87–102 cm. Pohodlný střih pro plnější postavu.;Tunika prodloužená košilová nadrozměr 2XL/3XL | vmobleceni.cz
313676;Dámská tunika halenka s kříženým střihem a krátkým rukávem, velikost M/L ONE SIZE. Polyesterová (97%), pružná, ideální pro nadměrné velikosti. Pohodlný střih, délka 68–85 cm.;Dámská tunika halenka křížená | vmobleceni.cz
314345;Dlouhé strečové kalhoty dámské z viskózy s elastanem, velikost S/M one size. Pohodlný střih na pas 70–75 cm s příjemnou elasticitou. Italská kvalita pro každodenní nošení.;Dlouhé strečové kalhoty dámské S/M | vmobleceni.cz
317150;Dámský overal tepláky s laclem z 95% bavlny, velikost S/M ONE SIZE. Pohodlné dlouhé kalhoty s elastanem pro cada den. Italská móda s procházkou v teple.;Dámský overal tepláky lacláče S/M | vmobleceni.cz
318004;Saténové dlouhé šaty na ramínka, velikost S/M, z 100% polyesteru. Elegantní střih pro společenské příležitosti a plesu. Objednejte nyní.;Saténové dlouhé šaty na ramínka S/M | vmobleceni.cz
319448;Elegantní dámské šaty bez rukávu z 100% polyesteru, vel. S/M. Střih pro prsa 94 cm a boky do 130 cm, délka 88 cm. Italská móda s klasickým střihem. Objednejte nyní.;Dámské šaty bez rukávu S/M elegantní | vmobleceni.cz
320533;Dlouhé elegantní dámské kalhoty z 95% polyesteru s elastanem, pas 80–94 cm, boky 110 cm. Pohodlný střih pro각M/L. Objednejte si nyní.;Dlouhé elegantní dámské kalhoty M/L | vmobleceni.cz
321376;Dlouhé maxi šaty z viskózy s krátkým rukávem, one size L–3XL. Letní volnočasový střih od italské značky. Elastické, pohodlné a vzdušné.;Maxi šaty viskóza krátký rukáv L-3XL | vmobleceni.cz
324132;Dlouhý dámský overal na ramínka, bavlna s elastanem, velikost S/M. Ideální na každodenní nošení, včetně crop topu. Objednejte si na vmobleceni.cz.;Dámský overal dlouhý na ramínka S/M | vmobleceni.cz
324223;Dlouhá saténová sukně s květinovým vzorem, pas na gumu, velikost S/M. Materiál: 95% polyester, 5% elastan. Pohodlná a elegantní. Objednejte si ji nyní.;Sukně dlouhá saténová dámská S/M | vmobleceni.cz
324230;Letní dámské tílko z viskózy s elastanem, řasením u výstřihu a rukávů. Velikost ONE SIZE na prsa 100–120 cm. Lehké a vzdušné pro horké dny.;Dámské tílko letní viskóza ONE SIZE | vmobleceni.cz
324545;Dlouhé letní sportovní šaty s krátkým rukávem a stahující funkcí, polyester s elastanem, velikosti M–2XL. Pohodlný střih pro nadrozměr.;Sportovní šaty dlouhé letní stahovací | vmobleceni.cz
325221;Dámská tunika oversize košilová z 95% bavlny s dlouhým rukávem, one size S–3XL. Volná, pohodlná na každodenní nošení. Objevte nyní.;Dámská tunika košilová oversize dlouhý rukáv | vmobleceni.cz
325273;Dlouhá skládaná sukně dámská ONE SIZE, pas 84–92 cm, ideální na večer i volný čas. Italská kvalita se slevou.;Sukně dlouhá skládaná dámská ONE SIZE | vmobleceni.cz
325918;Letní dámské kalhoty s gumou v pase, 95 % polyester, velikosti S–XL. Pohodlný střih pro každodenní nošení, délka 101 cm. Objevte klasiku.;Letní dámské kalhoty S–XL | vmobleceni.cz
337145;Dámské prodloužené sako s dlouhým rukávem, elastické, univerzální velikost. Polyester s elastanem, délka 88 cm. Objevte elegantní střih.;Dámské sako prodloužené dlouhý rukáv | vmobleceni.cz
350634;Dámské tričko s krátkým rukávem z 95 % bavlny, velikost S–L, univerzální střih pro každodenní nošení. Pohodlné a vzdušné.;Dámské tričko krátký rukáv bavlněné S–L | vmobleceni.cz
354289;Dámská šifonová tunika s krátkým rukávem, velikost M/L ONE SIZE. Vzdušný materiál z polyesteru nebo viskózy s elastanem. Ideální na léto – objednejte nyní.;Dámská šifonová tunika krátký rukáv M/L | vmobleceni.cz
358913;Letní šaty s dlouhým rukávem od ITALSKÉ MÓDY, 95% polyester, elastan. Velikost S/M (ONE SIZE). Elegantní střih, pohodlné nošení. Objednejte nyní.;Letní šaty dlouhý rukáv dámské S/M | vmobleceni.cz
360601;Dámská tunika s krátkým rukávem z polyesteru s elastanem, nadrozměr 2XL–4XL. Pohodlný střih přes prsa 144–154 cm, ideální na každodenní nošení. Objevte tuniki, která Vám padne.;Dámská tunika nadrozměr 2XL-4XL krátký rukáv | vmobleceni.cz
360610;Krátká dámská sukně se zabudovanými kraťásky, žabičkováním a elastanem. Pas 70–90 cm, délka 38 cm. Pohodlné jednodílné řešení pro léto. Objednejte nyní.;Sukně s kraťasy krátká dámská S/M | vmobleceni.cz
362271;Tylová středně dlouhá sukně dámská, pas 70–100 cm, délka 84 cm, ONE SIZE. Elegantní střih pro všechny příležitosti. Objednejte online.;Tylová sukně dámská ONE SIZE | vmobleceni.cz
367170;Dámská tunika halenka s krátkým rukávem a uzlem z elastického polyesteru. Velikosti M/L/XL, délka 66 cm. Italská móda pro pohodlné nošení. Objednejte si svou.;Dámská tunika halenka krátký rukáv | vmobleceni.cz
367172;Dlouhé společenské šaty s krátkým rukávem, polyester se spandexem, velikost S/M ONE SIZE. Pohodlný střih pro každou příležitost. Objednejte online.;Dlouhé společenské šaty krátký rukáv S/M | vmobleceni.cz
367200;Dámská tunika s přívěskem, krátký rukáv, polyester s elastanem. Nadrozměry L/XL/2XL, délka 64 cm. Vhodná do práce i každodenně. Objednejte nyní.;Dámská tunika nadrozměr L-2XL | vmobleceni.cz
367255;Dlouhé letní mušelínové kalhoty z bavlny s elastanem, na gumu, velikost S/M ONE SIZE. Ideální pro horké dny. Objevte pohodlné letní kalhoty.;Dlouhé letní mušelínové kalhoty dámské | vmobleceni.cz
368165;Dlouhé letní šaty alá sukně bez rukávu z viskózy, pas 80–98 cm, délka 104 cm. Pohodlné na každodenní nošení. Objevte italskou módu.;Dlouhé letní šaty bez rukávu dámské | vmobleceni.cz
369725;Dlouhá saténová sukně dámská, velikost S/M, pas 70–88 cm, polyester s elastanem. Elegantní střih italské módy pro každodenní nošení.;Dlouhá saténová sukně dámská S/M | vmobleceni.cz
369732;Letní dámské šaty z 95% bavlny s nášivkou, krátký rukáv, velikost 42–46 (ONE SIZE). Pohodlné volnočasové šaty na každodenní nošení. Objednejte si kvalitní italskou módu.;Letní dámské šaty s nášivkou | vmobleceni.cz
369737;Letní krajkové šaty na ramínka pro dámy, velikost S/M, ze 100% viskózy a bavlny. Ideální na každodenní nošení, přes prsa 98–104 cm, délka 93 cm. Objevte pohodlné boho šaty.;Letní krajkové šaty na ramínka dámské S/M | vmobleceni.cz
370110;Mušelínová košile oversize z 100% bavlny, dlouhý rukáv, na knoflíky. Univerzální velikost L/XL/2XL. Pohodlná na každodenní nošení. Objevte ji v našem e-shopu.;Mušelínová košile oversize dámská | vmobleceni.cz
370615;Letní dlouhé dámské kalhoty z 100% polyesteru, velikost S/M/L ONE SIZE, s gumou v pase 70–100 cm. Lehké a pohodlné na každodenní nošení. Objevte italskou módu.;Letní dlouhé dámské kalhoty S/M/L ONE SIZE | vmobleceni.cz
370971;Dlouhé letní šaty s krátkým rukávem a páskem, 95% viskóza. Velikosti S–XL, délka 126 cm. Pohodlné na denní nošení i akce.;Dlouhé letní šaty dámské S–XL | vmobleceni.cz
375381;Krajkové letní šaty boho s krátkým rukávem pro ženy nadrozměru XL–2XL. Viskóza, bavlna a nylon, ideální na léto. Pohodlný střih pro všechny příležitosti.;Letní šaty boho krajkové XL-2XL | vmobleceni.cz
375934;Dlouhé letní kalhoty z 100% lyocelu s gumou v pase, velikost S/M/L ONE SIZE. Pohodlné pro každodenní nošení. Objevte módní letní kalhoty nyní.;Dlouhé letní kalhoty dámské | vmobleceni.cz
380462;Mikinové šaty s dlouhým rukávem pro dámy, jednovelika S/M/L. Pohodlný střih na prsa 92 cm, boky 104 cm, délka 87 cm. Италска móda – objevte komfort.;Mikinové šaty dlouhý rukáv dámské | vmobleceni.cz
380907;Strečové dámské kalhoty dlouhé z viskózy, nylonu a elastanu, velikosti S/M/L ONE SIZE. Pohodlný střih pro pas 80–90 cm, boky 94–100 cm. Nakupte nyní.;Kalhoty strečové dámské S/M/L | vmobleceni.cz
382328;Šaty oversize dlouhý rukáv z 95% bavlny, velikost XL/2XL ONE SIZE. Pohodlný střih pro nadrozměrné postavy, prsa 118 cm, délka 88–98 cm. Objevte italskou módu.;Šaty oversize dlouhý rukáv nadrozměr | vmobleceni.cz
382422;Košilové dlouhé šaty nadrozměr (2XL/3XL) z polyesteru s elastanem. Praktické na každodenní nošení i speciální příležitosti. Objevte správný střih pro vás.;Košilové šaty dlouhý rukáv nadrozměr | vmobleceni.cz
382436;Dámské šaty s dlouhým rukávem z 95% bavlny, velikost S/M. Klasický střih, pohodlné a vzdušné. Objednejte online.;Dámské šaty dlouhý rukáv S/M | vmobleceni.cz
382437;Dámské šaty klasik s dlouhým rukávem, bavlna 5% elastan, velikost S/M ONE SIZE. Pohodlný střih pro běžnéношení. Objednejte na vmobleceni.cz.;Dámské šaty klasik dlouhý rukáv S/M | vmobleceni.cz
390777;Dámské oversize tričko s krátkým rukávem z 95% bavlny, velikost ONE SIZE. Pohodlný střih pro každodenní nošení a do práce. Objevte italskou módu.;Dámské oversize tričko krátký rukáv | vmobleceni.cz
399682;Bavlněné dámské tričko s krátkým rukávem, velikost ONE SIZE (S/M/L), 95% bavlna. Pohodlné na každodenní nošení. Najděte svou velikost.;Dámské tričko krátký rukáv bavlněné | vmobleceni.cz
409422;Dámské dlouhé riflové kalhoty z 100% lyocelu se širokými nohavicemi, pas 70–96 cm, ONE SIZE. Pohodlný střih pro všechny postavy. Objednejte online.;Dámské riflové kalhoty dlouhé ONE SIZE | vmobleceni.cz
409423;Letní elegantní šaty bez rukávu pro dámy nadrozměr XL/2XL, 100% polyester. Prsa 120cm, délka 107cm. Italská móda s pohodlným střihem. Objednejte si nyní.;Šaty letní elegantní nadrozměr XL/2XL | vmobleceni.cz
410000;Dlouhé dámské aladinky z 100 % viskózy, pružný pas, velikosti S–L. Lehké letní kalhoty na každodenní nošení. Objevte pohodlný střih.;Dámské aladinky dlouhé letní | vmobleceni.cz
410003;Dámské tričko s krátkým rukávem, bavlna 95% elastan 5%, velikost S/M ONE SIZE. Pohodlné, prodyšné, italská móda. Objednejte nyní.;Dámské tričko krátký rukáv S/M bavlna | vmobleceni.cz
410031;Dlouhé letní šaty s krátkým rukávem, polyester s elastanem, ONE SIZE (prsa 84–100 cm, délka 136 cm). Pohodlný střih Italské módy. Zjistěte, zda vám padnou.;Dlouhé letní šaty krátký rukáv ONE SIZE | vmobleceni.cz
410035;Dámská tunika KRISTA s krátkým rukávem, nadrozměr 50/52/54, z polyesteru s viskózou. Pohodlný střih pro každodenní nošení i do práce. Objevte italskou módu.;Tunika krátký rukáv dámská nadrozměr KRISTA | vmobleceni.cz
410602;Dámské letní skládané šaty bez rukávu z polyesteru s elastanem, ONE SIZE (S/M). Lehké a vzdušné pro horké dny. Objednejte online.;Dámské letní šaty bez rukávu skládané | vmobleceni.cz
410609;Dámské šaty oversize s krátkým rukávem, nadrozměr 60/62, viskóza s elastanem. Pohodlné na každodenní nošení i do práce. Objevte italskou módu na vmobleceni.cz.;Šaty oversize krátký rukáv nadrozměr 60/62 | vmobleceni.cz
410638;Dámské tílko na ramínka s elastanem, velikost S/M, z italské módy. Příjemný polyesterový materiál, délka 57 cm. Najděte svou velikost.;Dámské tílko na ramínka S/M | vmobleceni.cz
414369;Dámské letní tepláky z mušelínu, 95% bavlna, ONE SIZE (S/M/L). Pas 76–100 cm, pohodlný střih pro teplé dny. Skladem na vmobleceni.cz;Dámské tepláky mušelín letní ONE SIZE | vmobleceni.cz
414390;Dámské baggy kalhoty dlouhé s knoflíky, viskózové (65% viskóza, 30% nylon, 5% elastan), pas 78-92 cm, délka 100 cm. Elegantní střih pro všechny velikosti. Objednejte nyní.;Dámské baggy kalhoty dlouhé s knoflíky | vmobleceni.cz
414395;Dlouhé elegantní dámské šaty s krátkým rukávem, velikost 40/42, polyester s viskózou. Zavazování v pase, délka 135 cm. Objednejte si nyní.;Dlouhé dámské šaty krátký rukáv 40/42 | vmobleceni.cz
414398;Dámské letní kalhoty ELENA oversize z polyesteru s elastanem, volný střih s kapsami, pas 76–108 cm, ideální na každodenní nošení. Italská móda.;Dámské letní kalhoty oversize ELENA | vmobleceni.cz
417394;Dámská košile dlouhý rukáv z bavlny a elastanu, oversize střih ONE SIZE, tunika s 3/4 rukávem na každodenní nošení. Přes prsa 110 cm, délka 72 cm.;Dámská košile dlouhý rukáv oversize | vmobleceni.cz
417410;Dámské oversize kalhoty z italské módy, 100% viskoza, pas 70–100 cm. Pohodlný střih pro všechny postavy. Objednejte online.;Dámské oversize kalhoty viskoza | vmobleceni.cz
419165;Elegantní letní šaty bez rukávu z šifonu, velikost S/M ONE SIZE. Polyesterové šaty s elastanem, délka 126 cm, obvod prsou 80–92 cm. Skladem na vmobleceni.cz.;Letní šifónové šaty bez rukávu S/M | vmobleceni.cz
420472;Letní dámské háremky oversize dlouhé z 95% polyesteru s 5% elastanem. Pohodlné a prodyšné kalhoty v italském stylu pro horké dny, velikosti S/M/L. Objednejte nyní.;Letní háremky dámské dlouhé oversize | vmobleceni.cz
420479;Dlouhé letní šaty na ramínka z viskózy se spandexem, řádkované, pro figuru S/M. Měkký střih, pohodlné nošení. Objednejte si nyní.;Dlouhé letní šaty na ramínka dámské | vmobleceni.cz
420480;Košilové šaty s páskem, krátký rukáv, polyester, velikost 42–46 (ONE SIZE). Vhodné pro nadrozměrné postavy. Pohodlný střih pro každodenní nošení.;Košilové šaty s páskem krátký rukáv | vmobleceni.cz
420483;Dlouhé maxi šaty z viskózy s krátkým rukávem a V výstřihem, volnočasový střih v jedné velikosti (54–58). Ideální na každodenní nošení i k moři.;Dlouhé maxi šaty s krátkým rukávem | vmobleceni.cz
422710;Dlouhá dámská sukně v nadrozměru 46–50, italská móda. Pas 70–100 cm, boky 144 cm, délka 92 cm. Pohodlný střih pro plnoštíhlé ženy. Objednejte online.;Dlouhá sukně dámská nadrozměr 46–50 | vmobleceni.cz
422723;Oversize letní kraťasy z polyesteru s elastanem, guma v pase, pas 70–120 cm, délka 40 cm. Pro dámy S–L a nadrozměr. Pohodlné a vzdušné.;Oversize letní kraťasy dámské nadrozměr | vmobleceni.cz
425255;Letní zavinovací kalhoty dámské GINIE oversize, polyester-elastan, pas 76–108 cm, délka 100 cm. Pohodlný střih pro různé postavy. Objednejte nyní.;Dámské letní oversize kalhoty zavinovací | vmobleceni.cz
430158;Letní dámské kalhoty dlouhé s italským střihem, háremky z 95% polyesteru a 5% elastanu. Vzdušné, prodyšné, velikosti S–L. Pohodlí na horké dny.;Letní dámské kalhoty dlouhé háremky | vmobleceni.cz
430929;Dámský svetr s dlouhým rukávem v oversize střihu, módal a bavlna, pro objem prsou 86–100 cm. Měkký úplet, italská kvalita. Najděte svou velikost.;Dámský svetr oversize dlouhý rukáv | vmobleceni.cz
430993;Volnočasové dámské šaty nadrozměr s páskem a 3/4 rukávem, ONE SIZE (44/46). Prsa 104 cm, boky 128 cm. Pohodlný střih na jarní dny.;Dámské šaty nadrozměr s páskem 3/4 rukáv | vmobleceni.cz
433843;Dámský nadrozměrný kabát na knoflíky s kapucí, dlouhý rukáv, velikosti 54/56/58. Ideální pro jaro a podzim. Objednejte si teď.;Dámský nadrozměrný kabát s kapucí | vmobleceni.cz
435126;Zimní dámská bunda s kapucí a zipem, 100% polyester, velikosti 54–58 (ONE SIZE). Teplá a praktická na každodenní nošení. Objevte nadrozměrné bundy.;Zimní bunda dámská nadrozměr 54-58 | vmobleceni.cz
435132;Dámské sako s vycpávky, dlouhý rukáv, nadrozměr 42–46 (ONE SIZE). Prsa 104 cm, délka 73 cm. Italská móda pro plnoštíhlé postavy. Objednejte nyní.;Dámské sako nadrozměr 42-46 | vmobleceni.cz
435759;Dámské 3/4 kalhoty z bavlny s elastanem, guma v pase a páskem. Velikosti S/M/L ONE SIZE. Pohodlný střih italské módy pro všední nošení.;Dámské plátěné kalhoty s páskem | vmobleceni.cz
443726;Elegantní dámské tepláky s páskem, viskóza a elastan, pas 80–104 cm, velikosti S/M/L ONE SIZE. Pohodlné a stylové pro každodenní nošení. Objednejte online.;Tepláky elegantní dámské s páskem S/M/L | vmobleceni.cz
443728;Elegantní dámské sako s dlouhým rukávem, 95% polyester, velikosti 48–52. Ideální do práce i na každodenní nošení. Objevte nadrozměrné sako italské módy.;Dámské sako dlouhý rukáv nadrozměr 48–52 | vmobleceni.cz
445840;Elegantní dámské kalhoty 3/4 délky s páskem, bavlna a elastane, pas 70–96 cm, velikosti 40–44. Pohodlné a strečové pro nadrozměr.;Elegantní kalhoty 3/4 dámské nadrozměr | vmobleceni.cz
445847;Elegantní oversize kalhoty z italské módy, polyester s elastanem, pas 76–90 cm, velikosti 40–44. Pohodlný střih pro všechny postavy. Objednejte nyní.;Kalhoty elegantní oversize dámské nadrozměr | vmobleceni.cz
446432;Elegantní letní šaty s dlouhým rukávem, polyester/elastan, velikost S/M ONE SIZE (92–98 cm přes prsa, 128 cm délka). Vhodné do práce i na speciální příležitosti. Objevte stylový kousek.;Letní šaty dlouhý rukáv dámské S/M | vmobleceni.cz
447308;Dámské letní šaty oversize z viskózy s elastanem, krátký rukáv, kapsy, velikosti XS–M. Pohodlný střih pro všechny příležitosti. Objednejte si své oblíbené šaty.;Letní šaty dámské oversize krátké | vmobleceni.cz
447383;Elegantní dámská souprava: tričko bez rukávu a dlouhé kalhoty z polyesteru, viskózy a elastanu. Velikosti XS–M. Italská móda pro zvýšení stylu.;Dámská souprava tričko a kalhoty | vmobleceni.cz
447396;Elegantní dámské kalhoty s páskem, bavlna-polyamid, pas 80–98 cm, boky 98–116 cm. Italská móda XS–M. Pohodlný střih pro každodenní nošení.;Kalhoty elegantní dámské s páskem | vmobleceni.cz
447399;Dámské letní kalhoty oversize z viscosy, bavlny a lnu, velikosti 40–44 (ONE SIZE). Pas 80–110 cm, pohodlný střih pro nadrozměr. Italská móda.;Kalhoty oversize letní dámské nadrozměr | vmobleceni.cz
447400;Dlouhé dámské šaty s krátkým rukávem, bavlna s elastanem, velikosti 42–46, volnočasový střih. Pohodlné letní šaty pro nadrozměr s žebrovaným vrškem. Objednejte si | vmobleceni.cz;Dlouhé šaty krátký rukáv nadrozměr 42-46 | vmobleceni.cz
447401;Dlouhé dámské šaty s krátkým rukávem z 95% bavlny, velikosti XS–M, elastický žebrovaný top a splývavá sukně. Pohodlné pro každodenní nošení. Objednejte teď.;Dlouhé šaty krátký rukáv dámské XS–M | vmobleceni.cz
447402;Dámské košilové šaty s 3/4 rukávem z 100% viskózy, velikosti XS–M. Lehké, vzdušné a pohodlné na nošení. Objednejte online.;Dámské košilové šaty 3/4 rukáv | vmobleceni.cz
447405;Dámské košilové šaty z 100% bavlny s 3/4 rukávem, velikost XS–M. Volný střih, délka 96 cm. Ideální na jarní a letní dny. Koupit nyní.;Košilové šaty 3/4 rukáv bavlna | vmobleceni.cz
447406;Letní krátké šaty z italské módy s krátkým rukávem, 95% bavlna, elastan. Velikosti XS–M, One Size. Pohodlné na teplé dny.;Letní šaty krátké s krátkým rukávem | vmobleceni.cz
447412;Bavlněné dámské tričko s krátkým rukávem, 95 % bavlna, ONE SIZE. Pohodlné na každodenní nošení, pružné a prodyšné. Vyberte si své favorite.;Dámské tričko krátký rukáv bavlna | vmobleceni.cz
447413;Dámské tričko s krátkým rukávem ze 100% bavlny, velikost XS–M. Jednoduché, pohodlné, ideální pro každodenní nošení. Objevte své nové oblíbené tričko.;Dámské tričko krátký rukáv 100% bavlna | vmobleceni.cz
447441;Dlouhá elegantní sukně SOFIA s páskem, 95 % polyester, pas 70–86 cm, ideální na práci i společenské příležitosti. Objednejte si módní dámskou sukni.;Dlouhá sukně dámská s páskem SOFIA | vmobleceni.cz
448224;Letní dámské kalhoty z 100% viskózy, velikosti XS–M, pas 70–100 cm. Vzdušné, měkké a pohodlné pro léto. Objednejte online.;Letní dámské kalhoty viskóza XS-M | vmobleceni.cz
448225;Dlouhé elegantní šaty Luka s krátkým rukávem a páskem, 95 % polyester. Košilový střih pro každodenní nošení, velikosti M/L/XL. Objevte pohodlné letní šaty na vmobleceni.cz.;Dlouhé šaty s páskem krátký rukáv | vmobleceni.cz
448235;Košilové šaty s páskem, krátký rukáv, 100% polyester, velikosti XS–M. Pohodlný střih pro každodenní nošení. Objednejte online.;Košilové šaty s páskem krátký rukáv | vmobleceni.cz
448238;Dlouhé elegantní letní šaty s krátkým rukávem, 100% polyester, velikosti XS–M, pas 72–100 cm. Ideální pro vyzývavé příležitosti. Objednejte si nyní.;Dlouhé elegantní šaty krátký rukáv | vmobleceni.cz
448253;Dlouhé letní kalhoty pro dámy nadrozměr 54–58, viskóza s elastanem, pás na gumu. Pohodlné každodenní kalhoty do práce i k moři. Objednejte online.;Letní dámské kalhoty nadrozměr 54–58 | vmobleceni.cz
448257;Letní dámské kalhoty AURORA z viskózy s gumou v pase, ONE SIZE (74–108 cm). Италská móda IMD25116. Pohodlné a vzdušné na léto.;Letní kalhoty dámské AURORA ONE SIZE | vmobleceni.cz
448581;Dámská halenka krátký rukáv z italské módy, 95 % viskoza, elastan. Vel. S–L ONE SIZE, délka 70 cm. Vzdušná a pružná halenka pro letní styl.;Halenka krátký rukáv dámská ITALSKÁ MÓDA | vmobleceni.cz
448583;Dámské letní kalhoty z viskózy, velikosti S–L. Vzdušné, měkké a stylové pro horké dny. Najděte svůj размер.;Dámské letní kalhoty viskóza | vmobleceni.cz
448619;Dlouhé letní kalhoty aladinky harémky z 100% viskózy, ONE SIZE (M/L/XL), pas 78–116 cm. Italská móda ALAMA pro pohodlné letní dny. Objednejte si今!;Dámské letní kalhoty aladinky harémky ALAMA | vmobleceni.cz
450936;Tenký dámský svetr na knoflíky s dlouhými rukávy, vel. 42–46 (ONE SIZE). Pohodlný střih z modalu, bavlny a viskózy. Ideální pro nadrozměr.;Svetr tenký dámský nadrozměr 42-46 | vmobleceni.cz
450939;Maxi šaty s krátkým rukávem z viskózy pro nadrozměr, velikosti 44–48. Skládaný střih, délka 128 cm, ideální na práci i vycházky. Pohodlné letní šaty.;Maxi šaty krátký rukáv nadrozměr 44-48 | vmobleceni.cz
450944;Mušelínová košile HANNAH s dlouhým rukávem, oversize střih, 95% bavlna, nadrozměr ONE SIZE. Ideální na každodenní nošení i k moři. Pohodlná a vzdušná.;Košile mušelín dlouhý rukáv nadrozměr | vmobleceni.cz
450945;Prodloužená dámská košile RAMONA s dlouhým rukávem, velikost 50/52/54, polyester/elastan. Ideální na každodenní nošení, délka 105 cm. Oblékněte si kvalitu.;Prodloužená košile dámská nadrozměr RAMONA | vmobleceni.cz
450957;Tunika košilová mušelín, bavlna s elastanem, 3/4 rukáv, délka 103–107 cm, nadrozměr 52–56. Pohodlný střih pro plnější postavu. Objevte kvalitní italskou módu.;Tunika košilová nadrozměr 52–56 | vmobleceni.cz
450958;Mušelínové kraťasy HANNAH z 100% bavlny, velikost S/M/L ONE SIZE, ideální na letní dny. Pohodlné s gumou v pase (68-102 cm). Objevte letní kolekci.;Mušelínové kraťasy dámské HANNAH | vmobleceni.cz
450959;Dlouhé letní dámské kalhoty na gumu, viskoza a polyester, ONE SIZE S/M/L. Pohodlné na každodenní nošení i do práce. Italská móda.;Dámské letní kalhoty ONE SIZE | vmobleceni.cz
452261;Elegantní dlouhé letní šaty s krátkým rukávem z viskozy, polyamidu a elastanu, velikost S/M/L ONE SIZE. Pohodlné na každodenní nošení i speciální příležitosti. Objevte je teď.;Dlouhé letní šaty dámské krátký rukáv | vmobleceni.cz
452698;Dlouhé letní dámské kalhoty s plisováním a širokými nohavicemi, 100% polyester, velikost ONE SIZE (S/M/L). Lehké a vzdušné pro léto. Objednejte na vmobleceni.cz.;Dlouhé letní kalhoty dámské ONE SIZE | vmobleceni.cz
452728;Dlouhé letní šaty ZUZA s krátkým rukávem, viskóza s elastanem, skládaný střih, velikost S/M/L. Pohodlné na každodenní nošení i akce.;Dlouhé letní šaty s krátkým rukávem | vmobleceni.cz
452729;Letní dámské šaty se skládaným střihem, krátkým rukávem a gumou v pase. Viskozová směs, velikosti S–L. Pohodlné na každodenní nošení i společenské příležitosti.;Letní šaty skládané krátký rukáv dámské | vmobleceni.cz
452787;Letní dámské kalhoty nadrozměr 44/46, elastické v pase, polyester s elastanem. Ideální pro ženy s větší postavou. Objednejte online.;Kalhoty letní dámské nadrozměr 44/46 | vmobleceni.cz
452800;Krátké letní šaty s volánkovými rukávy, pas na gumě 60–90 cm, délka 94 cm. Viskoza, polyamid, elastan. Velikost ONE SIZE. Pohodlné a prodyšné.;Krátké letní šaty dámské s volány | vmobleceni.cz
452923;Elegantní letní šaty s krátkým rukávem z viskózy, polyamidu a elastanu, velikost S/M/L. Ideální do práce i na společenské akce. Objednejte nyní.;Letní šaty dámské krátký rukáv S/M/L | vmobleceni.cz
454296;Letní šaty s krátkým rukávem pro nadrozměr, velikosti 42–46, pružný pas, polyester se strečem. Pohodlné na každodenní nošení i do práce. Objevte italskou módu.;Šaty krátké letní nadrozměr 42-46 | vmobleceni.cz
454298;Dlouhé letní šaty bez rukávu RICKY z italské módy: viskoza s elastanem, velikost M/L/XL, na ramínka. Ideální na každodenní nošení, do práce i k moři. Objednejte nyní.;Dlouhé letní šaty bez rukávu dámské | vmobleceni.cz
460713;Dámský beránkový kabát s dlouhými rukávy, nadrozměr 54–58 (ONE SIZE). Prsa 152 cm, délka 100 cm. Objevte pohodlný kabát pro plnoštíhlé ženy. Vyberte si nyní.;Dámský beránkový kabát nadrozměr 54–58 | vmobleceni.cz
460714;Dámský beránkový kabát s kapucí, délka 109 cm, polyester, velikost 54–58. Volnočasový střih vhodný na každodenní nošení. Objevte perfektní nadrozměrný kabát.;Dámský beránkový kabát s kapucí nadrozměr | vmobleceni.cz
461665;Dámské kalhoty máslové s páskem, viskózové, velikost S/M/L, pohodlný střih pro práci i volný čas. Pružný materiál s elastanem. Objednejte na vmobleceni.cz.;Dámské kalhoty máslové s páskem S/M/L | vmobleceni.cz
461691;Dámský flaušový kabát s beránkovým vzorem, dlouhý rukáv, na knoflíky. Polyester s elastanem, velikost M/L/XL ONE SIZE. Ideální na každodenní nošení. Objednejte nyní.;Dámský flaušový kabát beránkový dlouhý rukáv | vmobleceni.cz
462060;Flaušový dámský kabát v nadrozměru 54–58, dlouhý rukáv, 100 % polyester. Elegantní střih pro plnější postavu. Objednejte online.;Dámský flaušový kabát nadrozměr 54–58 | vmobleceni.cz
462061;Dlouhý dámský zimní kabát na knoflík, nadrozměr 44–48, polyester s elastanem. Přes 110 cm na prsou, teplý střih pro plné tvary. Objednejte online.;Dámský zimní kabát nadrozměr 44-48 | vmobleceni.cz
462063;Teplá dámská mikina nadrozměr 50–54, prodloužený střih, polyester s elastanem. Ideální pro pohodlné zimní dny. Objednejte si nyní.;Mikina dámská teplá nadrozměr 50–54 | vmobleceni.cz
462065;Dámský cardigan pletený z 100% akrylu, ONE SIZE na nadrozměr (48–52), délka 122 cm. Teplý a pohodlný bez限制. Vyberte si svůj.;Dámský cardigan nadrozměr 48-52 | vmobleceni.cz
462098;Dlouhý dámský beránkový kabát s kapucí v nadrozměru (50–54, ONE SIZE). Polyesterový materiál s elastanem, prsní šířka 130 cm. Elegantní střih pro ženy ve větších velikostech.;Dámský beránkový kabát s kapucí nadrozměr | vmobleceni.cz
462101;Flaušový dámský kabát pro nadrozměr, velikosti 54–58 ONE SIZE. Teplý, na knoflíky, 80 % polyester. Ideální na každodenní nošení.;Kabát flaušový dámský nadrozměr 54-58 | vmobleceni.cz
462248;Dámský kabátek oversize s dlouhým rukávem, 100% polyester, velikosti S/M/L. Bomber se širokým límcem a elastickým pasem. Pohodlný střih pro všechny příležitosti.;Kabátek oversize dámský dlouhý rukáv | vmobleceni.cz
464930;Elegantní teplé dámské kalhoty s páskem, polyester-viskóza, ONE SIZE (pas 76–104 cm). Volný střih pro každodenní nošení i práci. Objednejte.;Kalhoty elegantní teplé dámské ONE SIZE | vmobleceni.cz
466273;Elegantní krajková tunika s dlouhým rukávem pro dámy, vel. S/M/L ONE SIZE. Polyester s elastanem, ideální do práce i na akce. Objevte na vmobleceni.cz;Tunika krajková elegantní dlouhý rukáv | vmobleceni.cz
469661;Elegantní dlouhé tepláky s gumou v pase, kapsami a oversize střihem. Viskóza, polyester, elastan. Velikost S/M/L ONE SIZE. Pohodlné na každodenní nošení.;Elegantní tepláky dámské oversize dlouhé | vmobleceni.cz
469917;Elegantní dámská halenka s přívěskem, 3/4 rukáv, nadrozměr 48–52, polyester s elastanem. Ideální do práce i na akce. Podšívka, volné rukávy.;Halenka elegantní 3/4 rukáv nadrozměr | vmobleceni.cz
469919;Šusťáková bunda s kapucí pro ženy v nadrozměru 50–54, polyesterová, délka 66–72 cm. Ideální na jaro a podzim. Objevte pohodlnou fit.;Šusťáková bunda dámská nadrozměr 50-54 | vmobleceni.cz
469920;Letní šaty španělského stylu z 100% viskózy, krátký rukáv, kapsy, velikost 50–54 (ONE SIZE). Pohodlné každodenní šaty pro nadrozměrné postavy.;Šaty letní nadrozměrné XXL krátký rukáv | vmobleceni.cz
469921;Letní dámské šaty oversize z bavlny s elastanem, velikosti 50–54, krátký rukáv. Pohodlný střih pro nadrozměr. Objednejte online.;Letní šaty oversize dámské 50-54 | vmobleceni.cz
469922;Dámská tunika 3/4 rukáv z viscózy, bavlny a lnu. Volný střih, velikost S–L. Ideální pro každodenní nošení. Objevte kvalitní italskou módu.;Tunika dámská 3/4 rukáv S-L | vmobleceni.cz
470260;Elegantní dámské sako SIMONA s 3/4 rukávy, polyester s elastanem, velikost S/M/L ONE SIZE. Ideální do práce i na akce. Objednejte nyní.;Dámské sako 3/4 rukáv SIMONA | vmobleceni.cz
470261;Krajková tunika s krátkým rukávem pro ženy velikosti 54–58, 100% bavlna. Délka 80 cm, pohodlný střih na prsa 170 cm. Objevte kolekci nadrozměrného oblečení.;Tunika krajková krátký rukáv 54–58 | vmobleceni.cz
470262;Krajková tunika s krátkým rukávem pro ženy v nadrozměru (52–56). 95% viskoza s elastanem, délka 75 cm. Pohodlný střih pro plnoštíhlé figury.;Tunika krajková krátký rukáv nadrozměr 52-56 | vmobleceni.cz
470263;Krajková tunika 3/4 rukáv, 100% viskoza, nadrozměr 50–54, prsa 120–136 cm. Elegantní střih pro plnoštíhlé ženy. Objevte ji.;Tunika krajková 3/4 rukáv nadrozměr | vmobleceni.cz
470264;Košilové šaty s páskem, krátký rukáv, nadrozměr 44–48, polyester. Volný střih pro pohodlí. Objednejte online.;Šaty košilové krátký rukáv nadrozměr | vmobleceni.cz
470265;Krátká skládaná dámská sukně LUCY s gumou v pase, polyester s elastanem, pas 66–92 cm, délka 39,5 cm. Pohodlná na každodenní nošení i do práce. Objednejte online.;Sukně krátká skládaná dámská LUCY | vmobleceni.cz
470266;Letní dámské šaty s kapsami, krátký rukáv, bavlna s elastanem. Nadrozměr 48–52, ONE SIZE. Pohodlný střih pro plážu i volný čas. Objednejte nyní.;Šaty letní s kapsami nadrozměr 48–52 | vmobleceni.cz
470267;Dámské riflové kalhoty 3/4 z italské módy, vysoký pas s knoflíkem, volný střih, elastické zakončení. Velikosti S–L. Bavlna, polyester, viskóza.;Dámské riflové kalhoty 3/4 | vmobleceni.cz
470268;Letní dámské šaty s 3/4 rukávem, viskóza, nylon, elastan. Volný střih na prsa 100–112 cm, délka 118 cm. Pohodlné a vzdušné pro léto.;Šaty letní 3/4 rukáv dámské | vmobleceni.cz
470269;Máslové dlouhé letní kalhoty dámské z viskózy, polyesteru a elastanu, velikosti M–XL. Elegantní střih pro každodenní nošení, do práce i na procházku. Pohodlné a vzdušné.;Dámské letní kalhoty máslové M–XL | vmobleceni.cz
470270;Krátké letní šaty dámské s krátkým rukávem, viskózové, velikosti S–L. Pohodlný střih na prsa 100–110 cm, délka 90 cm. Italská móda.;Krátké letní šaty dámské S–L | vmobleceni.cz
470271;Dámské tričko krátký rukáv z viskózy, nadrozměr 46–50,OneSize, pružné a měkké. Pohodlné na den i večer. Objevte kolekci XXL oblečení.;Dámské tričko krátký rukáv nadrozměr 46-50 | vmobleceni.cz
470272;Dámská prodloužená košile s 3/4 rukávem, bavlna s elastanem, velikosti 44–48 (ONE SIZE). Pohodlný střih pro nadrozměr. Italská móda.;Dámská prodloužená košile 3/4 rukáv XXL | vmobleceni.cz
470273;Mušelínová košile s 3/4 rukávem pro ženy XXL+, nadrozměr 46–50, bavlna s elastanem. Prodloužený střih, pohodlná a vzdušná.;Prodloužená mušelínová košile 3/4 XXL+ | vmobleceni.cz
470503;Dámské tričko s krajkovým přívěskem, krátký rukáv, 95% viskoza, nadrozměr 54–58 ONE SIZE. Pohodlný střih pro plnoštíhlé. Objednejte si dnes.;Dámské tričko krátký rukáv nadrozměr | vmobleceni.cz
470504;Dámské tričko s přívěskem, krátký rukáv, nadrozměr 46–50 ONE SIZE. Polyester, viskoza, elastan. Prsa 100–130 cm, boky 116–144 cm. Pohodlný střih pro plnější postavy.;Dámské tričko krátký rukáv nadrozměr 46-50 | vmobleceni.cz
470505;Letní šaty s krátkým rukávem pro nadrozměr, velikosti 42–46 ONE SIZE. Viskóza, polyamid, elastan. Volný střih, skládaný design. Pohodlné a vzdušné.;Letní šaty nadrozměr krátký rukáv | vmobleceni.cz
470506;Dámské volnočasové kalhoty KEYSY na gumu, viskóza a elastan, velikost ONE SIZE (pas 72–104 cm). S kapsami, ideální na každodenní nošení. Pohodlný střih italské módy.;Dámské volnočasové kalhoty KEYSY ONE SIZE | vmobleceni.cz
470507;Dámské riflové kalhoty VERONA s páskem, bavlna/polyester/viskoza, pas 72–106 cm. Volnočasové kalhoty na každodenní nošení i do práce. Objevte pohodlný střih.;Dámské riflové kalhoty s páskem VERONA | vmobleceni.cz
470508;Elegantní dámské tričko bez rukávu z polyesteru s elastanem, velikosti S–L. Ramenní vycpávky, ideální na každodenní nošení a do práce. Objednejte si kvalitní top s italským designem.;Dámské tričko bez rukávu elegantní | vmobleceni.cz
470509;Letní šaty carmen s páskem z italské módy, viskóza s elastanem, velikosti S/M/L. Pohodlný střih přes prsa s regulovatelným páskem. Objednejte online.;Šaty letní carmen s páskem dámské | vmobleceni.cz
470510;Dámské tričko s krátkým rukávem z 100% viskózy, nadrozměr 44–48 ONE SIZE. Pohodlný střih pro prsa 96–130 cm, délka 70 cm. Italská móda IMD26031 – najděte svou velikost.;Dámské tričko krátký rukáv nadrozměr | vmobleceni.cz
470511;Dlouhá dámská sukně s elastickým páskem, polyester s elastanem, pas 70–104 cm. Elegantní střih na každodenní nošení i pracovní akce. Najděte svou velikost.;Dlouhá sukně dámská s páskem | vmobleceni.cz
470513;Dlouhá dámská sukně MAJA z 95% viskózy s gumou v pase, kapsami a délkou 97 cm. Univerzální velikost S–L. Ideální na každodenní nošení i speciální příležitosti.;Dlouhá dámská sukně MAJA S–L | vmobleceni.cz
470514;Letní skládané šaty s krátkým rukávem pro ženy, nadrozměr 46–50, ONE SIZE. Materiál: 50 % polyester, 45 % viskoza, 5 % elastan. Pohodlný střih pro teplé dny.;Letní skládané šaty nadrozměr 46–50 | vmobleceni.cz
470515;Prodloužená bavlněná košile s 3/4 rukávem pro ženy velikosti 54–58. Mušelín, prsa 144 cm, boky 150 cm. Italská móda s pohodlným střihem. Objednejte nyní.;Košile prodloužená mušelín nadrozměr 54-58 | vmobleceni.cz
470516;Dámské tričko NELA s krátkým rukávem z 95% bavlny s elastanem, velikost S/M/L. Pohodlný střih pro každodenní nošení, do práce i pod bundu. Objevte italskou módu.;Dámské tričko krátký rukáv NELA | vmobleceni.cz
470517;Dámská středně dlouhá sukně s páskem v nadrozměru (44–48), z viskozy s elastanem. Pas 76–110 cm, délka 70 cm. Pohodlný střih pro každou postavu. Objevte italskou módu.;Sukně nadrozměr 44-48 s páskem dámská | vmobleceni.cz
470518;Dámská halenka dlouhý rukáv z 95% viskózy v One Size (S/M/L). Italská móda, délka 62cm, pružný střih. Pohodlné na nošení.;Halenka dlouhý rukáv dámská One Size | vmobleceni.cz
470519;Dámské tričko s krátkým rukávem v nadrozměru 48–52, ONE SIZE. Směs polyesteru, viskózy a elastanu pro pohodlné nošení. Objednejte nyní.;Dámské tričko krátký rukáv nadrozměr 48–52 | vmobleceni.cz
470546;Dámský cardigan JANET s 3/4 rukávem ze směsi viskózy, polyesteru a elastanu. Volnočasový a elegantní střih, univerzální ONE SIZE do velikosti XL, délka 80 cm. Italská kvalita pro každodenní nošení i práci.;Dámský cardigan JANET 3/4 rukáv ONE SIZE | vmobleceni.cz
470547;Dámská košile klasik s krátkým rukávem, nadrozměr 46–50, polyester s elastanem. Pohodlný střih pro plnoštíhlé postavy. Objednejte online.;Dámská košile klasik krátký rukáv nadrozměr | vmobleceni.cz
88907;Lehké letní dámské tílko z viskózy s elastanem, velikosti S–L ONE SIZE. Příjemný střih pro teplé dny. Objevte kolekci italské módy na vmobleceni.cz.;Dámské letní tílko viskóza S–L | vmobleceni.cz
133159;Letní dámské šaty s krátkým rukávem ze 95% bavlny s kapsami. Klasický střih, velikost S/M ONE SIZE. Pohodlné a vzdušné pro léto.;Dámské šaty letní bavlněné s kapsami | vmobleceni.cz
191228;Tenké jarní dámské sako s dlouhým rukávem, velikost M/L ONE SIZE. Polyesterové s elastanem, ideální na přechodné období. Objednejte teď.;Dámské sako jarní tenké dlouhý rukáv | vmobleceni.cz
203537;Tunika oversize z bavlny s elastanem, krátký rukáv, kapsy a řetízek. Nadrozměr 3XL/4XL, přes prsa 138–144 cm. Pohodlné každodenní oblečení.;Tunika oversize nadrozměr 3XL/4XL | vmobleceni.cz
312795;Dámské oversize tričko s krátkým rukávem z 95% bavlny, velikost XL/2XL ONE SIZE. Pohodlný střih italské módy pro všechny postavy. Objednejte si nyní.;Dámské oversize tričko krátký rukáv | vmobleceni.cz
315144;Dámské oversize tričko s krátkým rukávem z 95% bavlny, velikost XL/2XL. Pohodlný střih pro každodenní nošení. Objednejte si nyní.;Dámské oversize tričko krátký rukáv XL/2XL | vmobleceni.cz
323132;Letní šaty oversize z viskózy s krátkým rukávem pro nadrozměr XL–3XL. Includes kabelka. Pohodlný střih na každodenní nošení.;Letní šaty oversize nadrozměr XL–3XL | vmobleceni.cz
329517;Dámská tunika s řetízkem a krátkým rukávem v nadrozměru 3XL/4XL. Pohodlný střih z viskózy a polyesteru se 5% elastanem. Najděte svoji velikost.;Dámská tunika krátký rukáv 3XL/4XL | vmobleceni.cz
333891;Prodloužená dámská tunika košilová s páskem, 3/4 rukáv, 100 % polyester. Velikosti 50/52/54 ONE SIZE. Ideální na každodenní nošení i do práce. Objednejte online.;Tunika košilová prodloužená s páskem | vmobleceni.cz
355879;Strečové kalhoty dámské nadrozměr XL/2XL s gumou, viskoza/nylon/elastan. Pohodlné na každodenní nošení, pas 106–120 cm. Najděte svou velikost.;Kalhoty strečové dámské nadrozměr XL/2XL | vmobleceni.cz
355884;Košilové šaty s 3/4 rukávem a knoflíky, polyester s elastanem, velikosti S–XL. Pohodlný střih pro každodenní nošení. Objevte v naší kolekci.;Košilové šaty 3/4 rukáv dámské | vmobleceni.cz
358199;Dámské tričko s krátkým rukávem, nadrozměr 2XL–4XL, 95 % bavlna s elastanem. Pohodlné na každodenní nošení, přes prsa 140–150 cm. Objednejte online.;Dámské tričko nadrozměr 2XL–4XL | vmobleceni.cz
358317;Dámské tričko z viskózy s krátkým rukávem, nadrozměr 2XL/3XL. Měkký materiál (95 % viskóza, 5 % elastan), ideální na každodenní nošení. Objednejte si své velikosti.;Dámské tričko viskóza nadrozměr 2XL/3XL | vmobleceni.cz
371565;Dámská tunika s krátkým rukávem z 95% bavlny, nadrozměr 2XL–4XL. Pohodlný střih pro každodenní nošení, přes prsa 142–154 cm. Objednejte si svou velikost;Tunika krátký rukáv dámská nadrozměr 2XL-4XL | vmobleceni.cz
403573;Dámské sako s 3/4 rukávem, polyester s elastanem, velikosti XL–3XL. Univerzální střih na každodenní nošení i do práce. Objevte elegantní italský design.;Dámské sako 3/4 rukáv XL–3XL | vmobleceni.cz
407722;Dámská tunika s krátkým rukávem, 100 % polyester, velikosti 42–46 ONE SIZE. Ideální na každodenní nošení i do práce. Objevte nadrozměrné dámské oblečení.;Tunika krátký rukáv dámská nadrozměr | vmobleceni.cz
410861;Dámské letní kalhoty se širokými nohavicemi, zavazovací páska, pas 76-92 cm, délka 102 cm. Polyester s elastanem. Pohodlný střih pro léto.;Dámské kalhoty dlouhé letní | vmobleceni.cz
410865;Dlouhé dámské kalhoty s širokými nohavicemi, 100% polyester, pas 76–100 cm, délka 107 cm. Ideální na léto. Objednejte nyní.;Dlouhé dámské kalhoty | vmobleceni.cz
412127;Dámské elegantní oversize kalhoty s páskem, polyester s elastanem, pas 70–92 cm, ONE SIZE. Na práci i volný čas. Objednejte nyní.;Dámské elegantní oversize kalhoty s páskem | vmobleceni.cz
412828;Dlouhé strečové kalhoty dámské ITALSKÁ MÓDA, 100% polyester, pas 82-88 cm, délka 95 cm. Pohodlné a elastické pro každodenní nošení. Objednejte teď.;Dámské strečové kalhoty dlouhé | vmobleceni.cz
412830;Strečové dámské kalhoty dlouhé z polyesteru, velikost L/XL ONE SIZE. Pas 92–122 cm, délka 98 cm. Pohodlné a elastické pro všechny postavy.;Dámské strečové kalhoty dlouhé L/XL | vmobleceni.cz
412835;Dámská tunika s krátkým rukávem, volnější střih, velikost 42–46, materiál 95 % polyester. Ideální na každodenní nošení s možností zavázání v pase. Objednejte si nyní.;Dámská tunika krátký rukáv 42-46 | vmobleceni.cz
413412;Dlouhé dámské sako italské módy, bavlněné, velikosti S–L. Prodloužený střih zvýrazní postavu, ramenní vycpávky, elegantní design. Objevte váš nový kousek.;Dámské sako dlouhý rukáv | vmobleceni.cz
413637;Letní dámské kalhoty dlouhé, volný střih, guma v pase, kapsy. Polyester s elastanem, pas 76–90 cm, délka 96 cm. Pohodlné na léto.;Letní dlouhé dámské kalhoty | vmobleceni.cz
420989;Dlouhé letní háremky z polyesteru s elastanem, univerzální velikost S–XL, pas na gumě 70–110 cm. Pohodlné kalhoty na každodenní nošení i k moři. Objevte letní kolekci.;Dlouhé letní háremky dámské S–XL | vmobleceni.cz
445739;Elegantní dámské kalhoty s páskem, polyester a elastan, kapsy, velikost S/M/L ONE SIZE. Ideální na práci i volný čas. Objednejte nyní na vmobleceni.cz;Dámské elegantní kalhoty s páskem | vmobleceni.cz
445754;Strečové kalhoty dámské z viskózy s elastanem, velikost M–XL one size, guma v pase, ideální na každodenní nošení i do práce. Pohodlný střih pro všechny figuríny.;Strečové kalhoty dámské M–XL | vmobleceni.cz
447559;Elegantní dámské kalhoty s páskem, viskóza a elastan, velikosti 38–42 ONE SIZE. Manžetové nohavice pro každodenní i společenské příležitosti. Objednejte nyní.;Kalhoty elegantní dámské nadrozměr s páskem | vmobleceni.cz
447562;Košilové šaty s 3/4 rukávem a knoflíčky, stahovací střih, velikosti S–XL. Italská móda JANET pro elegantní vzhled.;Košilové šaty 3/4 rukáv dámské | vmobleceni.cz
448103;Dlouhé elegantní plisované šaty s krátkým rukávem z viskózy pro nadrozměr. Velikosti 54–58, délka 133 cm. Ideální na práci i společenské akce.;Dlouhé plisované šaty nadrozměr 54-58 | vmobleceni.cz
451040;Dlouhé elegantní šaty s krátkým rukávem pro nadrozměrné dámy, velikosti 44–48. Polyester a viskoza, ideální do práce i na akce. Objevte BEATA od Italské módy.;Dlouhé šaty nadrozměr s rukávem | vmobleceni.cz
455397;Dlouhé strečové kalhoty dámské KNOCK s gumou v pase, kapsami a univerzální velikostí ONE SIZE. Bavlna s nylonkem a elastanem pro pohodlné každodenní nošení. Pas 78–106 cm.;Kalhoty strečové dámské KNOCK ONE SIZE | vmobleceni.cz
458927;Strečové dámské kalhoty ANDREA z viskozy s elastanem, gumou v pase a kapsami. Velikosti S–L, ideální na každodenní nošení. Pohodlné a praktické.;Strečové kalhoty dámské ANDREA | vmobleceni.cz
469013;Letní dámské kalhoty 3/4 nadrozměr (46–50) z viskózy a polyesteru. Elastické pasy 80–120 cm, volný střih pro pohodlí. Ideální na léto.;Letní kalhoty 3/4 dámské nadrozměr 46–50 | vmobleceni.cz
469896;Dámské outdoorové kalhoty STAR s páskem, bavlna-polyamid mix, pas 74–106 cm, ONE SIZE. Pohodlné na každodenní nošení i do práce. Objednejte nyní.;Dámské outdoorové kalhoty s páskem STAR | vmobleceni.cz
470451;Elegantní letní šaty s krátkým rukávem pro nadrozměr, velikosti 46–50. Polyester s elastanem, volnočasový střih na gumu. Ideální do práce i na akce.;Šaty nadrozměrné XXL letní s rukávem | vmobleceni.cz
470456;Letní elegantní šaty s krátkým rukávem, nadrozměr 44–48, polyester s elastanem. Volnočasové i do práce. Najděte svou velikost na vmobleceni.cz.;Šaty letní nadrozměr s krátkým rukávem | vmobleceni.cz
470486;Elegantní letní šaty s 3/4 rukávem z 100% viskózy, velikosti 50–54 (ONE SIZE). Volnočasové i do práce, délka 131 cm. Pohodlný střih pro nadrozměrné postavy.;Šaty nadrozměrné RADKA 3/4 rukáv XXL | vmobleceni.cz
470491;Elegantní dámské šaty s 3/4 rukávem z 100 % viskózy, nadrozměr 50–54 ONE SIZE. Volná střih se skládanou sukní pro pohodlí. Vhodné na každodenní nošení i speciální příležitosti.;Šaty nadrozměrné elegantní 3/4 rukáv | vmobleceni.cz
470733;Dlouhé elegantní kalhoty BRITA z viskózy, polyesteru a elastanu. Máslová barva, kapsy, pas 72–108 cm, délka 103 cm. Ideální na práci i každoden. Discover your perfect fit.;Dámské elegantní kalhoty BRITA dlouhé | vmobleceni.cz
414198;Mušelínová košile ADIGE z 100% bavlny, velikosti 50–54, s dlouhým rukávem. Vzdušná a měkká pro každodenní nošení, do práce i na dovolenou. Objevte italskou módu.;Mušelínová košile dámská nadrozměr | vmobleceni.cz
444162;Strečové dámské kalhoty nadrozměr 48–52 ONE SIZE z viskózy s elastanem. Guma v pase, kapsy, délka 98 cm. Pohodlné a elastické pro plnoštíhlé postavy.;Strečové kalhoty dámské nadrozměr 48-52 | vmobleceni.cz
446387;Dámská mušelínová košile z 100 % bavlny s 3/4 rukávem, nadrozměr 54–58. Lehká a vzdušná na každodenní nošení, do práce i k moři. Objednejte nyní.;Mušelínová košile bavlněná 3/4 nadrozměr | vmobleceni.cz
447564;Dámské tričko s krátkým rukávem nadrozměr JASMINA, viskóza s elastanem, velikosti 44–48, ideální na každodenní nošení. Pohodlný střih pro plnoštíhlé. Objednejte;Dámské tričko nadrozměr JASMINA | vmobleceni.cz
448307;Dámské tričko krátký rukáv ROMAGNA, nadrozměr 48–52, 95% viskóza. Pohodlné na každodenní nošení. Objevte italskou módu.;Dámské tričko krátký rukáv nadrozměr 48–52 | vmobleceni.cz
448504;Letní šaty nadrozměr pro dámy, 100% viskóza s elastanem, volný střih, krátký rukáv, velikosti 46–50. Pohodlné a vzdušné pro každodenní nošení.;Šaty nadrozměr letní krátký rukáv | vmobleceni.cz
468335;Dlouhá dámská sukně s páskem a kapsami, polyester s viskózou, pas 70–80 cm, délka 96 cm. Pohodlná a elegantní. Objednejte si své.;Sukně dlouhá dámská s páskem | vmobleceni.cz
468337;Dlouhé elegantní kalhoty oversize s páskem pro dámy, materiál 90% polyester, velikosti S/M/L. Pohodlný střih s italským stylem. Vyberte si své na vmobleceni.cz;Dámské elegantní kalhoty oversize s páskem | vmobleceni.cz
468344;Elegantní dámské kalhoty s páskem z bavlny a elastanu, velikost ONE SIZE (pas 68-104 cm). Pohodlné na každodenní nošení i do práce. Objevte italskou módu.;Dámské elegantní kalhoty s páskem ONE SIZE | vmobleceni.cz
468424;Dámské volnočasové kalhoty z 100 % tencel, velikost ONE SIZE (S/M/L), guma v pase, délka 100 cm. Pohodlné na každodenní nošení. Objednejte si nyní.;Dámské volnočasové kalhoty ONE SIZE | vmobleceni.cz
468470;Dámské volnočasové kalhoty z bavlny s polyamidem, ONE SIZE (pas 70–104 cm). Elegantní střih s kapsami na každodenní nošení. Objevte pohodlné kalhoty.;Dámské volnočasové kalhoty ONE SIZE | vmobleceni.cz
468471;Elegantní dámské kalhoty z italské módy, 96% polyester s elastanem, s kapsami, velikost S/M/L ONE SIZE na gumu 70-98 cm. Ideální do práce i na společenské akce.;Kalhoty elegantní dámské S/M/L ONE SIZE | vmobleceni.cz
468472;Elegantní dámské kalhoty s páskem, polyester s elastanem, velikosti S/M/L ONE SIZE. Pohodlné na každodenní nošení i do práce. Vyberte si svůj střih.;Elegantní kalhoty s páskem dámské S/M/L | vmobleceni.cz
468473;Elegantní dámské kalhoty s gumou v pase, polyester s elastanem, velikost S/M/L ONE SIZE. Pohodlné na každodenní nošení i do práce. Objednejte online.;Elegantní dámské kalhoty S/M/L ONE SIZE | vmobleceni.cz
468475;Elegantní dámské kalhoty s páskem, polyester s elastanem, velikost S/M/L ONE SIZE. Kapsy, na gumu, ideální do práce i na každodenní nošení. Objednejte nyní.;Elegantní kalhoty dámské s páskem ONE SIZE | vmobleceni.cz
468481;Dámská šusťáková bunda s kapucí, oversize střih, 100% polyester, velikosti 42–50. Lehká, vzdušná, ideální na jaro a podzim. Objednejte nyní.;Dámská šusťáková bunda s kapucí oversize | vmobleceni.cz
468483;Dámská šusťáková bunda s kapucí a dlouhým rukávem, velikosti 50–54 (ONE SIZE). Materiál 100 % polyester, s kapsami a zipem. Ideální na každodenní nošení.;Dámská šusťáková bunda s kapucí 50–54 | vmobleceni.cz
469205;Elegantní dámské kalhoty s páskem, polyester s elastanem, velikost ONE SIZE (S/M/L). Kapsy, guma v pase 70–102 cm. Na práci i volný čas.;Elegantní dámské kalhoty s páskem ONE SIZE | vmobleceni.cz
469236;Elegantní dámské kalhoty s páskem, 95% polyester, kapsy, velikost ONE SIZE (S/M/L). Ideální do práce i na speciální akce. Objednejte online.;Elegantní kalhoty dámské s páskem | vmobleceni.cz
469351;Dlouhé svatební šaty BALI s krátkým rukávem, velikosti 34–40. Polská móda, ušití na míru. Objednejte si své šaty na email.;Dlouhé svatební šaty BALI krátký rukáv 34–40 | vmobleceni.cz
469352;Dlouhé krajkové svatební šaty na ramínka SEYCHELLES, velikosti 34–40. Polská kvalita, ušití na míru. Objednejte si své šaty na email.;Dlouhé svatební krajkové šaty dámské 34-40 | vmobleceni.cz
469353;Dlouhé svatební šaty Carmen ROBIN, velikosti 34–40, polská móda. Šaty na míru ušijeme podle vašich rozměrů. Objednejte si své vysnívané šaty.;Dlouhé svatební šaty Carmen ROBIN 34-40 | vmobleceni.cz
469354;Dlouhé svatební krajkové šaty bez rukávu pro dámy, velikosti 34–46. Elegantní střih značky BUGATTI, polská móda. Možnost individuálního ušití na míru.;Svatební krajkové šaty dlouhé nadrozměr 34-46 | vmobleceni.cz
469355;Dlouhé krajkové svatební šaty na ramínka pro dámy, velikosti 34–42. Elegantní střih BERGAMO z polské módy. Lze ušít na míru.;Svatební šaty krajkové nadrozměr 34-42 | vmobleceni.cz
469356;Dlouhé krajkové svatební šaty bez rukávu v nadrozměrech 34–44. Elegantní střih HELENA od polské značky. Ušití na míru podle vašich rozměrů.;Svatební šaty krajkové nadrozměr 34-44 | vmobleceni.cz
469357;Dlouhé svatební krajkové šaty JOLIE na ramínka, velikosti 34–38. Elegantní dámské šaty s krajkou, ušití na míru. Objednejte online na vmobleceni.cz.;Svatební krajkové šaty JOLIE 34-38 | vmobleceni.cz
469360;Košilová tunika s 3/4 rukávem pro dámy nadrozměr, vel. 54–58, 100% polyester, délka 96–104 cm. Pohodlný střih pro plnoštíhlé postavy. Objednejte teď.;Tunika košilová 3/4 rukáv dámská nadrozměr | vmobleceni.cz
469361;Dámské strečové kalhoty z viskózy s elastanem, volnočasový střih na gumu, kapsy, velikosti M–XL. Pohodlné a měkké pro každodenní nošení.;Dámské strečové kalhoty M–XL | vmobleceni.cz
469363;Tenký dámský svetr s 3/4 rukávem, nadrozměr 54–58 ONE SIZE, délka 70 cm, pro prsa 156–180 cm. Italská móda s pohodlným střihem. Objednejte nyní.;Svetr tenký 3/4 rukáv dámský nadrozměr | vmobleceni.cz
469435;Dámská halenka krátký rukáv z viskózy pro nadrozměr, velikosti 46–50, prsa 110–130 cm. Pohodlný střih se strečem. Objednejte si nyní.;Halenka krátký rukáv dámská nadrozměr 46–50 | vmobleceni.cz
469436;Letní šaty s přívěskem, krátký rukáv, nadrozměr 50/52/54, obvod prsou 130 cm. Pohodlné volnočasové šaty pro plážové dny. Objednejte si svou velikost.;Letní šaty nadrozměr 50–54 | vmobleceni.cz
469437;Outdoorové 3/4 kalhoty dámské nadrozměr, pas 70–110 cm, boky 116–130 cm. Pohodlný střih s páskem pro ženy v размěrech 42–46. Objevte u nás.;Outdoorové 3/4 kalhoty dámské nadrozměr | vmobleceni.cz
469439;Letní dámské šaty volnočasové s krátkým rukávem, 95 % bavlna, nadrozměr 54/56/58. Pohodlné a prodyšné pro teplé dny. Objednejte si své velikosti nyní.;Dámské letní šaty nadrozměr 54–58 | vmobleceni.cz
469440;Dámská tunika krátký rukáv v nadrozměru 54–58, viskóza s elastanem. Pohodlný střih pro prsa 140–180 cm, délka 83–92 cm. Italská móda IM426052 – objednejte online.;Tunika krátký rukáv dámská nadrozměr 54–58 | vmobleceni.cz
469441;Dámské tričko s přívěskem, krátký rukáv, 95% bavlna, nadrozměry 54–58, jedna velikost. Pohodlné pro plnoštíhlé postavy.;Dámské tričko nadrozměr 54-58 bavlněné | vmobleceni.cz
469442;Dámské outdoorové kalhoty 3/4 v nadrozměru 46–50, bavlna s elastanem. Pohodlný střih pro teplé dny, pas 76–120 cm. Objednejte online.;Dámské kalhoty 3/4 nadrozměr 46–50 | vmobleceni.cz
469443;Dámské tričko s krátkým rukávem v nadrozměru 46–50, ONE SIZE. Prsa 116 cm, délka 68–71 cm. Italská móda pro plnější postavy. Objednejte si nyní.;Dámské tričko krátký rukáv nadrozměr 46–50 | vmobleceni.cz
469474;Dámské outdoorové kalhoty LOLA s páskem, bavlna-nylon, velikosti S–L. Kapsy, pružný střih. Vhodné na každodenní nošení i do práce. Objevte je.;Dámské outdoorové kalhoty s páskem LOLA | vmobleceni.cz
469475;Dámský tenký svetr oversize s dlouhým rukávem, 88 % akryl, délka 66 cm, velikost M–XL. Ideální na každodenní nošení i do práce. Vyberte si svůj.;Dámský svetr tenký oversize | vmobleceni.cz
469476;Dámská halenka 3/4 rukáv, nadrozměr 46–50, ITALSKÁ MÓDA. Volný střih, prsou 120 cm. Pohodlná halenka pro plnoštíhlé ženy. Objednejte v e-shopu vmobleceni.cz.;Halenka 3/4 rukáv dámská nadrozměr | vmobleceni.cz
469477;Stahovací dámské tričko s krátkým rukávem pro nadrozměr (52/54/56), viskózová směs s elastanem. Formuje siluetu, pohodlné na nošení. Objevte v e-shopu.;Stahovací tričko dámské nadrozměr krátký rukáv | vmobleceni.cz
469478;Tenký dámský svetr s krátkým rukávem, 50% bavlna a akryl, velikosti 46–50 (ONE SIZE). Ideální pro nadrozměr. Objednejte online.;Svetr tenký krátký rukáv dámský nadrozměr | vmobleceni.cz
469479;Letní dámské šaty s krátkým rukávem z viskózy, nadrozměr 46–50, prsou 110–130 cm. Pohodlný střih pro plnoštíhlé ženy. Objednejte online.;Letní šaty dámské nadrozměr 46–50 | vmobleceni.cz
469482;Dámská tunika s 3/4 rukávem z viskózy, velikosti 54–58 (XL–3XL). Elegantní střih s řetízkem pro každodenní nošení i slavnostní příležitosti.;Tunika 3/4 rukáv dámská nadrozměr | vmobleceni.cz
469493;Stahovací dámské tričko s krátkým rukávem, bavlna s elastanem, velikosti 54–58 (ONE SIZE). Pohodlný střih pro nadrozměr. Objednejte online.;Dámské stahovací tričko krátký rukáv nadrozměr | vmobleceni.cz
469494;Elegantní dámské kalhoty JITKA z italské módy, viskoza s elastanem, velikosti S–L, s kapsami. Pohodlné na práci i každodenní nošení. Vyberte si svou velikost.;Elegantní dámské kalhoty JITKA | vmobleceni.cz
469496;Teplá dámská tunika s 3/4 rukávem a přívěskem, nadrozměr 54–58, ONE SIZE. Obvod prsou 140–160 cm, délka 69–77 cm. Najděte svou velikost.;Tunika teplá 3/4 rukáv nadrozměr | vmobleceni.cz
469497;Košilové šaty s kapsami a krátkým rukávem z 100% viskózy, velikosti 54–58. Pohodlné na každodenní nošení i do práce. Objevte ADELE z italské módy.;Košilové šaty krátký rukáv nadrozměr | vmobleceni.cz
469502;Elegantní dlouhé šaty s krátkým rukávem pro dámy velikostí 40–44. Pružný pas, polyester s elastanem, ideální na práci i společenské akce.;Elegantní šaty krátký rukáv nadrozměr | vmobleceni.cz
469535;Dámské košilové šaty se stahovacím střihem a 3/4 rukávem, 100% polyester, velikosti S/M/L. Pohodlné na každodenní nošení s přirozeným střihem. Objednejte online.;Dámské košilové šaty 3/4 rukáv | vmobleceni.cz
469683;Dámská bavlněná bunda Lora, tenký křivák s kapucí, oversize střih, bavlna s polyamidem, velikosti 46–50. Perfektní na jaro a podzim.;Dámská bavlněná bunda Lora 46-50 | vmobleceni.cz
469837;Perlový náhrdelník dámský 150cm s imitací perel + náušnice. Klasický set pro večerní šaty i každodenní styl. Nadčasová elegance za akční cenu.;Perlový náhrdelník dámský 150cm | vmobleceni.cz
469839;Perlový náhrdelník dámský, délka 50 cm, elegantní bižuterie pro každodenní nošení. Najděte svůj styl v naší kolekci doplňků.;Perlový náhrdelník dámský 50 cm | vmobleceni.cz
469858;Dlouhé letní kalhoty pro ženy velikostí 44–48, pas 72–120 cm, pohodlný střih ITALSKÁ MÓDA. Ideální pro nadrozměr.;Kalhoty dlouhé letní dámské nadrozměr 44-48 | vmobleceni.cz
469914;Dlouhé plisované šaty s dlouhým rukávem a kapsami pro ženy vel. 52–56 (XL–3XL). Viskoza s elastanem, délka 134 cm. Ideální na práci i společnost. Objednejte nyní.;Šaty dlouhé plisované nadrozměr XXL+ | vmobleceni.cz
469915;Letní šaty bez rukávu pro nadrozměrné dámy, velikost 54–58 (ONE SIZE). Viskozové s elastanem, prsy 140 cm, délka 132 cm. Pohodlný střih pro všechny příležitosti.;Letní šaty bez rukávu nadrozměr 54-58 | vmobleceni.cz
469916;Prodloužená dámská mikina na zip s kapucí, velikosti 52–56, z polyesteru a viskózy. Teplá, pohodlná s kapsami na každodenní nošení. Objevte nadrozměrné kousky;Mikina prodloužená dámská nadrozměr | vmobleceni.cz
469944;Jarní dámský kabátek SUNNA s dlouhým rukávem, knoflíky a kapsami. Polyester s elastanem, velikost S/M/L. Pohodlný na každodenní nošení a do práce. Objednejte teď.;Jarní dámský kabátek SUNNA dlouhý rukáv | vmobleceni.cz
469949;Mikinové šaty s kapucí a dlouhým rukávem z 100% bavlny, velikost ONE SIZE (40–44). Pohodlné volnočasové šaty pro nadrozměrné. Objednejte online.;Mikinové šaty s kapucí dámské nadrozměr | vmobleceni.cz
470031;Tenký dámský svetr INNA s dlouhým rukávem a V-výstřihem, viskóza a polyester, vel. S–L. Pohodlný na každodenní nošení i do práce.;Dámský svetr tenký dlouhý rukáv INNA | vmobleceni.cz
470068;Riflová sukně dámská nadrozměr ONE SIZE (44–48), rayon se spandexem, pas 70–120 cm. Pohodlný střih pro všechny postavy. Objednejte nyní.;Riflová sukně dámská nadrozměr ONE SIZE | vmobleceni.cz
470070;Dlouhé dámské tepláky oversize z viskózy s elastanem, ONE SIZE (M/L/XL), guma v pase, kapsy. Pohodlné volnočasové oblečení pro každodenní nošení. Objednejte nyní.;Tepláky dámské oversize dlouhé ONE SIZE | vmobleceni.cz
470071;Dámská stahovací košile 3/4 rukáv, viskóza a nylon, nadrozměry 54–58 ONE SIZE. Elegantní střih pro plnější postavy, délka 75 cm. Objednejte nyní.;Košile stahovací 3/4 rukáv dámská nadrozměr | vmobleceni.cz
470072;Dámské tričko s krátkým rukávem v nadrozměru 54–58, 95 % bavlna, ideální pro ženy s obvodem prsou 140–160 cm. Pohodlné, elastické, italská móda. Vyberte si svou velikost.;Dámské tričko krátký rukáv nadrozměr 54–58 | vmobleceni.cz
470073;Dámské tričko s krátkým rukávem v nadrozměru 54–58, 100% viskoza. Měkké, vzdušné, délka 75 cm. Najděte svou ideální velikost.;Dámské tričko krátký rukáv nadrozměr 54-58 | vmobleceni.cz
470074;Mušelínové šaty s 3/4 rukávem a kapsami pro dámy v nadrozměru (48–52). Bavlna s elastanem, univerzální střih na každodenní nošení i k moři. Objednejte nyní.;Šaty letní mušelínové 3/4 rukáv nadrozměr | vmobleceni.cz
470075;Letní krajkové šaty z bavlny s elastanem, krátký rukáv, nadrozměr 50–54, jedná se o ONE SIZE střih s volným střihem. Ideální pro pohodlné léto.;Letní krajkové šaty nadrozměr 50-54 | vmobleceni.cz
470112;Dámské outdoorové kalhoty s páskem z viskózy, velikost ONE SIZE (pas 64–106 cm). Volné střihy s kapsami pro každodenní nošení. Italská móda.;Dámské outdoorové kalhoty s páskem | vmobleceni.cz
470117;Dámské volnočasové kalhoty z 100% viskózy s páskem, univerzální velikost S/M/L, pas 76–110 cm. Pohodlné na každodenní nošení a do práce. Objevte italskou módu.;Dámské volnočasové kalhoty s páskem | vmobleceni.cz
470130;Dámské volnočasové kalhoty s páskem v olivové barvě, bavlna s elastanem, velikost ONE SIZE, kapsy, na gumu 66–106 cm. Ideální na každodenní nošení i do práce.;Dámské kalhoty volnočasové s páskem OLIV | vmobleceni.cz
470133;Dámské volnočasové kalhoty s páskem v olivové barvě, vel. S/M/L, z viskózy s elastanem. Pohodlné na každodenní nošení i do práce, s kapsami. Objevte италskou módu.;Dámské volnočasové kalhoty s páskem oliv | vmobleceni.cz
470136;Dámské volnočasové kalhoty INNA ze 100 % viskózy s páskem a kapsami, ONE SIZE (S/M/L), délka 100 cm. Ideální na každodenní nošení i do práce. Objednejte si svůj pár.;Dámské volnočasové kalhoty s páskem INNA | vmobleceni.cz
470148;Dámské volnočasové kalhoty ANNA z 100% viskózy s páskem a kapsami. Velikost ONE SIZE, délka 99 cm. Ideální na každodenní nošení. Objednejte nyní.;Dámské volnočasové kalhoty s páskem ANNA | vmobleceni.cz
470157;Strečové dámské kalhoty nadrozměr ITALSKÁ MÓDA, 76% bavlna, pas 88–140 cm, velikosti 50–54. Pohodlný střih pro plnoštíhlé postavy. Objednejte online.;Kalhoty strečové dámské nadrozměr 50–54 | vmobleceni.cz
470159;Strečové dlouhé kalhoty dámské z viskózy s elastanem, velikost ONE SIZE (S/M/L), pružný pas 64–108 cm. Pohodlné na každodenní nošení. Italská móda.;Dámské strečové kalhoty dlouhé ONE SIZE | vmobleceni.cz
470160;Elegantní letní šaty s krátkým rukávem z italské módy, polyester-elastan, pro prsa 80–120 cm, délka 126 cm. Pohodlný střih v ONE SIZE. Objednejte teď.;Šaty elegantní letní krátký rukáv | vmobleceni.cz
470172;Dámské volnočasové šaty LUDMILA s krátkým rukávem z 95% bavlny, velikost S/M/L. Pohodlný střih na každodenní nošení a do práce. Objednejte si kvalitní italské módní kousek.;Dámské šaty volnočasové krátký rukáv LUDMILA | vmobleceni.cz
470244;Dámské oversize kalhoty s páskem z bavlny a nylonu, velikost S/M/L ONE SIZE. Pohodlné volnočasové kalhoty na gumu, vhodné do práce i na každodenní nošení. Objevte italskou módu.;Dámské oversize kalhoty s páskem S/M/L | vmobleceni.cz
470251;Volnočasová dámská sukně LIVIE s asymetrickým střihem, gumou v pase, bavlna-nylon-elastan, pas 74–118 cm. Pohodlná na každodenní nošení. Koupit online.;Sukně volnočasová dámská LIVIE | vmobleceni.cz
470252;Dlouhá dámská sukně z 100 % viskózy s páskem a kapsami, velikost S–L (pas 74–110 cm). Pohodlná na každodenní nošení i do práce.;Sukně dlouhá dámská viskóza s páskem | vmobleceni.cz
470347;Elegantní dlouhé dámské kalhoty BEATA s páskem, polyester-viskóza, velikosti S/M/L, ideální do práce i na každodenní nošení. Objevte italskou módu.;Kalhoty elegantní dlouhé s páskem dámské | vmobleceni.cz
470363;Dámská tunika SIMONA s krátkým rukávem, puntíkovaný vzor, guma v pase. Viskóza s elastanem, velikost M–XL. Pohodlná na denní nošení.;Dámská tunika krátký rukáv SIMONA | vmobleceni.cz
470367;Košilové šaty s puntíkem, 3/4 rukáv, viskóza 95%, velikost M/L/XL. Pohodlné na každodenní nošení i do práce. Skvělá cena na vmobleceni.cz;Košilové šaty puntík 3/4 rukáv | vmobleceni.cz
470409;Elegantní dámské dlouhé kalhoty z polyamidu s elastanem, ONE SIZE na gumu 72–102 cm. Ideální na každodenní nošení i do práce. Objednejte nyní.;Dámské elegantní kalhoty dlouhé ONE SIZE | vmobleceni.cz
470412;Dámské oversize kalhoty z 100% tencel, volnočasové s gumou v pase a kapsami, velikost ONE SIZE (S/M/L). Pohodlné na každodenní nošení. Objevte teď.;Dámské oversize kalhoty tencel ONE SIZE | vmobleceni.cz
470415;Dlouhá dámská sukně s páskem, viskozová směs, kapsy, velikost S–L. Pohodlná na každodenní nošení i do práce. Objevte praktickou italskou módu.;Dlouhá sukně s páskem dámská S–L | vmobleceni.cz
470421;Prodloužená košile s puntíky, 3/4 rukáv, viskoza s elastanem. Dámská nadrozměr velikost 40–44 (ONE SIZE). Pohodlná na každodenní nošení i do práce. Objevte ji na vmobleceni.cz.;Košile prodloužená puntík 3/4 rukáv nadrozměr | vmobleceni.cz
470422;Dámská košile s puntíky, 3/4 rukáv, viskoza s elastanem, velikost ML/XL. Ideální na každodenní nošení i do práce. Objednejte nyní.;Dámská košile puntík 3/4 rukáv | vmobleceni.cz
470438;Dlouhé letní šaty s páskem a krátkým rukávem pro dámy nadrozměr, velikosti 44–48, z polyesteru. Ideální na horké dny.;Šaty dlouhé letní krátký rukáv nadrozměr | vmobleceni.cz
470480;Letní dámské šaty s krátkým rukávem v nadrozměru 46–50, italská móda. Volnočasový střih, prsa 120 cm, délka 120 cm. Pohodlné na každý den.;Šaty letní volnočasové nadrozměr 46–50 | vmobleceni.cz
470481;Dámské tričko s krátkým rukávem ze 100% bavlny, nadrozměr 54–58, objem prsou 130–150 cm. Pohodlný střih pro plnoštíhlé ženy. Italská móda.;Tričko krátký rukáv dámské nadrozměr 54-58 | vmobleceni.cz
470482;Dámská tunika 3/4 rukáv v nadrozměru 46–50, 100% polyester, délka 71–80 cm. Pohodlný střih pro plnější postavu. Vyberte si svou velikost.;Tunika 3/4 rukáv dámská nadrozměr 46–50 | vmobleceni.cz
470484;Dámské stahovací tričko s kapucí a 3/4 rukávem, 100% bavlna, nadrozměr 50–54 ONE SIZE. Pohodlný střih pro plnější postavy. Objevte své.;Dámské tričko stahovací s kapucí 3/4 rukáv | vmobleceni.cz
470647;Volnočasové dámské šaty ANGELA z 95% bavlny, krátký rukáv, kapsy, velikosti 48–52. Pohodlné každodenní šaty pro nadrozměr. Objednejte online.;Dámské šaty nadrozměr ANGELA krátký rukáv | vmobleceni.cz
470682;Volnočasové kalhoty ANNA v nadrozměru 48–52 ONE SIZE z viskózy, polyesteru a elastanu. Balónový střih, guma v pase, kapsy. Pohodlné pro plnoštíhlé ženy.;Dámské volnočasové kalhoty nadrozměr ANNA | vmobleceni.cz
470807;Letní šaty s kapsami a krátkým rukávem z 100% polyesteru, velikost 50–54 (ONE SIZE). Pohodlný střih pro nadrozměrné postavy. Objednejte online.;Letní šaty s kapsami nadrozměr 50–54 | vmobleceni.cz
470810;Dámské letní kalhoty 3/4 nadrozměr (46–50), bavlněné s elastanem, pas 76–130 cm. Pohodlný střih pro teplé dny. Vyberte si svou velikost.;Letní kalhoty 3/4 nadrozměr dámské | vmobleceni.cz
470824;Elegantní šifonové šaty s krátkým rukávem z polyesteru, vel. 42–46 (ONE SIZE). Gumovný pas, délka 117 cm. Pro nadrozměr, do práce i na společenské akce. Italský design AMANDA.;Šaty šifonové nadrozměr krátký rukáv | vmobleceni.cz
470876;Dámské tričko s krátkým rukávem z bavlny s elastanem, velikost ONE SIZE (S/M/L). Pohodlný střih, prodyšný materiál. Objednejte online.;Dámské tričko krátký rukáv ONE SIZE | vmobleceni.cz
470877;Dámské tričko s krátkým rukávem, nadrozměr 44–48, bavlněné (95 % bavlna + elastan). Pohodlný střih, délka 66 cm. Zjistěte, proč si jej zvolí.;Dámské tričko nadrozměr 44-48 krátký rukáv | vmobleceni.cz
470878;Dámské tričko s krátkým rukávem z 95% bavlny, velikosti S–L ONE SIZE. Pohodlný střih pro denní nošení, elastan zajistí dobrou padavost. Objevte италskou módu.;Dámské tričko krátký rukáv S–L | vmobleceni.cz
470879;Středně dlouhá dámská sukně nadrozměr (ONE SIZE 44–48), polyester s elastanem, pas 70–120 cm. Pohodlný střih pro plnější postavy. Objednejte online.;Dámská sukně nadrozměr 44–48 | vmobleceni.cz
470881;Prodloužená košile mušelín 3/4 rukáv pro dámy, nadrozměr 52–56, bavlna s elastanem. Ideální jako tunika nebo šata na každodenní nošení. Objednejte online.;Prodloužená košile mušelín 3/4 nadrozměr | vmobleceni.cz
470889;Dlouhá dámská sukně v italské módě, ONE SIZE (S/M/L), pas 68–104 cm, elastická s polyesterem. Pohodlná a univerzální střih pro všechny postavy.;Dlouhá dámská sukně ITALSKÁ MÓDA | vmobleceni.cz
470927;Dámské outdoorové kalhoty SARA s páskem, viskóza 77%, velikosti S/M/L ONE SIZE. Pohodlné volnočasové kalhoty s kapsami pro každodenní nošení. Ověřte si správnou velikost.;Dámské outdoorové kalhoty s páskem SARA | vmobleceni.cz
469953;Dámské bolerko s dlouhým rukávem z italské módy, polyester s elastanem, vhodné na svatby a večírky. Velikosti S/M/L. Objevte elegantní doplněk do vaší šatníku.;Dámské bolerko dlouhý rukáv S/M/L | vmobleceni.cz
470966;Džínové šaty letní na ramínka s kapsami, nadrozměr 50–54, bavlna-polyester, měkký materiál. Pohodlné letní šaty pro ženy.;Džínové šaty letní nadrozměr | vmobleceni.cz
42567;Dětské podkolenky Setino violetta pro dorost, velikosti 30-37, z bavlny a polyesteru. Pohodlné a elastické pro každodenní nošení.;Podkolenky violetta dětské 30-37 | vmobleceni.cz
45252;Dětská čelenka Hello Kitty od Sun City z bavlny a polyesteru. Univerzální velikost, měkký materiál pro pohodlné nošení. Ideální doplněk do každodenního stylu.;Čelenka Hello Kitty dětská dívčí | vmobleceni.cz
46798;Dětské žabky Frozen pro dívky, velikosti 22–27, z 100% polyesteru. Odolné pantofle s oblíbeným motivem pro pohodlné nošení.;Dětské žabky Frozen 22-27 | vmobleceni.cz
47294;Dívčí čepice Hello Kitty z 100% bavlny, velikost 52-54 cm. Ideální na slunečné dny. Objednejte online u nás.;Dívčí čepice Hello Kitty 52-54 | vmobleceni.cz
52340;Dětské chlapecké žabky Mickey Mouse od Stamion, velikosti 27–34. Polyesterové, pohodlné a odolné. Najděte správnou velikost pro vašeho syna.;Dětské chlapecké žabky Mickey Mouse 27-34 | vmobleceni.cz
52343;Dětské chlapecké žabky Cars (27–34) ze 100% polyesteru od značky Stamion. Lehké a odolné pantofle pro chlapce všech věkových skupin. Objednejte nyní.;Dětské žabky Cars chlapecké 27-34 | vmobleceni.cz
52344;Dětské žabky Hello Kitty pro dívky vel. 27–34, 100% polyester. Pohodlné letní pantofle s oblíbeným motivem. Najděte správnou velikost v našem sortimentu.;Dětské žabky Hello Kitty 27-34 | vmobleceni.cz
58085;Dětská taška přes rameno Mimoni s velkoplošným tiskem foto kvalitě. Polyesterová taška pro chlapce s motivem TV Mania. Objednejte online.;Taška přes rameno Mimoni chlapecká | vmobleceni.cz
59845;Dětská čepice Frozen pro dívky, velikost 52–54 cm, 100% akryl. Teplá a pohodlná čepice na zimu. Objednejte online.;Čepice dětská Frozen dívčí 52-54 | vmobleceni.cz
60363;Chlapecké slipy Mimoni 3-pack, velikosti 98–128, z polyamidu s elastanem. Prodyšné spodní prádlo s oblíbeným motivem pro kluky. Objednejte online.;Chlapecké slipy Mimoni 3-pack 98-128 | vmobleceni.cz
61684;Deka Star Wars pro chlapce 120×140 cm z 100% polyesteru. Měkká přikrývka s oblíbeným motivem. Vyberte si ideální velikost pro dětský pokoj.;Deka Star Wars chlapecká 120×140 cm | vmobleceni.cz
63353;Dětská taška přes rameno Violetta od TV MANIA – fialová barva, polyester, nastavitelný popruh, rozměry 22 × 22,5 × 9,5 cm. Stylový doplněk pro dívky.;Taška přes rameno Violetta dětská fialová | vmobleceni.cz
63366;Dětské žabky Minions pro chlapce vel. 28–35 s velkoplošným tiskem. 100% polyethylen, odolné a pohodlné na plážu i do bazénu. Vyberte správnou velikost.;Dětské žabky Minions chlapecké 28-35 | vmobleceni.cz
63478;Dětská chlapecká tepláková souprava Mimoni pro věk 3–8 let z polyesteru a bavlny. Pohodlný střih, odolný materiál. Vyberte si správnou velikost.;Dětská tepláková souprava chlapecká 3-8 let | vmobleceni.cz
66039;Dětské boxerky pro chlapce 2–8 let od značky Setino. Polyesterové s elastanem, měkké a prodyšné. Skladem.;Dětské boxerky chlapecké 2-8 let | vmobleceni.cz
66125;Dětský set čepice a rukavice Hello Kitty pro dívky, velikost 52–54 cm, polyesterový. Teplý a pohodlný doplněk na chladné dny.;Dětská čepice a rukavice Hello Kitty | vmobleceni.cz
66152;Dětský set čepice a šála SpongeBob pro chlapce, velikost 52–54 cm, z akrylu s elastanem. Teplý a pohodlný na zimu.;Dětský set čepice a šála SpongeBob | vmobleceni.cz
68173;Dětské pantofle Minions s protiskluzovou podrážkou, velikosti 25–31. Polyesterové, teplé a měkké pro chlapce. Koupit online.;Pantofle dětské Minions 25-31 | vmobleceni.cz
70363;Dětská plážová osuška Mimoni 70×140 cm ze 100% bavlny. Měkká a savá osuška pro děti na pláž i k bazénu. Koupit online.;Dětská plážová osuška Mimoni 70×140 cm | vmobleceni.cz
71182;Dětské plavky Mimoni pro dívky 3–8 let, elastické polyesterové s motivem. Pohodlný střih s elastanem. Vyberte si větší velikost pro komfort.;Dětské plavky Mimoni 3-8 let | vmobleceni.cz
71442;Dětská plážová osuška Mimoni 70×140 cm z polyesteru. Rychleschnoucí materiál pro děti od 3 let. Objednejte online na vmobleceni.cz.;Dětská plážová osuška Mimoni 70×140 cm | vmobleceni.cz
72040;Dětské chlapecké žabky Paw Patrol od Setino, velikosti 23-32. Polyesterové, odolné a pohodlné na nohu. Oblíbené licence pro kluky.;Dětské žabky Paw Patrol 23-32 | vmobleceni.cz
72286;Dětská plážová osuška Minions 70×120 cm, 100% bavlna, French Terry, hebká a jemná k pokožce. Objednejte si nyní.;Plážová osuška Minions dětská 70×120 cm | vmobleceni.cz
72287;Dětská plážová osuška Mimoni 70×140 cm z polyesteru. Kvalitní bavlna-polyester mix, rychleschnoucí, pro děti od 3 let. Objevte v našem e-shopu.;Dětská plážová osuška Mimoni 70×140 cm | vmobleceni.cz
74007;Zimní dětská čepice chlapecká (52-54) SUN CITY z polyesteru. Teplá, odolná a pohodlná pro chladné dny. Najděte správnou velikost v našem e-shopu.;Zimní čepice chlapecká 52-54 | vmobleceni.cz
76411;Dětský set čepice, rukavice a šála s potiskem letadel pro chlapce, velikost 52-54 cm. 100% polyester. Hřejivý doplněk na zimu.;Dětský set čepice, rukavice, šála | vmobleceni.cz
76413;Dětské ponožky Hello Kitty pro dívky, velikosti 23–37, z polyesteru. Veselý design oblíbené postavičky. Objednejte nyní.;Dětské ponožky Hello Kitty 23-37 | vmobleceni.cz
76423;Dětský župan Mimoni pro dívky 3-8 let. Polyesterový materiál, praktický střih s kapsami. Máme skladem v různých velikostech.;Dětský župan Mimoni dívčí 3-8 let | vmobleceni.cz
77503;Dětské ponožky Mimoni pro dívky, velikosti 27–34, z polyesteru. Slabé ponožky s oblíbeným motivem. Pohodlné a trvanlivé pro každodenní nošení.;Dětské ponožky Mimoni dívčí 27-34 | vmobleceni.cz
77505;Dětské chlapecké ponožky Mimoni (27-34) od SUN CITY. 100% polyester, kvalitní materiál. Najděte správnou velikost pro vašeho syna.;Dětské ponožky Mimoni chlapecké 27-34 | vmobleceni.cz
79009;Dětské chlapecké ponožky Pokémon od Sun City. Bavlněné (70%) s elastanem, pohodlné a trvanlivé. Originální design pro fanoušky.;Dětské ponožky Pokémon chlapecké | vmobleceni.cz
79011;Dětský set čepice a rukavic Frozen pro dívky od 3 let, velikost 52-54 cm. Akrylové rukavice s tématem oblíbeného animáku. Hřej si správně.;Dětské rukavice Frozen set čepice | vmobleceni.cz
79313;Školní penál CARS pro chlapce s motivem známého animáku. Polyesterový penál na tužky a psací potřeby do školy.;Školní penál CARS chlapecký | vmobleceni.cz
80094;Dětské ponožky Barbie pro dívky vel. 27–34, polyesterové, od SUN CITY. Měkké a pohodlné ponožky s oblíbeným motivem. Koupit za skvělou cenu.;Dětské ponožky Barbie 27–34 | vmobleceni.cz
80106;Čepice zimní chlapecká SUN CITY, velikost 52–54 cm, 100% polyester. Teplá ochrana hlavy a usí v zimě. Pohodlný střih pro děti.;Čepice zimní chlapecká 52-54 SUN CITY | vmobleceni.cz
80661;Dětský rámeček na fotky Cars 10×15 cm od SUN CITY. Polyesterový rámeček s oblíbeným motivem aut pro chlapce. Perfektní na dětský pokoj.;Rámeček na fotky Cars dětský 10×15 cm | vmobleceni.cz
81091;Zavěšovací síťka Frozen pro dívky od SUN city. Polyesterová síťka na hračky do dětského pokoje. Praktické uskladnění s motivem oblíbené postavy.;Zavěšovací síťka Frozen dívčí | vmobleceni.cz
82064;Dětské kroksy Minions z EVA materiálu, velikosti 24/25–30 pro chlapce. Pestrobarevný design, odolné a pohodlné. Objednejte online.;Dětské kroksy Minions 24/25-30 | vmobleceni.cz
82488;Chlapecké slipy Mimoni 3-pack, 100% bavlna, velikosti 98–128. Pohodlné spodní prádlo s oblíbeným motivem pro kluka. Objednejte online.;Chlapecké slipy Mimoni 3-pack 98–128 | vmobleceni.cz
82659;Dětské ponožky Mimoni pro dívky vel. 27-34, bavlněné s elastanem. Pohodlné slabé ponožky pro každodenní nošení. Koupit levně.;Dětské ponožky Mimoni dívčí 27-34 | vmobleceni.cz
82660;Dětské chlapecké ponožky Mimoni vel. 27-34 z 70% bavlny se strečem. Měkké, prodyšné a dlouhotrvající. Koupit teď;Dětské ponožky Mimoni chlapecké 27-34 | vmobleceni.cz
84197;Dětské chlapecké žabky SETINO 870-191/D/76 z 100% polyesteru, velikosti 26–36. Pohodlné a odolné pantofle pro děti s jednoduchým zapínáním.;Dětské žabky chlapecké 26-36 SETINO | vmobleceni.cz
84198;Dětské dívčí žabky Setino pro velikosti 26–36, polyesterové, pohodlné a odolné. Ideální do školky i na dovolenou. Objednejte nyní.;Dětské žabky dívčí 26-36 Setino | vmobleceni.cz
84202;Dětské chlapecké žabky Cars od Setino pro velikosti 23–32. Polyesterové, odolné a pohodlné na nošení. Ideální letní obuv pro chlapce.;Žabky Cars dětské chlapecké 23-32 | vmobleceni.cz
84203;Dětské chlapecké žabky Spiderman od SETINO, polyesterové, velikosti 24–34. Pohodlné pantofle pro chlapce s oblíbeným hrdinou. Objednejte online.;Žabky chlapecké Spiderman 24-34 | vmobleceni.cz
84204;Dětské chlapecké žabky Avengers od SETINO, velikosti 24–34, z 100% polyesteru. Odolné a pohodlné pro léto. Vyberte si správnou velikost podle návodu.;Dětské žabky Avengers 24-34 SETINO | vmobleceni.cz
86197;Chlapecké plavky Cars (6-23 měsíců) z polyesteru s elastanem. Odolné a pohodlné pro malé chlapce na pláž i bazén. Vyberte si správnou velikost.;Chlapecké plavky Cars 6-23 měsíců | vmobleceni.cz
87110;Dětská chlapecká kšiltovka Mimoni od Sun City, polyesterová, velikosti 52–54 cm. Kvalitní a odolná čepice pro chlapce. Vyberte si správnou velikost.;Dětská kšiltovka chlapecká 52-54 | vmobleceni.cz
87408;Dětská baseballová kšiltovka Minions z 100% bavlny, velikost 52-54. Kvalitní tisk s oblíbenými postavičkami. Pohodlná a trvanlivá.;Dětská kšiltovka Minions 52-54 | vmobleceni.cz
87663;Chlapecké plavky Mimoni pro děti 3–8 let z elastického polyesteru. Odolné a pohodlné pro bazén i moře. Objevte kolekci dětských plavek.;Chlapecké plavky Mimoni 3-8 let | vmobleceni.cz
88605;Dětské dvoudílné plavky Frozen s motivem Disney. Polyamidové plavky vel. 98–140 s nastavitelným ramínkem, rychleschnoucí. Perfektní pro bazén i moře.;Dětské plavky Frozen 98-140 | vmobleceni.cz
89436;Dětské tričko s potiskem Trolls, 100% bavlna, pro dívky 98–128 cm. Měkké, pohodlné a odolné. Objednejte nyní.;Dětské tričko Trolls krátký rukáv | vmobleceni.cz
91192;Dětské tričko s motivem Trolls, 100% bavlna, pro dívky ve velikostech 98–128. Pohodlné a měkké, ideální na léto.;Dětské tričko Trolls krátký rukáv 98-128 | vmobleceni.cz
92344;Dětská zimní čepice Frozen s potiskem Disney motivu, lurexovou výšivkou a aplikací. Polyesterová, na 30°C. Velikosti 52–54 cm. Objevte kolekci TV Mania.;Čepice zimní Frozen dětská 52-54 cm | vmobleceni.cz
92349;Dětské tričko dlouhý rukáv Trolls pro dívky od 104 do 140 cm, 100% bavlna s žebrovaným lemováním. Měkké a pohodlné na každodenní nošení.;Dětské tričko dlouhý rukáv Trolls 104-140 | vmobleceni.cz
95167;Zimní šála pro chlapce SUN city z polyesteru. Teplá a odolná dětská šála s mimoni motivem. Vhodná pro chlapce všech věků.;Zimní šála chlapecká SUN city | vmobleceni.cz
96069;Zimní čepice pro dívky Trolls s fototiskem a gumovou aplikací, velikost 52–54 cm, 100% polyester. Teplá a pohodlná licenční čepice pro vaši dceru.;Čepice zimní Trolls dívčí 52-54 | vmobleceni.cz
99645;Chlapecká zimní čepice Star Wars, velikost 52-54 cm, 100% polyester. Teplá a pohodlná ochrana hlavy pro chlapce. Objednejte nyní.;Chlapecká zimní čepice Star Wars 52-54 | vmobleceni.cz
99646;Dětská zimní čepice chlapecká (52-54) SUN CITY z polyesteru. Teplá a voděodolná ochrana hlavy a uší. Vhodná pro chlapy od 2 let.;Dětská zimní čepice chlapecká 52-54 | vmobleceni.cz
100586;Zimní čepice pro dívky Frozen od Sun City, polyesterová, velikost 52–54 cm. Teplá a odolná na zimu. Objednejte u vmobleceni.cz;Zimní čepice dívčí Frozen 52-54 | vmobleceni.cz
100607;Dětská chlapecká čepice Mašinka Tomáš z 100% polyesteru. Licenční design pro chlapce, praktická a odolná. Objednejte online.;Dětská čepice Mašinka Tomáš chlapecká | vmobleceni.cz
101796;Dětská taška Minnie Mouse, 38 × 38 cm s ušima, 100% polyester. Odolná nákupní taška s barevnou grafikou pro dívky. Ideální jako dárek či do školy.;Taška Minnie Mouse dětská dívčí 38×38 cm | vmobleceni.cz
102012;Deka přikrývka Spiderman 100×150 cm pro chlapce, 100% polyester. Měkká, lehká a jednoduše se péče. Ideální pro kutilky fanoušky Spider-Mana.;Deka Spiderman 100×150 cm chlapecká | vmobleceni.cz
102752;Čelenka Minnie Mouse pro dívky od Sun City. Polyesterová čelenka v univerzální velikosti, ideální doplněk k oblečení. Koupit online.;Čelenka Minnie Mouse dívčí | vmobleceni.cz
109235;Chlapecké plavky Mimoni, polyesterové, velikosti 92–122. Odolné, rychleschnoucí a s oblíbeným motivem. Vhodné na pláž i do bazénu.;Chlapecké plavky Mimoni 92-122 | vmobleceni.cz
110149;Body krátký rukáv s potiskem aut pro chlapce 68-86. Polyesterové, pohodlné a lehké. Ideální na léto a každodenní nošení.;Body krátký rukáv chlapecké 68-86 | vmobleceni.cz
112931;Jednodílné plavky pro dívky Trolls, 100% polyester, velikosti 98–128. Praktické a pohodlné plavky s oblíbeným motivem pro koupání a bazén.;Dětské plavky Trolls jednodílné 98–128 | vmobleceni.cz
122058;Dětské LED světlo Frozen pro dívky od SUN city. Polyesterové svítící dekorace do pokoje, ideální doplněk pro fanoušky Ledového království. Skvělý nápad na dárek.;Dětské LED světlo Frozen dívčenské | vmobleceni.cz
131734;Dětská chlapecká kšiltovka Mimoni, velikost 52–54 cm, 100% polyester. Odolná a pohodlná na léto. Objednejte na vmobleceni.cz.;Dětská kšiltovka Mimoni chlapecká 52-54 | vmobleceni.cz
132858;Chlapecké tričko Star Wars s krátkým rukávem ze 100% bavlny, vel. 4–10 let. Pohodlné a trvanlivé pro každodenní nošení dětí.;Chlapecké tričko Star Wars bavlnené 4-10 let | vmobleceni.cz
132948;Dětská chlapčenská šiltovka Transformers, která svítí v temnu. Polyesterová čepice pro chlapce, velikosti 52–54 cm. Originální design s reflexními prvky.;Dětská šiltovka Transformers svítící v tmě | vmobleceni.cz
136453;Dětské chlapecké slipy Cars ze 100% bavlny, velikosti 98–128 cm. Pohodlné a odolné slipy v praktické 3pack balení pro každodenní nošení.;Dětské slipy Cars 98-128 3-pack | vmobleceni.cz
138146;Dětská tepláková souprava Frozen pro dívky 4–8 let, 100% polyester. Pohodlný střih s motivem oblíbené princezny. Objednejte online.;Dětská tepláková souprava Frozen 4-8 let | vmobleceni.cz
152746;Dětská bunda Minnie Mouse pro dívky 3–8 let z polyesteru. Charakterní design oblíbené postavy, jednoduchá péče. Volný střih, vhodná na přechodné období.;Dětská bunda Minnie Mouse 3-8 let | vmobleceni.cz
173774;Jednodílné plavky Trolls pro dívky, velikosti 98–128 cm. Polyesterové plavky s elastanem, odolné a pohodlné na pláži i v bazénu.;Plavky jednodílné Trolls dívčí 98-128 | vmobleceni.cz
173873;Zateplené dětské ponožky froté s protiskluzovou podrážkou, velikosti 23–34. Sada 2 párů s motivem Frozen. Polyester, teplé na zimu.;Dětské ponožky zateplené froté Frozen 23-34 | vmobleceni.cz
173874;Zateplené zimní ponožky froté pro dívky 23–34, 2 páry s protiskluzovým vzorem lady bug. Měkké a teplé na zimu.;Zimní ponožky froté dívčí 23-34 lady bug | vmobleceni.cz
173875;Zateplené dětské ponožky froté Mickey Mouse, velikosti 23–34, s protiskluzovou podrážkou. Polyesterové, teplé a bezpečné pro chlapce. 2 páry v balení.;Dětské ponožky zateplené froté Mickey | vmobleceni.cz
173946;Dětský overal Frozen pro dívky 4-8 let, teplý a měkký z 100% polyesteru. Ideal na zimu a chladné dny s motivem ledového království.;Dětský overal Frozen teplý 4-8 let | vmobleceni.cz
177432;Dětský batoh Mimoni pro chlapce, 28×23×10 cm, 100% polyester. Prostorná hlavní část se zipem, tisk ve foto kvalitě a nastavitelný popruh. Snadná údržba. Objednejte si ho.;Dětský batoh Mimoni chlapčenský 28x23x10 | vmobleceni.cz
213833;Dětské dívčí tričko s krátkým rukávem, 100% polyester, velikosti 98–128. Pohodlné, jednoduché a odolné. Ideální na každodenní nošení.;Dětské tričko krátký rukáv 98-128 | vmobleceni.cz
215053;Dětské plavky Paw Patrol pro dívky 3-6 let. Polyesterové plavky s elastanem, odolné a elastické. Vhodné na pláž i bazén.;Plavky dívčí Paw Patrol 3-6 let | vmobleceni.cz
234245;Chlapecké tričko s dlouhým rukávem Mimoni pro věk 5–12 let. 100% bavlna, velkoplošný tisk, velikosti 116–152. Měkké a příjemné k pokožce.;Chlapecké tričko dlouhý rukáv Mimoni 116-152 | vmobleceni.cz
265910;Chlapecké tričko s dlouhým rukávem Mimoni pro věk 5–12 let. 100% bavlna, velkoplošný tisk, velikosti 116–152. Měkké a příjemné k pokožce.;Chlapecké tričko dlouhý rukáv Mimoni 116-152 | vmobleceni.cz
234863;Chlapecké bačkory Paw Patrol, polyesterové, velikosti 24–29. Pohodlné pantofle se vzorem oblíbené postavy pro malé kluky. Objednejte online.;Bačkory Paw Patrol chlapecké 24-29 | vmobleceni.cz
240153;Dětský polštář Bing od Setino v jedné univerzální velikosti. Měkký polyesterový polštář pro děti, ideální do postele či na pohovku. Pohodlný a trvanlivý.;Polštář Bing dětský dívčíOneSize | vmobleceni.cz
242496;Dětská zimní čepice Frozen pro dívky (52-54 cm) z polyesteru. Teplá a odolná čepice na zimu s oblíbeným motivem. Pohodlný střih pro vaši dceru.;Dětská zimní čepice Frozen 52-54 | vmobleceni.cz
242499;Zimní čepice Spiderman pro chlapce, velikost 52–54 cm, 100% polyester. Teplá a pohodlná ochranu hlavy ve chladném počasí. Vyberte správnou velikost.;Čepice zimní Spiderman chlapecká 52-54 | vmobleceni.cz
242896;Dětské tričko dlouhý rukáv Mimoni pro dívky 6–12 let. Polyesterové, pohodlné a trvanlivé. Ideální na každodenní nošení.;Dětské tričko dlouhý rukáv Mimoni dívčí 6-12 let | vmobleceni.cz
243188;Set čepice, rukavice a šála pro chlapce s motivem Cars, velikost 52-54, z polyesteru. Teplý a praktický doplněk na zimu. Objednejte nyní.;Set čepice rukavice šála Cars chlapecký | vmobleceni.cz
247467;Dětská mikina dlouhý rukáv Cars pro chlapce 3–8 let, 100% polyester. Pohodlný střih, snadná péče. Objednejte na vmobleceni.cz.;Dětská mikina dlouhý rukáv Cars 3-8 let | vmobleceni.cz
296769;Dětské ponožky Frozen pro dívky vel. 23-34, bavlněné (70% bavlna) s elastanem. Teplé, pohodlné a odolné. Objednejte nyní.;Dětské ponožky Frozen 23-34 | vmobleceni.cz
309138;Dětská taška přes rameno Cars od Setino (25×23×8 cm) z polyesteru. Praktická školní taška pro chlapce s oblíbeným motivem. Objednejte nyní | vmobleceni.cz;Dětská taška přes rameno Cars | vmobleceni.cz
309143;Dětská přikrývka Spiderman 100×140 cm z 100% polyesteru. Měkká a teplá deka pro chlapce s oblíbeným hrdinou. Objednejte online.;Deka Spiderman dětská 100×140 cm | vmobleceni.cz
328483;Dětský polštář Minnie Mouse 36×6 cm z polyesteru. Měkký polštář pro dívky s oblíbeným motivem. Vhodný do dětského pokoje.;Dětský polštář Minnie Mouse 36×6 cm | vmobleceni.cz
329357;Dětské pončo Spider-Man, 55×110 cm, 100% polyester. Měkké a pohodlné pončo pro chlapce s oblíbeným motivem. Objednejte na vmobleceni.cz.;Dětské pončo Spider-Man 55×110 cm | vmobleceni.cz
343282;Chlapecké tričko dlouhý rukáv Paw Patrol z 100% bavlny, velikosti 98–116. Měkké, pohodlné a odolné proti praní. Ideální pro každodenní nošení.;Chlapecké tričko dlouhý rukáv Paw Patrol | vmobleceni.cz
344594;Dětské kotníkové ponožky Paw Patrol pro dívky vel. 23–34, 70% bavlna s elastanem. Měkké, odolné a pohodlné pro každodenní nošení.;Dětské ponožky Paw Patrol kotníkové | vmobleceni.cz
380583;Kojenecká kšiltovka Mickey Mouse pro chlapce, velikost 48-50 cm. Polyesterová směs s viscózou, měkký střih. Vhodná od narození.;Kojenecká kšiltovka Mickey Mouse 48-50 cm | vmobleceni.cz
438692;Dětské lyžařské rukavice paláčky Minnie Mouse pro dívky 3–6 let, polyesterové, teplé a odolné. Perfektní na zimní sporty.;Dětské lyžařské rukavice Minnie Mouse 3-6 let | vmobleceni.cz
447351;Dlouhé letní šaty s krátkým rukávem, žebrovaný top a splývavá sukně. Velikosti S–L, pružný střih na prsa 70–130 cm. Kvalitní italská móda pro každý den.;Dlouhé šaty krátký rukáv letní dámské | vmobleceni.cz
470869;Dámský komplet tunika a kalhoty z viskózy s elastanem, volnočasový i elegantní střih. Tunika s 3/4 rukávem na stáhnutí, kalhoty na gumu. Velikost M/L/XL ONE SIZE.;Dámský komplet tunika a kalhoty | vmobleceni.cz
471386;Dámská tylová sukně s leopardím vzorem, polyester, velikost S/M/L ONE SIZE. Elegantní střih proStatement look. Objednejte nyní.;Sukně tylová leopard dámská S/M/L | vmobleceni.cz
107336;Dámský cardigan s kapucí, velikost S/M, 100% polyester. Italská móda s pohodlným střihem. Objevte jej v naší kolekci.;Dámský cardigan s kapucí S/M | vmobleceni.cz
107337;Dámský cardigan s kapucí, bavlna 95%, elastan 5%, velikost S/M. Teplý a pohodlný střih pro každodenní nošení. Objednejte na vmobleceni.cz.;Dámský cardigan s kapucí S/M | vmobleceni.cz
107372;Dámské tričko s krátkým rukávem a dírkovaným vzorem v neonové barvě, 100% polyester, velikosti S–L. Lehké a vzdušné pro letní styl. Objevte italskou módu.;Dámské tričko dírkované neonové S-L | vmobleceni.cz
110643;Dámské tričko s 3/4 rukávem TAMARA z italské módy. 90% bavlna, elastan, volnočasový střih, vel. M–XL. Pohodlné na každodenní nošení.;Dámské tričko 3/4 rukáv TAMARA | vmobleceni.cz
110644;Dámské tričko s 3/4 rukávem, bílé se vzorem květů, 100% polyester, velikosti S–M. Pohodlný střih pro každodenní nošení. Objednejte online.;Dámské tričko 3/4 rukáv květy S-M | vmobleceni.cz
111700;Dámské tričko s krátkým rukávem v proužkovém vzoru z 100% polyesteru, velikost S–M. Lehké, vzdušné a praktické. Najděte svůj styl.;Dámské tričko s krátkým rukávem proužek | vmobleceni.cz
111819;Bavlněné dámské tričko s krátkým rukávem, 94% bavlna, 6% elastan, velikosti S–L. Pohodlný střih, italská móda. Objednejte online.;Dámské tričko s krátkým rukávem S–L | vmobleceni.cz
112134;Dámské květované tričko s krátkým rukávem z 100% polyesteru, velikosti S–L. Lehké, pohodlné a snadné na údržbu. Objevte italský styl.;Dámské tričko květované S-L | vmobleceni.cz
113131;Dámské tričko s krátkým rukávem a květovaným vzorem, 100% polyester, velikosti S–L. Pohodlné a lehké, ideální na léto. Vyberte si své oblíbené.;Dámské tričko květované S-L | vmobleceni.cz
116432;Mikina s límcem tenká dámská, 100% polyester, velikosti S–L. Lehká a průsvitná, ideální na léto. Vyberte si správnou velikost.;Mikina s límcem dámská S–L | vmobleceni.cz
195750;Dámské tričko s 3/4 rukávem z 95% bavlny, velikosti L–XL. Pohodlný střih s elastanem. Najděte své tričko teď.;Dámské tričko 3/4 rukáv L-XL | vmobleceni.cz
195751;Dámské tričko s 3/4 rukávem, bavlna 95%, elastan 5%, velikosti L–XL. Pohodlný střih pro každodenní nošení. Objednejte si teď.;Dámské tričko 3/4 rukáv L-XL | vmobleceni.cz
404891;Dámské šaty s krátkým rukávem, velikost 54/56 (ONE SIZE), 95 % viskoza. Nadrozměrné italské šaty na každodenní nošení i do práce. Objednejte online.;Dámské šaty krátký rukáv nadrozměr 54/56 | vmobleceni.cz
408464;Dámské letní harémky z 100% viskózy s rozparkem, velikosti S–XL. Pohodlné kalhoty na pas 70–120 cm pro teplé dny. Objednejte si nyní.;Dámské letní kalhoty harémky viskóza | vmobleceni.cz
408465;Dlouhé letní dámské kalhoty volného střihu s kapsami, 95% polyester, pas 70–120 cm. ONE SIZE S/M/L/XL. Pohodlné na léto. Vyberte si své | vmobleceni.cz;Dlouhé letní dámské kalhoty volné ONE SIZE | vmobleceni.cz
417900;Letní harémky dámské ITALSKÁ MÓDA, velikost 42–46 (ONE SIZE), 50 % polyester, viskoza, elastan. Guma v pase, délka 101 cm. Pohodlné na každodenní nošení a k moři.;Kalhoty harémky letní dámské 42-46 | vmobleceni.cz
421361;Harémky letní dlouhé dámské, 95% polyester, elastan, ONE SIZE S/M/L. Pohodlné italské kalhoty s volným střihem pro léto. Objednejte nyní.;Kalhoty harémky letní dámské | vmobleceni.cz
422097;Dlouhá dámská sukně LAYA z italské módy, 100% polyester, pas 70–130 cm. Univerzální ONE SIZE pro velikosti 46–54, s gumou v pase. Ideální na každodenní nošení, do práce i k moři.;Dlouhá sukně dámská LAYA ONE SIZE | vmobleceni.cz
423074;Harémky aladinky letní dámské JASMINA z 100% viskózy, ONE SIZE (S/M/L), guma v pase 68–114 cm. Lehký, vzdušný střih na každodenní nošení i k moři.;Harémky aladinky letní dámské JASMINA | vmobleceni.cz
423075;Letní dámské kalhoty oversize z 100% viskózy s gumou v pase, pas 66–102 cm. Ideální na každodenní nošení i do práce. Objednejte si nyní.;Letní kalhoty dámské oversize 100% viskóza | vmobleceni.cz
448317;Bavlněné volnočasové šaty s krátkým rukávem pro nadrozměr, velikosti 50–54, s kapsami a elastanem. Pohodlné na každodenní nošení i do práce. Objevte italskou módu.;Šaty nadrozměrné bavlněné XXL krátký rukáv | vmobleceni.cz
451375;Tunika letní krátký rukáv dámská nadrozměr SYNDY, velikosti 50–54, 95 % polyester. Pohodlný střih na každodenní nošení i do práce. Najděte svou velikost.;Tunika krátký rukáv dámská nadrozměr 50-54 | vmobleceni.cz
451523;Letní šaty z 100% bavlny s krátkým rukávem, nadrozměr ONE SIZE (44/46/48). Mušelínový střih italské módy pro ženy: prsa 110cm, boky 120cm. Pohodlné a vzdušné.;Šaty letní mušelín nadrozměr XXL | vmobleceni.cz
469983;Dámská tunika s krátkým rukávem z viskózy, nadrozměr 54–58, ideální na každodenní nošení. Pohodlný střih pro ženy s větší postavou. Objednejte online.;Tunika krátký rukáv nadrozměr XXL | vmobleceni.cz
469986;Dámská tunika krátký rukáv nadrozměr 54–58, viskoza s lycrou. Pohodlný střih na každodenní nošení a do práce. Objednejte online.;Tunika krátký rukáv nadrozměr dámská 54–58 | vmobleceni.cz
470366;Elegantní dámská košile BARBARA s krátkým rukávem, materiál polyester-viskoza-elastan, velikosti S–L. Ideální na každodenní nošení i do práce. Objevte italskou módu.;Dámská košile krátký rukáv BARBARA | vmobleceni.cz
470428;Dámské volnočasové kalhoty ELEN s páskem, elastický pas 70–102 cm, kapsy, polyester-viskoza, univerzální ONE SIZE. Pohodlné do práce i volného času.;Dámské volnočasové kalhoty s páskem ELEN | vmobleceni.cz
470434;Letní dámské kalhoty EVA nadrozměr s gumou v pase, velikosti 42–46, z polyesteru a viskózy. Pohodlné na každodenní nošení i do práce. Koupit online.;Letní dámské kalhoty nadrozměr EVA 42-46 | vmobleceni.cz
470710;Džínové šaty na ramínka v nadrozměru 50–54, bavlněné s elastanem. Stahovací střih s kapsami, letní délka. Pohodlné a prodyšné pro plážové nošení.;Džínové šaty nadrozměr 50-54 s kapsami | vmobleceni.cz
471078;Dámská halenka s krátkým rukávem z 100% polyesteru, velikosti 50–54, ideální na každodenní nošení a do práce. Pohodlný střih pro nadrozměr. Objednejte si svou.;Halenka krátký rukáv dámské nadrozměr 50-54 | vmobleceni.cz
471103;Dámská mušelínová košile s krátkým rukávem, 100% bavlna, nadrozměr 50–54 (ONE SIZE). Pohodlný střih pro plnější postavu. Koupit online.;Dámská košile mušelínová nadrozměr 50–54 | vmobleceni.cz
471104;Letní dámské kalhoty z 100 % viskózy, velikosti S–L, pas 70–96 cm. Vzdušné, pohodlné, ideální na léto. Vyberte si svou velikost.;Letní dámské kalhoty viskóza S–L | vmobleceni.cz
471105;Letní dámské šaty s kapsami, krátký rukáv, bavlna s elastanem. Nadrozměr 46–50, ONE SIZE. Pohodlný střih pro plážové i volnočasové nošení.;Šaty letní s kapsami nadrozměr | vmobleceni.cz
471106;Letní košilové šaty z 100% bavlny pro dámy nadrozměru (54–58). Volný střih, krátký rukáv, ideální na pláž i do města. Objednejte si nyní.;Letní košilové šaty nadrozměr 54-58 | vmobleceni.cz
471107;Letní volnočasové šaty pro dámy v nadrozměru 46–50, krátký rukáv, viskóza s polyesterem. Pohodlný střih pro teplé dny. Koupit online.;Letní šaty nadrozměr 46-50 volnočasové | vmobleceni.cz
471108;Letní dámské kalhoty nadrozměr ONE SIZE 48–52, pas 68–140 cm, pohodlný střih od italské módy. Perfektní volba pro větší velikosti.;Letní dámské kalhoty nadrozměr 48-52 | vmobleceni.cz
471171;Letní šaty s puntíkem, krátký rukáv, velikosti 48–52 (XXL+). Polyester s viskózou, volný střih na každodenní nošení. Včetně kabelky.;Šaty letní nadrozměr s kabelkou puntík | vmobleceni.cz
471182;Dlouhá dámská sukně v nadrozměru 44–48, italský design z viskózy s polyamidem. Pas 64–110 cm, délka 88 cm. Pohodlný střih pro plnější postavu.;Dlouhá sukně dámská nadrozměr 44–48 | vmobleceni.cz
471183;Dámské tričko s krátkým rukávem z 100% bavlny, nadrozměr 54–58 ONE SIZE, prsa 140–150 cm. Pohodlné a vzdušné. Koupit teď.;Dámské tričko krátký rukáv nadrozměr 54–58 | vmobleceni.cz
471184;Letní dámské šaty s krátkým rukávem z 100% polyesteru, velikosti 50–54 (ONE SIZE). Pohodlný volnočasový střih pro nadrozměrné postavy. Objednejte online.;Letní šaty krátký rukáv nadrozměr 50-54 | vmobleceni.cz
471204;Dámské letní kalhoty TARA ze 100 % tencel, volnočasový střih s gumou v pase a kapsami, velikost S/M/L ONE SIZE. Ideální pro teplé dny. Objevte italskou módu.;Dámské letní kalhoty TARA tencel | vmobleceni.cz
471208;Dlouhé letní dámské kalhoty INES nadrozměr ONE SIZE (42–46), bavlna s lyocelem, pružný pas a kapsy. Pohodlné volnočasové kalhoty pro teplé dny. Koupit nyní.;Dámské kalhoty nadrozměr INES letní | vmobleceni.cz
471217;Letní dámské kalhoty LORA z viskózy s elastanem, volný střih na gumu, velikosti S–L. Pohodlné na každodenní nošení, italská kvalita.;Letní dámské kalhoty LORA S-L | vmobleceni.cz
471223;Košilové šaty s puntíkem, krátký rukáv, viskóza s elastanem, nadrozměr 40–44. Pohodlné na každodenní nošení i do práce. Objednejte.;Košilové šaty puntík krátký rukáv nadrozměr | vmobleceni.cz
471227;Džínové letní šaty na ramínka s kapsami, stahovací střih. Bavlna a nylon, velikosti M/L/XL. Ideální na každodenní nošení a do práce.;Džínové letní šaty na ramínka s kapsami | vmobleceni.cz
471244;Letní dámské kalhoty z 100% tencel, velikosti 50–54, volný střih na gumě, s kapsami. Ideální pro nadrozměr. Objednejte online.;Letní kalhoty dámské nadrozměr 50-54 | vmobleceni.cz
471301;Dámská halenka nadrozměr s 3/4 rukávem, vel. 50–54 (ONE SIZE), 95 % viskoza. Pohodlný střih pro ženy s větší silhouetou. Objednejte online.;Halenka nadrozměr 3/4 rukáv dámská | vmobleceni.cz
471369;Společenské šaty s krátkým rukávem, lesklý polyester, zip na zádech a páskem v pase. Velikosti 36–54. Ideální pro večerní příležitosti.;Společenské šaty krátký rukáv 36-54 | vmobleceni.cz
471389;Dlouhé oversize kalhoty RENATE z viskózy pro dámy 42–50, guma v pase, ideální na léto i do práce. Italská móda s elastanem.;Dámské kalhoty oversize RENATE nadrozměr | vmobleceni.cz
393460;Koženkové zateplené legíny pro dámy, velikosti S/M až XL/2XL. 95 % polyester, elastické, vhodné na každodenní nošení i do práce. Objevte pohodlné legíny.;Legíny koženkové zateplené dámské S-2XL | vmobleceni.cz
471529;Dlouhé dámské šaty LUISA s krátkým rukávem, 98 % bavlna, kapsy, velikosti M–XL. Pohodlné volnočasové šaty na každodenní nošení. Objevte italskou módu.;Dlouhé šaty krátký rukáv dámské LUISA | vmobleceni.cz
472476;Dlouhé letní šaty DEISA s krátkým rukávem z viskózy nebo bavlny s elastanem, velikosti S–L. Pohodlné na každodenní nošení i do práce. Objednejte teď.;Dlouhé letní šaty krátký rukáv dámské | vmobleceni.cz
379552;Dlouhé dámské legíny džegíny v rozsahu velikostí S/M až XL/2XL. Turecká móda s pohodlným střihem. Objevte kvalitní legíny pro každodenní nošení.;Legíny džegíny dámské dlouhé S-2XL | vmobleceni.cz
324226;Dlouhé letní šaty na ramínka z polyesteru s elastanem, rozparek, velikosti S–2XL. Pohodlný střih pro všechny postavy. Objednejte si italskou módu.;Šaty dlouhé letní na ramínka dámské S–2XL | vmobleceni.cz
371936;Dlouhé letní šaty na ramínka z italské módy, 100% polyester, velikost S/M. Vzdušné, elegantní, pro každodenní nošení i slavnostní příležitosti. Objednejte online.;Dlouhé letní šaty na ramínka dámské S/M | vmobleceni.cz
421363;Dlouhé letní mušelínové šaty ze 100% bavlny s krátkým rukávem, zavinovacím výstřihem a stahováním v pase. Velikost ONE SIZE (S/M/L), délka 117 cm. Objevte pohodlné šaty na léto.;Dlouhé mušelínové šaty letní dámské | vmobleceni.cz
422733;Letní dámské šaty bez rukávu z polyesteru, nadrozměr 48/50 ONE SIZE. Prsa 112 cm, délka 125 cm. Ideální pro teplé dny. Objednejte nyní.;Šaty letní bez rukávu dámské nadrozměr | vmobleceni.cz
424002;Dlouhé mušelínové šaty HANNAH z 100% bavlny s krátkým rukávem a páskem. Velikosti M–XL, pas na gumu 74–114 cm. Pohodlné na každodenní nošení, do práce i k moři.;Šaty letní mušelínové s páskem dámské | vmobleceni.cz
432658;Dlouhá saténová sukně dámská na gumě, 100% polyester, velikost S/M, délka 92 cm. Elastický pas, pohodlná pro každodenní nošení i do práce. Objednejte nyní.;Sukně dlouhá saténová dámská S/M | vmobleceni.cz
447376;Letní krajková souprava s croptopem na ramínka a kraťasy, velikost XS/S/M. Italská móda, pas 80–90 cm, ideální pro teplé dny. Objednejte nyní.;Letní krajková souprava dámská | vmobleceni.cz
448236;Letní dámské šaty na ramínka z italské módy, 95% viskoza, velikosti XS–M. Vzdušné a pohodlné pro teplé dny. Objednejte si nyní.;Letní dámské šaty na ramínka | vmobleceni.cz
450043;Elegantní dámský komplet s tunikou a kalhoty, velikosti 50–54 (ONE SIZE). Polyester, viskoza, elastan. Letní look na společenské akce a dovolenou.;Dámský elegantní komplet nadrozměr | vmobleceni.cz
450946;Krátké letní šaty na ramínka ze směsi viskózy a spandexu, velikost ONE SIZE (S/M/L), přes prsa i boky 90–110 cm. Italská móda s žebrovaným střihem a širokými ramínky.;Krátké letní šaty na ramínka dámské | vmobleceni.cz
469857;Dámská halenka s krátkým rukávem v nadrozměrech 50–54, viskóza a polyester, ideální na každodenní nošení. Najděte svou velikost.;Halenka krátký rukáv nadrozměr 50-54 | vmobleceni.cz
470808;Letní dámské šaty s krátkým rukávem nadrozměr 42–46, bavlněné s kapsami. Volné pro každodenní nošení. Objevte italskou módu na vmobleceni.cz.;Letní šaty nadrozměr krátký rukáv | vmobleceni.cz
471351;Dlouhé dámské kalhoty oversize KAROL z viskózy, polyesteru a elastanu, velikost ONE SIZE (42–46). Guma v pase, kapsy, lehké na léto. Pohodlné na každodenní nošení i do práce.;Kalhoty oversize dámské nadrozměr XXL | vmobleceni.cz
471395;Letní dlouhé dámské háremky TAMARA z italské módy, 95 % polyester, velikosti 48–52 (pas 80–132 cm). Pohodlné kalhoty na gumě pro každodenní nošení a práci. Objednejte online.;Dámské letní háremky dlouhé nadrozměr | vmobleceni.cz
471432;Elegantní dámské kalhoty s páskem z viskózy, polyamidu a elastanu. Univerzální velikost ONE SIZE, pas 64–98 cm. Pohodlné na každodenní nošení i do práce.;Elegantní kalhoty dámské s páskem ONE SIZE | vmobleceni.cz
471466;Strečové dámské kalhoty LUCIA z viskózy s elastanem, velikost S–L (one size až XL), s gumou v pase a kapsami. Pohodlné na každodenní nošení a do práce.;Dámské strečové kalhoty LUCIA | vmobleceni.cz
471613;Dámské letní šaty oversize s krajkou, 3/4 rukáv, viskóza s elastanem. Velikosti 50–54, volný střih pro pohodlí. Objevte italskou módu.;Šaty krajkové letní oversize dámské | vmobleceni.cz
471614;Letní oversize šaty z viskózy s dlouhým rukávem, velikosti 50–54 (ONE SIZE). Pohodlný střih pro nadrozměr, délka 93 cm. Objevte italskou módu na vmobleceni.cz.;Letní oversize šaty nadrozměr 50-54 | vmobleceni.cz
471624;Letní dámské kalhoty MAYA ze 100% viskózy, zavinovací střih, gumička v pase, velikost M/L/XL ONE SIZE. Pohodlné na každodenní nošení i do práce. Objednejte online.;Letní dámské kalhoty zavinovací MAYA | vmobleceni.cz
471745;Dámské volnočasové kalhoty AMANDA, bavlna-nylon mix, pás na gumu, velikosti 40–46. Pohodlné na každodenní nošení, italská móda. Objevte elastické kalhoty nyní.;Kalhoty nadrozměr dámské AMANDA 40–46 | vmobleceni.cz
471771;Šifonové plisované společenské šaty s krátkým rukávem pro dámy nadrozměru 46–52. Viskóza s elastanem, spodničkou a délkou 124 cm. Vhodné do práce i na akce.;Šaty nadrozměrné šifonové plisované krátký rukáv | vmobleceni.cz
471874;Dámská souprava tunika oversize a kalhoty LOTA, viskóza s elastanem, velikosti S-XL. Pohodlný střih pro každodenní nošení s volnými rukávy a gumovým pasem.;Dámská souprava tunika a kalhoty LOTA | vmobleceni.cz
471937;Dámské dlouhé teplákové kalhoty EMILY s laclem, 95% bavlna, velikost S/M/L, s kapsami. Pohodlné na každodenní nošení. Objevte kvalitu.;Dámské teplákové kalhoty s laclem EMILY | vmobleceni.cz
471988;Letní dámské kalhoty TERNA z viskózy s gumou v pase a kapsami, velikost S/M/L. Pohodlné na každodenní nošení i k moři. Objevte kolekci.;Letní kalhoty dámské s páskem TERNA | vmobleceni.cz
471994;Elegantní dámské balonové tepláky z viskózy s elastanem, dlouhé s kapsami a gumou v pase. Oversize střih S–L, pas 70–108 cm. Pohodlné na volný čas i do práce.;Elegantní balonové tepláky dámské | vmobleceni.cz
472062;Dámská tunika NINA s krátkým rukávem z viskózy pro nadrozměr (42–46). Pohodlný střih na každodenní nošení, řasená na bocích, délka 80 cm. Objednejte si nyní.;Tunika krátký rukáv dámské nadrozměr NINA | vmobleceni.cz
472135;Letní dámské šaty s kapsami, krátký rukáv, bavlněné (95 % bavlna), nadrozměr 48–52, délka 105 cm. Pohodlné a praktické pro volný čas.;Dámské letní šaty s kapsami nadrozměr | vmobleceni.cz
472136;Letní volnočasové šaty s kapsami, krátký rukáv, bavlna 95%, nadrozměr 48–52. Pohodlný střih pro plnější postavy. Objednejte online.;Letní šaty nadrozměr s kapsami | vmobleceni.cz
472141;Dámské outdoorové kalhoty s páskem, volnočasový střih na gumu 64–106 cm, materiál polyamid s elastanem, kapsy, na každodenní nošení. Pohodlné a praktické.;Dámské outdoorové kalhoty s páskem ONE SIZE | vmobleceni.cz
472172;Dámská slabá bunda na dlouhý rukáv v nadrozměru ONE SIZE (44–48), bavlněná s elastanem. Perfektní na jaro a podzim. Objevte pohodlný střih pro větší konfekce.;Dámská bunda nadrozměr 44–48 jarní | vmobleceni.cz
472176;Elegantní dámské sako s 3/4 rukávem z bavlny a polyesteru, velikost S–L. Na knoflík, ideální na práci i každodenní nošení. Objednejte nyní.;Dámské sako 3/4 rukáv elegantní | vmobleceni.cz
472178;Elegantní dámské sako s dlouhým rukávem, nadrozměr 48–52, 120–130 cm na prsou. Viskóza, polyester, elastan. Najděte svou velikost.;Dámské sako elegantní nadrozměr 48-52 | vmobleceni.cz
472179;Košilové šaty dámské nadrozměr (46–50, ONE SIZE) z 100% polyesteru. Volný střih, krátký rukáv, délka 115 cm. Pohodlné šaty pro ženy s větší postavou.;Šaty košilové nadrozměr dámské | vmobleceni.cz
472333;Letní dámské kalhoty s gumou v pase, dlouhé, riflové, 65% polyester, velikost S/M/L. Pohodlné na každodenní nošení. Objednejte si nyní.;Dámské letní kalhoty riflové S/M/L | vmobleceni.cz
472362;Dámské letní aladinky z 100% viskózy, ONE SIZE (S/M/L), s pružným pasem a kapsami. Lehké, vzdušné kalhoty pro horké dny. Objednejte nyní.;Dámské letní aladinky viskóza | vmobleceni.cz
472403;Dlouhé plisované šaty s krátkým rukávem pro ženy velikostí 46–50, z polyesteru nebo viskózy. Elegantní střih do práce i slavnostních akcí se spodničkou. Objevte italskou módu JENNE.;Šaty dlouhé plisované krátký rukáv XXL | vmobleceni.cz
472482;Volnočasové šaty s krátkým rukávem pro dámy v nadrozměru (42–46). Pohodlný střih z bavlny a elastanu, ideální na každodenní nošení. Objevte kolekci CAMELA.;Šaty letní krátký rukáv dámské nadrozměr | vmobleceni.cz
472486;Dlouhé letní šaty KARLA s páskem a krátkým rukávem. Viskóza a polyester, velikosti S–L. Pohodlné na každodenní nošení i do práce.;Dlouhé letní šaty s páskem krátký rukáv | vmobleceni.cz
472658;Dlouhé letní kalhoty z 100% bavlny pro dámy nadrozměr (46–50), s gumou v pase. Pohodlné na denní nošení, pas 80–120 cm. Objednejte si svou velikost.;Dlouhé letní kalhoty nadrozměr 46-50 | vmobleceni.cz
472659;Letní dámské šaty s krátkým rukávem z 100% bavlny, vel. S/M/L. Pohodlný střih pro každodenní nošení, prsa 90-110 cm, délka 88 cm. Objednejte nyní.;Dámské letní šaty krátký rukáv bavlna | vmobleceni.cz
120834;Dámské tričko s krátkým rukávem a květinovým vzorem z 95% bavlny a 5% elastanu. Pohodlný střih, univerzální velikost. Objednejte online.;Dámské květované tričko s krátkým rukávem | vmobleceni.cz
472924;Elegantní dámské šaty s krátkým rukávem a řasením, velikosti S–L, z italské módy. Kombinace viskózy, polyesteru a elastanu. Přiléhavý střih pro všechny příležitosti.;Šaty elegantní krátký rukáv s řasením | vmobleceni.cz
446364;Dlouhé letní šaty s krátkým rukávem z viskózy a bavlny, žebrovaný střih, velikosti XS–L. Pohodlné na každodenní nošení i do práce. Objednejte teď.;Dlouhé letní šaty krátký rukáv | vmobleceni.cz
448112;Dlouhá dámská sukně s kapsami z 100% viskózy, velikosti M–XL, s gumou v pase. Pohodlná na každodenní nošení, do práce i k moři. Objednejte si italskou módu.;Dlouhá sukně s kapsami dámská M–XL | vmobleceni.cz
473938;Dámské tričko s krátkým rukávem ze 90% bavlny a 10% elastanu. Kulatý výstřih, rozměry přes prsa 86–100 cm. Pohodlné a prodyšné pro jaro a léto.;Dámské tričko krátký rukáv bavlna | vmobleceni.cz
429828;Elegantní společenské šaty bez rukávu pro ženy, velikosti 42–52. Polyester, viskoza, elastan. Vhodné na svatby, plesy a večírky. Objednejte nyní.;Společenské šaty bez rukávu nadrozměr 42-52 | vmobleceni.cz
474578;Strečové dámské kalhoty v nadrozměru 50–54, ONE SIZE, 76 % bavlna, pas 88–140 cm. Pohodlný střih pro plnoštíhlé ženy. Oblékněte si komfort.;Dámské kalhoty nadrozměr strečové 50–54 | vmobleceni.cz
474558;Letní bavlněné šaty s krátkým rukávem pro každodenní nošení, velikost S–L. Pohodlný střih s páskem a spodničkou. Najděte svůj styl.;Letní šaty bavlněné krátký rukáv | vmobleceni.cz
455033;Volnočasové letní šaty z mušelínu, 95 % bavlna, 3/4 rukáv, pas 66–130 cm. Pohodlné a vzdušné pro letní dny. Vyberte si svou velikost.;Letní mušelínové šaty 3/4 rukáv | vmobleceni.cz
473584;Letní mušelínové šaty s krátkým rukávem z 100% bavlny, ideální na každodenní nošení i k moři. Volný střih, dostupné v One Size. Objednejte nyní.;Šaty letní mušelín krátký rukáv dámské | vmobleceni.cz
474863;Letní cardigan z 100% bavlny s háčkovaným krajkovým vzorem a 3/4 rukávy. Bílý, velikosti S/M/L, se šňůrkováním na pas. Elegantní a prodyšný kus na léto.;Letní cardigan 3/4 rukáv dámský bílý | vmobleceni.cz
474880;Elegantní společenské šaty s krátkým rukávem pro dámy vel. 40–50, tmavě modré, polyester s elastanem. Ideální na plesy, svatby a večírky. Najděte svůj styl.;Společenské šaty nadrozměr tmavě modré | vmobleceni.cz
474881;Elegantní společenské šaty s krátkým rukávem, nadrozměr 42–44, visková tkanina. Ideální na plesy, svatby a večírky. Zapínání na zip, nastavitelný pas.;Šaty společenské nadrozměr 42–44 růžové | vmobleceni.cz
463513;Strečové dámské kalhoty nadrozměr 50–54, ONE SIZE, viskóza s elastanem. Pružný pas 80–140 cm, ideální pro plnější postavu. Italská móda na vmobleceni.cz.;Kalhoty strečové dámské nadrozměr 50-54 | vmobleceni.cz
474887;Strečové dámské kalhoty nadrozměr pro velikosti 50–54, elastické v pase 80–140 cm. Viskóza s elastanem, černé. Pohodlný střih pro plnoštíhlé postavy.;Kalhoty strečové dámské nadrozměr 50-54 | vmobleceni.cz
453715;Bavlněné letní šaty PAOLA s krátkým rukávem pro nadrozměr 50–54. Pohodlný střih z italské módy, tmavě modrá barva. Dokonalé pro volný čas.;Bavlněné šaty nadrozměr PAOLA 50–54 | vmobleceni.cz
453716;Bavlněné letní šaty PAOLA s krátkým rukávem, italská móda. Volnočasový střih pro ženy vel. 50–54 (XL–3XL), tmavě růžové. Pohodlné a vzdušné.;Šaty nadrozměrné bavlněné letní PAOLA 50–54 | vmobleceni.cz
